INSERT INTO cscart_also_bought_products (`product_id`, `related_id`, `amount`) VALUES ('812', '1052', '1');
INSERT INTO cscart_also_bought_products (`product_id`, `related_id`, `amount`) VALUES ('812', '1061', '1');
INSERT INTO cscart_also_bought_products (`product_id`, `related_id`, `amount`) VALUES ('1052', '812', '1');
INSERT INTO cscart_also_bought_products (`product_id`, `related_id`, `amount`) VALUES ('1052', '1061', '1');
INSERT INTO cscart_also_bought_products (`product_id`, `related_id`, `amount`) VALUES ('1061', '812', '1');
INSERT INTO cscart_also_bought_products (`product_id`, `related_id`, `amount`) VALUES ('1061', '1052', '1');
INSERT INTO cscart_also_bought_products (`product_id`, `related_id`, `amount`) VALUES ('809', '1030', '1');
INSERT INTO cscart_also_bought_products (`product_id`, `related_id`, `amount`) VALUES ('809', '1045', '1');
INSERT INTO cscart_also_bought_products (`product_id`, `related_id`, `amount`) VALUES ('809', '1108', '1');
INSERT INTO cscart_also_bought_products (`product_id`, `related_id`, `amount`) VALUES ('1030', '809', '1');
INSERT INTO cscart_also_bought_products (`product_id`, `related_id`, `amount`) VALUES ('1030', '1045', '1');
INSERT INTO cscart_also_bought_products (`product_id`, `related_id`, `amount`) VALUES ('1030', '1108', '1');
INSERT INTO cscart_also_bought_products (`product_id`, `related_id`, `amount`) VALUES ('1045', '809', '1');
INSERT INTO cscart_also_bought_products (`product_id`, `related_id`, `amount`) VALUES ('1045', '1030', '1');
INSERT INTO cscart_also_bought_products (`product_id`, `related_id`, `amount`) VALUES ('1045', '1108', '1');
INSERT INTO cscart_also_bought_products (`product_id`, `related_id`, `amount`) VALUES ('1108', '809', '1');
INSERT INTO cscart_also_bought_products (`product_id`, `related_id`, `amount`) VALUES ('1108', '1030', '1');
INSERT INTO cscart_also_bought_products (`product_id`, `related_id`, `amount`) VALUES ('1108', '1045', '1');
INSERT INTO cscart_also_bought_products (`product_id`, `related_id`, `amount`) VALUES ('809', '812', '1');
INSERT INTO cscart_also_bought_products (`product_id`, `related_id`, `amount`) VALUES ('809', '823', '1');
INSERT INTO cscart_also_bought_products (`product_id`, `related_id`, `amount`) VALUES ('809', '826', '1');
INSERT INTO cscart_also_bought_products (`product_id`, `related_id`, `amount`) VALUES ('812', '809', '1');
INSERT INTO cscart_also_bought_products (`product_id`, `related_id`, `amount`) VALUES ('812', '823', '1');
INSERT INTO cscart_also_bought_products (`product_id`, `related_id`, `amount`) VALUES ('812', '826', '1');
INSERT INTO cscart_also_bought_products (`product_id`, `related_id`, `amount`) VALUES ('823', '809', '1');
INSERT INTO cscart_also_bought_products (`product_id`, `related_id`, `amount`) VALUES ('823', '812', '1');
INSERT INTO cscart_also_bought_products (`product_id`, `related_id`, `amount`) VALUES ('823', '826', '1');
INSERT INTO cscart_also_bought_products (`product_id`, `related_id`, `amount`) VALUES ('826', '809', '1');
INSERT INTO cscart_also_bought_products (`product_id`, `related_id`, `amount`) VALUES ('826', '812', '1');
INSERT INTO cscart_also_bought_products (`product_id`, `related_id`, `amount`) VALUES ('826', '823', '1');
INSERT INTO cscart_banner_descriptions (`banner_id`, `banner`, `description`, `lang_code`) VALUES ('1', 'Build your PC', '', 'EN');
INSERT INTO cscart_banner_descriptions (`banner_id`, `banner`, `description`, `lang_code`) VALUES ('2', 'Special offer', '', 'EN');
INSERT INTO cscart_banners (`banner_id`, `url`, `status`, `type`, `target`, `localization`, `timestamp`) VALUES ('1', 'index.php?dispatch=products.view&product_id=1115', 'A', 'G', 'T', '', '1184702400');
INSERT INTO cscart_banners (`banner_id`, `url`, `status`, `type`, `target`, `localization`, `timestamp`) VALUES ('2', 'index.php?dispatch=promotions.list', 'D', 'G', 'T', '', '1184702400');
INSERT INTO cscart_categories (`category_id`, `parent_id`, `id_path`, `owner_id`, `usergroup_ids`, `status`, `product_count`, `position`, `timestamp`, `is_op`, `localization`, `age_verification`, `age_limit`, `parent_age_verification`, `parent_age_limit`, `selected_layouts`, `default_layout`, `product_details_layout`, `product_columns`) VALUES ('114', '113', '113/114', '0', '0', 'A', '3', '0', '1129645854', 'N', '', 'N', '0', 'N', '0', '', '', '', '0');
INSERT INTO cscart_categories (`category_id`, `parent_id`, `id_path`, `owner_id`, `usergroup_ids`, `status`, `product_count`, `position`, `timestamp`, `is_op`, `localization`, `age_verification`, `age_limit`, `parent_age_verification`, `parent_age_limit`, `selected_layouts`, `default_layout`, `product_details_layout`, `product_columns`) VALUES ('92', '87', '87/92', '0', '0', 'A', '6', '0', '1129645854', 'N', '', 'N', '0', 'N', '0', '', '', '', '0');
INSERT INTO cscart_categories (`category_id`, `parent_id`, `id_path`, `owner_id`, `usergroup_ids`, `status`, `product_count`, `position`, `timestamp`, `is_op`, `localization`, `age_verification`, `age_limit`, `parent_age_verification`, `parent_age_limit`, `selected_layouts`, `default_layout`, `product_details_layout`, `product_columns`) VALUES ('86', '85', '85/86', '0', '0', 'A', '7', '0', '1129645854', 'N', '', 'N', '0', 'N', '0', '', '', '', '0');
INSERT INTO cscart_categories (`category_id`, `parent_id`, `id_path`, `owner_id`, `usergroup_ids`, `status`, `product_count`, `position`, `timestamp`, `is_op`, `localization`, `age_verification`, `age_limit`, `parent_age_verification`, `parent_age_limit`, `selected_layouts`, `default_layout`, `product_details_layout`, `product_columns`) VALUES ('97', '95', '95/97', '0', '0', 'A', '5', '0', '1129645854', 'N', '', 'N', '0', 'N', '0', '', '', '', '0');
INSERT INTO cscart_categories (`category_id`, `parent_id`, `id_path`, `owner_id`, `usergroup_ids`, `status`, `product_count`, `position`, `timestamp`, `is_op`, `localization`, `age_verification`, `age_limit`, `parent_age_verification`, `parent_age_limit`, `selected_layouts`, `default_layout`, `product_details_layout`, `product_columns`) VALUES ('96', '95', '95/96', '0', '0', 'A', '6', '0', '1129645854', 'N', '', 'N', '0', 'N', '0', '', '', '', '0');
INSERT INTO cscart_categories (`category_id`, `parent_id`, `id_path`, `owner_id`, `usergroup_ids`, `status`, `product_count`, `position`, `timestamp`, `is_op`, `localization`, `age_verification`, `age_limit`, `parent_age_verification`, `parent_age_limit`, `selected_layouts`, `default_layout`, `product_details_layout`, `product_columns`) VALUES ('116', '113', '113/116', '0', '0', 'A', '5', '0', '1129645854', 'N', '', 'N', '0', 'N', '0', '', '', '', '0');
INSERT INTO cscart_categories (`category_id`, `parent_id`, `id_path`, `owner_id`, `usergroup_ids`, `status`, `product_count`, `position`, `timestamp`, `is_op`, `localization`, `age_verification`, `age_limit`, `parent_age_verification`, `parent_age_limit`, `selected_layouts`, `default_layout`, `product_details_layout`, `product_columns`) VALUES ('115', '113', '113/115', '0', '0', 'A', '3', '0', '1129645854', 'N', '', 'N', '0', 'N', '0', '', '', '', '0');
INSERT INTO cscart_categories (`category_id`, `parent_id`, `id_path`, `owner_id`, `usergroup_ids`, `status`, `product_count`, `position`, `timestamp`, `is_op`, `localization`, `age_verification`, `age_limit`, `parent_age_verification`, `parent_age_limit`, `selected_layouts`, `default_layout`, `product_details_layout`, `product_columns`) VALUES ('89', '87', '87/89', '0', '0', 'A', '7', '0', '1129645854', 'N', '', 'N', '0', 'N', '0', '', '', '', '0');
INSERT INTO cscart_categories (`category_id`, `parent_id`, `id_path`, `owner_id`, `usergroup_ids`, `status`, `product_count`, `position`, `timestamp`, `is_op`, `localization`, `age_verification`, `age_limit`, `parent_age_verification`, `parent_age_limit`, `selected_layouts`, `default_layout`, `product_details_layout`, `product_columns`) VALUES ('90', '87', '87/90', '0', '0', 'A', '3', '0', '1129645854', 'N', '', 'N', '0', 'N', '0', '', '', '', '0');
INSERT INTO cscart_categories (`category_id`, `parent_id`, `id_path`, `owner_id`, `usergroup_ids`, `status`, `product_count`, `position`, `timestamp`, `is_op`, `localization`, `age_verification`, `age_limit`, `parent_age_verification`, `parent_age_limit`, `selected_layouts`, `default_layout`, `product_details_layout`, `product_columns`) VALUES ('99', '85', '85/99', '0', '0', 'A', '6', '0', '1129645854', 'N', '', 'N', '0', 'N', '0', '', '', '', '0');
INSERT INTO cscart_categories (`category_id`, `parent_id`, `id_path`, `owner_id`, `usergroup_ids`, `status`, `product_count`, `position`, `timestamp`, `is_op`, `localization`, `age_verification`, `age_limit`, `parent_age_verification`, `parent_age_limit`, `selected_layouts`, `default_layout`, `product_details_layout`, `product_columns`) VALUES ('120', '119', '119/120', '0', '0', 'A', '3', '0', '1129645854', 'N', '', 'N', '0', 'N', '0', '', '', '', '0');
INSERT INTO cscart_categories (`category_id`, `parent_id`, `id_path`, `owner_id`, `usergroup_ids`, `status`, `product_count`, `position`, `timestamp`, `is_op`, `localization`, `age_verification`, `age_limit`, `parent_age_verification`, `parent_age_limit`, `selected_layouts`, `default_layout`, `product_details_layout`, `product_columns`) VALUES ('121', '119', '119/121', '0', '0', 'A', '2', '0', '1129645854', 'N', '', 'N', '0', 'N', '0', '', '', '', '0');
INSERT INTO cscart_categories (`category_id`, `parent_id`, `id_path`, `owner_id`, `usergroup_ids`, `status`, `product_count`, `position`, `timestamp`, `is_op`, `localization`, `age_verification`, `age_limit`, `parent_age_verification`, `parent_age_limit`, `selected_layouts`, `default_layout`, `product_details_layout`, `product_columns`) VALUES ('122', '85', '85/122', '0', '0', 'A', '7', '0', '1129645854', 'N', '', 'N', '0', 'N', '0', '', '', '', '0');
INSERT INTO cscart_categories (`category_id`, `parent_id`, `id_path`, `owner_id`, `usergroup_ids`, `status`, `product_count`, `position`, `timestamp`, `is_op`, `localization`, `age_verification`, `age_limit`, `parent_age_verification`, `parent_age_limit`, `selected_layouts`, `default_layout`, `product_details_layout`, `product_columns`) VALUES ('124', '119', '119/124', '0', '0', 'A', '2', '0', '1129645854', 'N', '', 'N', '0', 'N', '0', '', '', '', '0');
INSERT INTO cscart_categories (`category_id`, `parent_id`, `id_path`, `owner_id`, `usergroup_ids`, `status`, `product_count`, `position`, `timestamp`, `is_op`, `localization`, `age_verification`, `age_limit`, `parent_age_verification`, `parent_age_limit`, `selected_layouts`, `default_layout`, `product_details_layout`, `product_columns`) VALUES ('136', '129', '129/136', '0', '0', 'A', '3', '0', '1129645854', 'N', '', 'N', '0', 'N', '0', '', '', '', '0');
INSERT INTO cscart_categories (`category_id`, `parent_id`, `id_path`, `owner_id`, `usergroup_ids`, `status`, `product_count`, `position`, `timestamp`, `is_op`, `localization`, `age_verification`, `age_limit`, `parent_age_verification`, `parent_age_limit`, `selected_layouts`, `default_layout`, `product_details_layout`, `product_columns`) VALUES ('139', '87', '87/139', '0', '0', 'A', '6', '0', '1129645854', 'N', '', 'N', '0', 'N', '0', '', '', '', '0');
INSERT INTO cscart_categories (`category_id`, `parent_id`, `id_path`, `owner_id`, `usergroup_ids`, `status`, `product_count`, `position`, `timestamp`, `is_op`, `localization`, `age_verification`, `age_limit`, `parent_age_verification`, `parent_age_limit`, `selected_layouts`, `default_layout`, `product_details_layout`, `product_columns`) VALUES ('141', '129', '129/141', '0', '0', 'A', '1', '0', '1129645854', 'N', '', 'N', '0', 'N', '0', '', '', '', '0');
INSERT INTO cscart_categories (`category_id`, `parent_id`, `id_path`, `owner_id`, `usergroup_ids`, `status`, `product_count`, `position`, `timestamp`, `is_op`, `localization`, `age_verification`, `age_limit`, `parent_age_verification`, `parent_age_limit`, `selected_layouts`, `default_layout`, `product_details_layout`, `product_columns`) VALUES ('93', '0', '93', '0', '0', 'A', '1', '10', '1129645854', 'N', '', 'N', '0', 'N', '0', '', '', '', '0');
INSERT INTO cscart_categories (`category_id`, `parent_id`, `id_path`, `owner_id`, `usergroup_ids`, `status`, `product_count`, `position`, `timestamp`, `is_op`, `localization`, `age_verification`, `age_limit`, `parent_age_verification`, `parent_age_limit`, `selected_layouts`, `default_layout`, `product_details_layout`, `product_columns`) VALUES ('152', '93', '93/152', '0', '0', 'A', '7', '10', '1129645895', 'N', '', 'N', '0', 'N', '0', '', '', '', '0');
INSERT INTO cscart_categories (`category_id`, `parent_id`, `id_path`, `owner_id`, `usergroup_ids`, `status`, `product_count`, `position`, `timestamp`, `is_op`, `localization`, `age_verification`, `age_limit`, `parent_age_verification`, `parent_age_limit`, `selected_layouts`, `default_layout`, `product_details_layout`, `product_columns`) VALUES ('155', '129', '129/155', '0', '0', 'A', '5', '10', '1129645854', 'N', '', 'N', '0', 'N', '0', '', '', '', '0');
INSERT INTO cscart_categories (`category_id`, `parent_id`, `id_path`, `owner_id`, `usergroup_ids`, `status`, `product_count`, `position`, `timestamp`, `is_op`, `localization`, `age_verification`, `age_limit`, `parent_age_verification`, `parent_age_limit`, `selected_layouts`, `default_layout`, `product_details_layout`, `product_columns`) VALUES ('156', '85', '85/156', '0', '0', 'A', '3', '10', '1158307699', 'N', '', 'N', '0', 'N', '0', '', '', '', '0');
INSERT INTO cscart_categories (`category_id`, `parent_id`, `id_path`, `owner_id`, `usergroup_ids`, `status`, `product_count`, `position`, `timestamp`, `is_op`, `localization`, `age_verification`, `age_limit`, `parent_age_verification`, `parent_age_limit`, `selected_layouts`, `default_layout`, `product_details_layout`, `product_columns`) VALUES ('85', '0', '85', '0', '0', 'A', '0', '20', '1129645854', 'N', '', 'N', '0', 'N', '0', '', '', '', '0');
INSERT INTO cscart_categories (`category_id`, `parent_id`, `id_path`, `owner_id`, `usergroup_ids`, `status`, `product_count`, `position`, `timestamp`, `is_op`, `localization`, `age_verification`, `age_limit`, `parent_age_verification`, `parent_age_limit`, `selected_layouts`, `default_layout`, `product_details_layout`, `product_columns`) VALUES ('153', '93', '93/153', '0', '0', 'A', '7', '20', '1129645854', 'N', '', 'N', '0', 'N', '0', '', '', '', '0');
INSERT INTO cscart_categories (`category_id`, `parent_id`, `id_path`, `owner_id`, `usergroup_ids`, `status`, `product_count`, `position`, `timestamp`, `is_op`, `localization`, `age_verification`, `age_limit`, `parent_age_verification`, `parent_age_limit`, `selected_layouts`, `default_layout`, `product_details_layout`, `product_columns`) VALUES ('157', '85', '85/157', '0', '0', 'A', '5', '20', '1158317656', 'N', '', 'N', '0', 'N', '0', '', '', '', '0');
INSERT INTO cscart_categories (`category_id`, `parent_id`, `id_path`, `owner_id`, `usergroup_ids`, `status`, `product_count`, `position`, `timestamp`, `is_op`, `localization`, `age_verification`, `age_limit`, `parent_age_verification`, `parent_age_limit`, `selected_layouts`, `default_layout`, `product_details_layout`, `product_columns`) VALUES ('113', '0', '113', '0', '0', 'A', '0', '30', '1129645854', 'N', '', 'N', '0', 'N', '0', '', '', '', '0');
INSERT INTO cscart_categories (`category_id`, `parent_id`, `id_path`, `owner_id`, `usergroup_ids`, `status`, `product_count`, `position`, `timestamp`, `is_op`, `localization`, `age_verification`, `age_limit`, `parent_age_verification`, `parent_age_limit`, `selected_layouts`, `default_layout`, `product_details_layout`, `product_columns`) VALUES ('158', '85', '85/158', '0', '0', 'A', '4', '30', '1158319466', 'N', '', 'N', '0', 'N', '0', '', '', '', '0');
INSERT INTO cscart_categories (`category_id`, `parent_id`, `id_path`, `owner_id`, `usergroup_ids`, `status`, `product_count`, `position`, `timestamp`, `is_op`, `localization`, `age_verification`, `age_limit`, `parent_age_verification`, `parent_age_limit`, `selected_layouts`, `default_layout`, `product_details_layout`, `product_columns`) VALUES ('87', '0', '87', '0', '0', 'A', '0', '40', '1129645854', 'N', '', 'N', '0', 'N', '0', '', '', '', '0');
INSERT INTO cscart_categories (`category_id`, `parent_id`, `id_path`, `owner_id`, `usergroup_ids`, `status`, `product_count`, `position`, `timestamp`, `is_op`, `localization`, `age_verification`, `age_limit`, `parent_age_verification`, `parent_age_limit`, `selected_layouts`, `default_layout`, `product_details_layout`, `product_columns`) VALUES ('159', '85', '85/159', '0', '0', 'A', '3', '40', '1158321196', 'N', '', 'N', '0', 'N', '0', '', '', '', '0');
INSERT INTO cscart_categories (`category_id`, `parent_id`, `id_path`, `owner_id`, `usergroup_ids`, `status`, `product_count`, `position`, `timestamp`, `is_op`, `localization`, `age_verification`, `age_limit`, `parent_age_verification`, `parent_age_limit`, `selected_layouts`, `default_layout`, `product_details_layout`, `product_columns`) VALUES ('111', '0', '111', '0', '0', 'A', '5', '50', '1129645854', 'N', '', 'N', '0', 'N', '0', '', '', '', '0');
INSERT INTO cscart_categories (`category_id`, `parent_id`, `id_path`, `owner_id`, `usergroup_ids`, `status`, `product_count`, `position`, `timestamp`, `is_op`, `localization`, `age_verification`, `age_limit`, `parent_age_verification`, `parent_age_limit`, `selected_layouts`, `default_layout`, `product_details_layout`, `product_columns`) VALUES ('161', '85', '85/161', '0', '0', 'A', '3', '50', '1158322778', 'N', '', 'N', '0', 'N', '0', '', '', '', '0');
INSERT INTO cscart_categories (`category_id`, `parent_id`, `id_path`, `owner_id`, `usergroup_ids`, `status`, `product_count`, `position`, `timestamp`, `is_op`, `localization`, `age_verification`, `age_limit`, `parent_age_verification`, `parent_age_limit`, `selected_layouts`, `default_layout`, `product_details_layout`, `product_columns`) VALUES ('95', '0', '95', '0', '0', 'A', '0', '60', '1129645854', 'N', '', 'N', '0', 'N', '0', '', '', '', '0');
INSERT INTO cscart_categories (`category_id`, `parent_id`, `id_path`, `owner_id`, `usergroup_ids`, `status`, `product_count`, `position`, `timestamp`, `is_op`, `localization`, `age_verification`, `age_limit`, `parent_age_verification`, `parent_age_limit`, `selected_layouts`, `default_layout`, `product_details_layout`, `product_columns`) VALUES ('164', '85', '85/164', '0', '0', 'A', '2', '60', '1161072280', 'N', '', 'N', '0', 'N', '0', '', '', '', '0');
INSERT INTO cscart_categories (`category_id`, `parent_id`, `id_path`, `owner_id`, `usergroup_ids`, `status`, `product_count`, `position`, `timestamp`, `is_op`, `localization`, `age_verification`, `age_limit`, `parent_age_verification`, `parent_age_limit`, `selected_layouts`, `default_layout`, `product_details_layout`, `product_columns`) VALUES ('119', '0', '119', '0', '0', 'A', '0', '70', '1129645854', 'N', '', 'N', '0', 'N', '0', '', '', '', '0');
INSERT INTO cscart_categories (`category_id`, `parent_id`, `id_path`, `owner_id`, `usergroup_ids`, `status`, `product_count`, `position`, `timestamp`, `is_op`, `localization`, `age_verification`, `age_limit`, `parent_age_verification`, `parent_age_limit`, `selected_layouts`, `default_layout`, `product_details_layout`, `product_columns`) VALUES ('162', '85', '85/162', '0', '0', 'A', '2', '70', '1161072223', 'N', '', 'N', '0', 'N', '0', '', '', '', '0');
INSERT INTO cscart_categories (`category_id`, `parent_id`, `id_path`, `owner_id`, `usergroup_ids`, `status`, `product_count`, `position`, `timestamp`, `is_op`, `localization`, `age_verification`, `age_limit`, `parent_age_verification`, `parent_age_limit`, `selected_layouts`, `default_layout`, `product_details_layout`, `product_columns`) VALUES ('129', '0', '129', '0', '0', 'A', '0', '90', '1129645854', 'N', '', 'N', '0', 'N', '0', '', '', '', '0');
INSERT INTO cscart_category_descriptions (`category_id`, `lang_code`, `category`, `description`, `meta_keywords`, `meta_description`, `page_title`, `age_warning_message`) VALUES ('111', 'EN', 'DVD', '', '', '', '', '');
INSERT INTO cscart_category_descriptions (`category_id`, `lang_code`, `category`, `description`, `meta_keywords`, `meta_description`, `page_title`, `age_warning_message`) VALUES ('87', 'EN', 'Apparel', '', '', '', '', '');
INSERT INTO cscart_category_descriptions (`category_id`, `lang_code`, `category`, `description`, `meta_keywords`, `meta_description`, `page_title`, `age_warning_message`) VALUES ('89', 'EN', 'Shoes', '', '', '', '', '');
INSERT INTO cscart_category_descriptions (`category_id`, `lang_code`, `category`, `description`, `meta_keywords`, `meta_description`, `page_title`, `age_warning_message`) VALUES ('85', 'EN', 'Computers', '', '', '', '', '');
INSERT INTO cscart_category_descriptions (`category_id`, `lang_code`, `category`, `description`, `meta_keywords`, `meta_description`, `page_title`, `age_warning_message`) VALUES ('86', 'EN', 'Handhelds & PDAs', '', '', '', '', '');
INSERT INTO cscart_category_descriptions (`category_id`, `lang_code`, `category`, `description`, `meta_keywords`, `meta_description`, `page_title`, `age_warning_message`) VALUES ('90', 'EN', 'Women', '', '', '', '', '');
INSERT INTO cscart_category_descriptions (`category_id`, `lang_code`, `category`, `description`, `meta_keywords`, `meta_description`, `page_title`, `age_warning_message`) VALUES ('92', 'EN', 'Kids & Baby', '', '', '', '', '');
INSERT INTO cscart_category_descriptions (`category_id`, `lang_code`, `category`, `description`, `meta_keywords`, `meta_description`, `page_title`, `age_warning_message`) VALUES ('93', 'EN', 'Books', '', '', '', '', '');
INSERT INTO cscart_category_descriptions (`category_id`, `lang_code`, `category`, `description`, `meta_keywords`, `meta_description`, `page_title`, `age_warning_message`) VALUES ('95', 'EN', 'Audio & Video', '', '', '', '', '');
INSERT INTO cscart_category_descriptions (`category_id`, `lang_code`, `category`, `description`, `meta_keywords`, `meta_description`, `page_title`, `age_warning_message`) VALUES ('96', 'EN', 'Plasma TVs', '', '', '', '', '');
INSERT INTO cscart_category_descriptions (`category_id`, `lang_code`, `category`, `description`, `meta_keywords`, `meta_description`, `page_title`, `age_warning_message`) VALUES ('97', 'EN', 'DVD Recorders', '', '', '', '', '');
INSERT INTO cscart_category_descriptions (`category_id`, `lang_code`, `category`, `description`, `meta_keywords`, `meta_description`, `page_title`, `age_warning_message`) VALUES ('99', 'EN', 'Monitors & Projectors', '', '', '', '', '');
INSERT INTO cscart_category_descriptions (`category_id`, `lang_code`, `category`, `description`, `meta_keywords`, `meta_description`, `page_title`, `age_warning_message`) VALUES ('113', 'EN', 'Music', '', '', '', '', '');
INSERT INTO cscart_category_descriptions (`category_id`, `lang_code`, `category`, `description`, `meta_keywords`, `meta_description`, `page_title`, `age_warning_message`) VALUES ('114', 'EN', 'Blues', '', '', '', '', '');
INSERT INTO cscart_category_descriptions (`category_id`, `lang_code`, `category`, `description`, `meta_keywords`, `meta_description`, `page_title`, `age_warning_message`) VALUES ('115', 'EN', 'Classic Rock', '', '', '', '', '');
INSERT INTO cscart_category_descriptions (`category_id`, `lang_code`, `category`, `description`, `meta_keywords`, `meta_description`, `page_title`, `age_warning_message`) VALUES ('116', 'EN', 'Hard Rock & Metal', '', '', '', '', '');
INSERT INTO cscart_category_descriptions (`category_id`, `lang_code`, `category`, `description`, `meta_keywords`, `meta_description`, `page_title`, `age_warning_message`) VALUES ('119', 'EN', 'Cell Phones', '', '', '', '', '');
INSERT INTO cscart_category_descriptions (`category_id`, `lang_code`, `category`, `description`, `meta_keywords`, `meta_description`, `page_title`, `age_warning_message`) VALUES ('120', 'EN', 'Sanyo', '', '', '', '', '');
INSERT INTO cscart_category_descriptions (`category_id`, `lang_code`, `category`, `description`, `meta_keywords`, `meta_description`, `page_title`, `age_warning_message`) VALUES ('121', 'EN', 'palmOne', '', '', '', '', '');
INSERT INTO cscart_category_descriptions (`category_id`, `lang_code`, `category`, `description`, `meta_keywords`, `meta_description`, `page_title`, `age_warning_message`) VALUES ('122', 'EN', 'Desktops', '', '', '', '', '');
INSERT INTO cscart_category_descriptions (`category_id`, `lang_code`, `category`, `description`, `meta_keywords`, `meta_description`, `page_title`, `age_warning_message`) VALUES ('124', 'EN', 'Nokia', '', '', '', '', '');
INSERT INTO cscart_category_descriptions (`category_id`, `lang_code`, `category`, `description`, `meta_keywords`, `meta_description`, `page_title`, `age_warning_message`) VALUES ('129', 'EN', 'Sports & Outdoors', '', '', '', '', '');
INSERT INTO cscart_category_descriptions (`category_id`, `lang_code`, `category`, `description`, `meta_keywords`, `meta_description`, `page_title`, `age_warning_message`) VALUES ('136', 'EN', 'Basketball', '', '', '', '', '');
INSERT INTO cscart_category_descriptions (`category_id`, `lang_code`, `category`, `description`, `meta_keywords`, `meta_description`, `page_title`, `age_warning_message`) VALUES ('139', 'EN', 'Men', '', '', '', '', '');
INSERT INTO cscart_category_descriptions (`category_id`, `lang_code`, `category`, `description`, `meta_keywords`, `meta_description`, `page_title`, `age_warning_message`) VALUES ('141', 'EN', 'Swimming', '', '', '', '', '');
INSERT INTO cscart_category_descriptions (`category_id`, `lang_code`, `category`, `description`, `meta_keywords`, `meta_description`, `page_title`, `age_warning_message`) VALUES ('155', 'EN', 'Footwear', '', '', '', '', '');
INSERT INTO cscart_category_descriptions (`category_id`, `lang_code`, `category`, `description`, `meta_keywords`, `meta_description`, `page_title`, `age_warning_message`) VALUES ('153', 'EN', 'Computers & Internet', '', '', '', '', '');
INSERT INTO cscart_category_descriptions (`category_id`, `lang_code`, `category`, `description`, `meta_keywords`, `meta_description`, `page_title`, `age_warning_message`) VALUES ('152', 'EN', 'Children\'s Books', '', '', '', '', '');
INSERT INTO cscart_category_descriptions (`category_id`, `lang_code`, `category`, `description`, `meta_keywords`, `meta_description`, `page_title`, `age_warning_message`) VALUES ('156', 'EN', 'Computer Cases', '', '', '', '', '');
INSERT INTO cscart_category_descriptions (`category_id`, `lang_code`, `category`, `description`, `meta_keywords`, `meta_description`, `page_title`, `age_warning_message`) VALUES ('157', 'EN', 'Motherboards', '', '', '', '', '');
INSERT INTO cscart_category_descriptions (`category_id`, `lang_code`, `category`, `description`, `meta_keywords`, `meta_description`, `page_title`, `age_warning_message`) VALUES ('158', 'EN', 'Processors', '', '', '', '', '');
INSERT INTO cscart_category_descriptions (`category_id`, `lang_code`, `category`, `description`, `meta_keywords`, `meta_description`, `page_title`, `age_warning_message`) VALUES ('159', 'EN', 'Memory modules', '', '', '', '', '');
INSERT INTO cscart_category_descriptions (`category_id`, `lang_code`, `category`, `description`, `meta_keywords`, `meta_description`, `page_title`, `age_warning_message`) VALUES ('161', 'EN', 'Video Cards', '', '', '', '', '');
INSERT INTO cscart_category_descriptions (`category_id`, `lang_code`, `category`, `description`, `meta_keywords`, `meta_description`, `page_title`, `age_warning_message`) VALUES ('162', 'EN', 'Printers', '', '', '', '', '');
INSERT INTO cscart_category_descriptions (`category_id`, `lang_code`, `category`, `description`, `meta_keywords`, `meta_description`, `page_title`, `age_warning_message`) VALUES ('164', 'EN', 'Modems', '', '', '', '', '');
INSERT INTO cscart_conf_class_descriptions (`class_id`, `lang_code`, `class_name`) VALUES ('1', 'EN', 'AMD Processors (1,2,3,4,5)');
INSERT INTO cscart_conf_class_descriptions (`class_id`, `lang_code`, `class_name`) VALUES ('2', 'EN', 'AMD MB (1,2,3,4,5)');
INSERT INTO cscart_conf_class_descriptions (`class_id`, `lang_code`, `class_name`) VALUES ('3', 'EN', 'Intel Processors (6,7,8,9,10)');
INSERT INTO cscart_conf_class_descriptions (`class_id`, `lang_code`, `class_name`) VALUES ('4', 'EN', 'Intel MB (6,7,8,9,10)');
INSERT INTO cscart_conf_class_descriptions (`class_id`, `lang_code`, `class_name`) VALUES ('5', 'EN', 'Intel Memory (1,2,3,4,5)');
INSERT INTO cscart_conf_class_descriptions (`class_id`, `lang_code`, `class_name`) VALUES ('6', 'EN', 'Hynix Memory (6,7,8,9,10)');
INSERT INTO cscart_conf_class_descriptions (`class_id`, `lang_code`, `class_name`) VALUES ('7', 'EN', 'HDD IDE (6,7,8,9,10)');
INSERT INTO cscart_conf_class_descriptions (`class_id`, `lang_code`, `class_name`) VALUES ('8', 'EN', 'HDD SATA (1,2,3,4,5)');
INSERT INTO cscart_conf_class_products (`class_id`, `product_id`) VALUES ('1', '29751');
INSERT INTO cscart_conf_class_products (`class_id`, `product_id`) VALUES ('1', '29753');
INSERT INTO cscart_conf_class_products (`class_id`, `product_id`) VALUES ('2', '29746');
INSERT INTO cscart_conf_class_products (`class_id`, `product_id`) VALUES ('2', '29747');
INSERT INTO cscart_conf_class_products (`class_id`, `product_id`) VALUES ('2', '29749');
INSERT INTO cscart_conf_class_products (`class_id`, `product_id`) VALUES ('3', '29752');
INSERT INTO cscart_conf_class_products (`class_id`, `product_id`) VALUES ('3', '29755');
INSERT INTO cscart_conf_class_products (`class_id`, `product_id`) VALUES ('4', '29748');
INSERT INTO cscart_conf_class_products (`class_id`, `product_id`) VALUES ('4', '29750');
INSERT INTO cscart_conf_classes (`class_id`, `status`, `group_id`) VALUES ('1', 'A', '32');
INSERT INTO cscart_conf_classes (`class_id`, `status`, `group_id`) VALUES ('2', 'A', '33');
INSERT INTO cscart_conf_classes (`class_id`, `status`, `group_id`) VALUES ('3', 'A', '32');
INSERT INTO cscart_conf_classes (`class_id`, `status`, `group_id`) VALUES ('4', 'A', '33');
INSERT INTO cscart_conf_classes (`class_id`, `status`, `group_id`) VALUES ('5', 'D', '29');
INSERT INTO cscart_conf_classes (`class_id`, `status`, `group_id`) VALUES ('6', 'D', '29');
INSERT INTO cscart_conf_classes (`class_id`, `status`, `group_id`) VALUES ('7', 'D', '35');
INSERT INTO cscart_conf_classes (`class_id`, `status`, `group_id`) VALUES ('8', 'D', '35');
INSERT INTO cscart_conf_compatible_classes (`master_class_id`, `slave_class_id`) VALUES ('1', '2');
INSERT INTO cscart_conf_compatible_classes (`master_class_id`, `slave_class_id`) VALUES ('2', '1');
INSERT INTO cscart_conf_compatible_classes (`master_class_id`, `slave_class_id`) VALUES ('3', '4');
INSERT INTO cscart_conf_compatible_classes (`master_class_id`, `slave_class_id`) VALUES ('4', '3');
INSERT INTO cscart_conf_group_descriptions (`group_id`, `lang_code`, `configurator_group_name`, `full_description`) VALUES ('29', 'EN', 'Memory modules', '<span style=\"font-weight: bold; font-style: italic;\">Group description</span><br />Top Memory Booster is designed to clean your PC memory. It can optimize RAM to make your computer run faster and crash less often. Increase your system performance by <font size=\"1\" style=\"font-style: italic;\">cleaning the content of your RAM.</font> Lets you know the CPU information, memory usage, processes, and applications running on your computer. Version 2.631 may include unspecified updates, enhancements, or bug fixes.');
INSERT INTO cscart_conf_group_descriptions (`group_id`, `lang_code`, `configurator_group_name`, `full_description`) VALUES ('28', 'EN', 'Monitors', '<font size=\"2\"><span style=\"font-style: italic; font-weight: bold;\">Group description</span><br />The Energy Saver control panel helps you cut down on electricity costs by powering down your Energy Starcompliant monitor. Version 1.1<span style=\"font-weight: bold;\"> fixes a problem with the Apple AudioVision 14-inch monitor.</span> This control panel can only be used with PowerPC, Quadra, or Centris Macs.</font>  <font size=\"1\">CNET Networks is not responsible for the content of this Publisher\'s Description. We encourage you to determine whether this product or your intended use is legal. We do not encourage or condone the use of any software in violation of applicable laws.</font>');
INSERT INTO cscart_conf_group_descriptions (`group_id`, `lang_code`, `configurator_group_name`, `full_description`) VALUES ('31', 'EN', 'Printers', '<span style=\"font-weight: bold; font-style: italic;\">Group description</span><br />CNET Networks is not responsible for the content of this <span style=\"font-style: italic; text-decoration: underline;\">Publisher\'s Description. </span>We encourage you to determine whether this product or your intended use is legal. We do not encourage or condone the use of any software in violation of applicable laws.');
INSERT INTO cscart_conf_group_descriptions (`group_id`, `lang_code`, `configurator_group_name`, `full_description`) VALUES ('32', 'EN', 'Processors', '<span style=\"font-weight: bold; font-style: italic;\">Description</span> <br />There are several package types for Intelï¿œ processors. These different package types are illustrated below along with a brief explanation of how to easily identify them.');
INSERT INTO cscart_conf_group_descriptions (`group_id`, `lang_code`, `configurator_group_name`, `full_description`) VALUES ('33', 'EN', 'Motherboard', '');
INSERT INTO cscart_conf_group_descriptions (`group_id`, `lang_code`, `configurator_group_name`, `full_description`) VALUES ('34', 'EN', 'Modems', '<span style=\"font-weight: bold; font-style: italic;\">Description</span><br />Le modem U.S. Robotics 56K Message Modem associe des fonctions de messagerie téléphonique à la technologie Internet avancée V.92 pour que vous puissiez tirer parti au maximum de votre connexion. La messagerie vocale intégrée est capable de stocker jusqu\'à 20 minutes de messages téléphoniques. <span style=\"font-style: italic;\">Quick Connect </span>minimise les délais de connexion pour que vous accédiez plus rapidement à l\'Internet. La fonction Modem on Hold vous permet d\'afficher les appels entrants et de prendre les plus importants, tout en continuant à surfer sur le Web - vous n\'avez pas besoin d\'une seconde ligne téléphonique! V.PCM Upstream permet des chargements jusqu\'à 50 % plus rapides - parfait pour l\'envoi d\'e-mails avec pièces jointes.');
INSERT INTO cscart_conf_group_descriptions (`group_id`, `lang_code`, `configurator_group_name`, `full_description`) VALUES ('35', 'EN', 'Hard Disk Drives', '<span style=\"font-weight: bold; font-style: italic;\">Description<br /></span>Meet the newest noise prevention hard disk drive cooler from Zalman. Using heatpipe technology, the ZM2HC2 cools the hard disk drive for more stable operation, without adding the noise of additional cooling fans to your PC. Its special mounts also reduce hard disk drive noise and vibration.');
INSERT INTO cscart_conf_group_products (`group_id`, `product_id`) VALUES ('28', '899');
INSERT INTO cscart_conf_group_products (`group_id`, `product_id`) VALUES ('28', '903');
INSERT INTO cscart_conf_group_products (`group_id`, `product_id`) VALUES ('28', '909');
INSERT INTO cscart_conf_group_products (`group_id`, `product_id`) VALUES ('28', '1153');
INSERT INTO cscart_conf_group_products (`group_id`, `product_id`) VALUES ('29', '29756');
INSERT INTO cscart_conf_group_products (`group_id`, `product_id`) VALUES ('29', '29757');
INSERT INTO cscart_conf_group_products (`group_id`, `product_id`) VALUES ('29', '29758');
INSERT INTO cscart_conf_group_products (`group_id`, `product_id`) VALUES ('31', '29776');
INSERT INTO cscart_conf_group_products (`group_id`, `product_id`) VALUES ('31', '29777');
INSERT INTO cscart_conf_group_products (`group_id`, `product_id`) VALUES ('32', '29751');
INSERT INTO cscart_conf_group_products (`group_id`, `product_id`) VALUES ('32', '29752');
INSERT INTO cscart_conf_group_products (`group_id`, `product_id`) VALUES ('32', '29753');
INSERT INTO cscart_conf_group_products (`group_id`, `product_id`) VALUES ('32', '29755');
INSERT INTO cscart_conf_group_products (`group_id`, `product_id`) VALUES ('33', '29746');
INSERT INTO cscart_conf_group_products (`group_id`, `product_id`) VALUES ('33', '29747');
INSERT INTO cscart_conf_group_products (`group_id`, `product_id`) VALUES ('33', '29748');
INSERT INTO cscart_conf_group_products (`group_id`, `product_id`) VALUES ('33', '29749');
INSERT INTO cscart_conf_group_products (`group_id`, `product_id`) VALUES ('33', '29750');
INSERT INTO cscart_conf_group_products (`group_id`, `product_id`) VALUES ('34', '29768');
INSERT INTO cscart_conf_group_products (`group_id`, `product_id`) VALUES ('34', '29769');
INSERT INTO cscart_conf_groups (`group_id`, `configurator_group_type`, `status`, `step_id`) VALUES ('31', 'C', 'A', '8');
INSERT INTO cscart_conf_groups (`group_id`, `configurator_group_type`, `status`, `step_id`) VALUES ('28', 'S', 'A', '6');
INSERT INTO cscart_conf_groups (`group_id`, `configurator_group_type`, `status`, `step_id`) VALUES ('29', 'C', 'A', '6');
INSERT INTO cscart_conf_groups (`group_id`, `configurator_group_type`, `status`, `step_id`) VALUES ('32', 'R', 'A', '6');
INSERT INTO cscart_conf_groups (`group_id`, `configurator_group_type`, `status`, `step_id`) VALUES ('33', 'R', 'A', '6');
INSERT INTO cscart_conf_groups (`group_id`, `configurator_group_type`, `status`, `step_id`) VALUES ('34', 'S', 'A', '8');
INSERT INTO cscart_conf_groups (`group_id`, `configurator_group_type`, `status`, `step_id`) VALUES ('35', 'C', 'A', '6');
INSERT INTO cscart_conf_product_groups (`product_id`, `group_id`, `default_product_ids`, `position`, `required`) VALUES ('1555', '29', '', '0', 'N');
INSERT INTO cscart_conf_product_groups (`product_id`, `group_id`, `default_product_ids`, `position`, `required`) VALUES ('1555', '31', '', '0', 'N');
INSERT INTO cscart_conf_product_groups (`product_id`, `group_id`, `default_product_ids`, `position`, `required`) VALUES ('1115', '33', '', '0', 'Y');
INSERT INTO cscart_conf_product_groups (`product_id`, `group_id`, `default_product_ids`, `position`, `required`) VALUES ('1115', '32', '', '10', 'Y');
INSERT INTO cscart_conf_product_groups (`product_id`, `group_id`, `default_product_ids`, `position`, `required`) VALUES ('1555', '28', '', '10', 'N');
INSERT INTO cscart_conf_product_groups (`product_id`, `group_id`, `default_product_ids`, `position`, `required`) VALUES ('1115', '28', '', '20', 'Y');
INSERT INTO cscart_conf_product_groups (`product_id`, `group_id`, `default_product_ids`, `position`, `required`) VALUES ('1115', '29', '', '30', 'Y');
INSERT INTO cscart_conf_product_groups (`product_id`, `group_id`, `default_product_ids`, `position`, `required`) VALUES ('1115', '34', '', '70', 'Y');
INSERT INTO cscart_conf_product_groups (`product_id`, `group_id`, `default_product_ids`, `position`, `required`) VALUES ('1115', '31', '', '80', 'N');
INSERT INTO cscart_conf_step_descriptions (`step_id`, `lang_code`, `step_name`) VALUES ('6', 'EN', 'Required products');
INSERT INTO cscart_conf_step_descriptions (`step_id`, `lang_code`, `step_name`) VALUES ('8', 'EN', 'Periphery components');
INSERT INTO cscart_conf_steps (`step_id`, `position`, `status`) VALUES ('6', '10', 'A');
INSERT INTO cscart_conf_steps (`step_id`, `position`, `status`) VALUES ('8', '20', 'A');
INSERT INTO cscart_discussion (`thread_id`, `object_id`, `object_type`, `type`) VALUES ('1', '899', 'P', 'B');
INSERT INTO cscart_discussion (`thread_id`, `object_id`, `object_type`, `type`) VALUES ('2', '1553', 'P', 'B');
INSERT INTO cscart_discussion (`thread_id`, `object_id`, `object_type`, `type`) VALUES ('3', '1529', 'P', 'B');
INSERT INTO cscart_discussion (`thread_id`, `object_id`, `object_type`, `type`) VALUES ('4', '878', 'P', 'B');
INSERT INTO cscart_discussion (`thread_id`, `object_id`, `object_type`, `type`) VALUES ('5', '1062', 'P', 'B');
INSERT INTO cscart_discussion (`thread_id`, `object_id`, `object_type`, `type`) VALUES ('6', '0', 'E', 'B');
INSERT INTO cscart_discussion (`thread_id`, `object_id`, `object_type`, `type`) VALUES ('7', '1', 'A', 'D');
INSERT INTO cscart_discussion (`thread_id`, `object_id`, `object_type`, `type`) VALUES ('8', '2', 'A', 'D');
INSERT INTO cscart_discussion (`thread_id`, `object_id`, `object_type`, `type`) VALUES ('9', '3', 'A', 'D');
INSERT INTO cscart_discussion (`thread_id`, `object_id`, `object_type`, `type`) VALUES ('10', '4', 'A', 'D');
INSERT INTO cscart_discussion_messages (`message`, `post_id`, `thread_id`) VALUES ('I first noticed this monitor at one of those computer stores where they place all the monitors on the same shelf. This one really stood out for color and very sharp focus. I watch movies and play some games and I haven\'t noticed any ghosting. The only thing that I wish I could do is rotate the screen for word processing (kind of a minor complaint). Otherwise this is a very good monitor and the price is good for a 19 inch LCD. ', '1', '1');
INSERT INTO cscart_discussion_messages (`message`, `post_id`, `thread_id`) VALUES ('This monitor is way too light (everything appears faded out), and adjusting the contrast and brightness controls don\'t help. No matter what brightness contrast setting is used, everything is either way too dim & gray or way too light. The monitor\'s brightness & contrast controls seem to have the exact same function - contrast setting appears to actually be adjusting the brightness and nothing seems to be actually changing the contrast. This will probably be returned soon, unless someone can tell me how to get the correct brightness/contrast setting. ', '2', '1');
INSERT INTO cscart_discussion_messages (`message`, `post_id`, `thread_id`) VALUES ('Just a perfect product!', '3', '2');
INSERT INTO cscart_discussion_messages (`message`, `post_id`, `thread_id`) VALUES ('I do not like. \n\nAt all.', '4', '2');
INSERT INTO cscart_discussion_messages (`message`, `post_id`, `thread_id`) VALUES ('A beautiful boots.\n\nMy opinion is they are just best.', '5', '3');
INSERT INTO cscart_discussion_messages (`message`, `post_id`, `thread_id`) VALUES ('dfgsdfgsdfg sd gsd ggdf gdsfg dsf', '6', '4');
INSERT INTO cscart_discussion_messages (`message`, `post_id`, `thread_id`) VALUES ('test', '7', '5');
INSERT INTO cscart_discussion_posts (`post_id`, `thread_id`, `name`, `timestamp`, `user_id`, `ip_address`, `status`) VALUES ('1', '1', 'Customer Customer', '1129547428', '3', '192.168.0.2', 'A');
INSERT INTO cscart_discussion_posts (`post_id`, `thread_id`, `name`, `timestamp`, `user_id`, `ip_address`, `status`) VALUES ('2', '1', 'A PC Hardware Fan', '1129559367', '0', '192.168.0.2', 'A');
INSERT INTO cscart_discussion_posts (`post_id`, `thread_id`, `name`, `timestamp`, `user_id`, `ip_address`, `status`) VALUES ('3', '2', 'Admin Admin', '1129558427', '1', '192.168.0.2', 'A');
INSERT INTO cscart_discussion_posts (`post_id`, `thread_id`, `name`, `timestamp`, `user_id`, `ip_address`, `status`) VALUES ('4', '2', 'Guest', '1129558457', '0', '192.168.0.2', 'A');
INSERT INTO cscart_discussion_posts (`post_id`, `thread_id`, `name`, `timestamp`, `user_id`, `ip_address`, `status`) VALUES ('5', '3', 'Customer Customer', '1129559626', '3', '192.168.0.2', 'A');
INSERT INTO cscart_discussion_posts (`post_id`, `thread_id`, `name`, `timestamp`, `user_id`, `ip_address`, `status`) VALUES ('6', '4', 'Anonymous', '1129631619', '0', '62.169.232.157', 'D');
INSERT INTO cscart_discussion_posts (`post_id`, `thread_id`, `name`, `timestamp`, `user_id`, `ip_address`, `status`) VALUES ('7', '5', 'Anonymous', '1156420211', '0', '192.168.0.6', 'A');
INSERT INTO cscart_discussion_rating (`rating_value`, `post_id`, `thread_id`) VALUES ('4', '1', '1');
INSERT INTO cscart_discussion_rating (`rating_value`, `post_id`, `thread_id`) VALUES ('2', '2', '1');
INSERT INTO cscart_discussion_rating (`rating_value`, `post_id`, `thread_id`) VALUES ('5', '3', '2');
INSERT INTO cscart_discussion_rating (`rating_value`, `post_id`, `thread_id`) VALUES ('2', '4', '2');
INSERT INTO cscart_discussion_rating (`rating_value`, `post_id`, `thread_id`) VALUES ('4', '5', '3');
INSERT INTO cscart_discussion_rating (`rating_value`, `post_id`, `thread_id`) VALUES ('5', '6', '4');
INSERT INTO cscart_discussion_rating (`rating_value`, `post_id`, `thread_id`) VALUES ('5', '7', '5');
INSERT INTO cscart_images (`image_id`, `image_path`, `image_x`, `image_y`) VALUES ('1', 'B0007WKB4G.01._SCMZZZZZZZ_.jpg', '120', '120');
INSERT INTO cscart_images (`image_id`, `image_path`, `image_x`, `image_y`) VALUES ('2', 'B0007WKB4G.01._SCLZZZZZZZ_.jpg', '500', '331');
INSERT INTO cscart_images (`image_id`, `image_path`, `image_x`, `image_y`) VALUES ('3', 'B0002XJ0HO.01._SCMZZZZZZZ_.jpg', '120', '120');
INSERT INTO cscart_images (`image_id`, `image_path`, `image_x`, `image_y`) VALUES ('4', 'B00061ZNV4.01._SCMZZZZZZZ_.jpg', '120', '120');
INSERT INTO cscart_images (`image_id`, `image_path`, `image_x`, `image_y`) VALUES ('5', 'B0002JUH4I.01._SCMZZZZZZZ_.jpg', '120', '120');
INSERT INTO cscart_images (`image_id`, `image_path`, `image_x`, `image_y`) VALUES ('6', 'B00062VYQG.01._SCMZZZZZZZ_.jpg', '120', '120');
INSERT INTO cscart_images (`image_id`, `image_path`, `image_x`, `image_y`) VALUES ('7', 'B00062VYQG.01._SCLZZZZZZZ_.jpg', '500', '315');
INSERT INTO cscart_images (`image_id`, `image_path`, `image_x`, `image_y`) VALUES ('8', 'B0002JZQ9E.01._SCMZZZZZZZ_.jpg', '120', '120');
INSERT INTO cscart_images (`image_id`, `image_path`, `image_x`, `image_y`) VALUES ('9', 'B0002JZQ9E.01._SCLZZZZZZZ_.jpg', '500', '349');
INSERT INTO cscart_images (`image_id`, `image_path`, `image_x`, `image_y`) VALUES ('10', 'B0007WKB0U.01._SCMZZZZZZZ_.jpg', '120', '120');
INSERT INTO cscart_images (`image_id`, `image_path`, `image_x`, `image_y`) VALUES ('11', 'B0007WKB0U.01._SCLZZZZZZZ_.jpg', '500', '202');
INSERT INTO cscart_images (`image_id`, `image_path`, `image_x`, `image_y`) VALUES ('12', 'B0002KQR2S.01._SCMZZZZZZZ_.jpg', '120', '120');
INSERT INTO cscart_images (`image_id`, `image_path`, `image_x`, `image_y`) VALUES ('13', 'B0007YFQD0.01._SCMZZZZZZZ_.jpg', '120', '120');
INSERT INTO cscart_images (`image_id`, `image_path`, `image_x`, `image_y`) VALUES ('14', 'B000646MWA.01._SCMZZZZZZZ_.jpg', '120', '120');
INSERT INTO cscart_images (`image_id`, `image_path`, `image_x`, `image_y`) VALUES ('15', 'B000646MWA.01._SCLZZZZZZZ_.jpg', '500', '121');
INSERT INTO cscart_images (`image_id`, `image_path`, `image_x`, `image_y`) VALUES ('16', 'B0007IGZ6S.01-A1AJVWO2HMT2XY._SCMZZZZZZZ_.gif', '120', '120');
INSERT INTO cscart_images (`image_id`, `image_path`, `image_x`, `image_y`) VALUES ('17', 'B0001I2EZU.01._SCMZZZZZZZ_.jpg', '120', '120');
INSERT INTO cscart_images (`image_id`, `image_path`, `image_x`, `image_y`) VALUES ('18', 'B0001I2EZU.01._SCLZZZZZZZ_.jpg', '500', '500');
INSERT INTO cscart_images (`image_id`, `image_path`, `image_x`, `image_y`) VALUES ('19', 'B000068IG9.01._SCMZZZZZZZ_.jpg', '120', '120');
INSERT INTO cscart_images (`image_id`, `image_path`, `image_x`, `image_y`) VALUES ('20', 'B0008JFJ2M.01._SCMZZZZZZZ_.jpg', '120', '120');
INSERT INTO cscart_images (`image_id`, `image_path`, `image_x`, `image_y`) VALUES ('21', 'B0001WS6L2.01-AFK4B2ETLE86K._SCMZZZZZZZ_.jpg', '120', '120');
INSERT INTO cscart_images (`image_id`, `image_path`, `image_x`, `image_y`) VALUES ('22', 'B0001WS6L2.01-AFK4B2ETLE86K._SCLZZZZZZZ_.jpg', '350', '310');
INSERT INTO cscart_images (`image_id`, `image_path`, `image_x`, `image_y`) VALUES ('23', 'B0002DV9CS.01._SCMZZZZZZZ_.jpg', '120', '120');
INSERT INTO cscart_images (`image_id`, `image_path`, `image_x`, `image_y`) VALUES ('24', 'B0006IO77I.01._SCMZZZZZZZ_.jpg', '120', '120');
INSERT INTO cscart_images (`image_id`, `image_path`, `image_x`, `image_y`) VALUES ('25', 'B0002ZAEYA.01._SCMZZZZZZZ_.jpg', '120', '120');
INSERT INTO cscart_images (`image_id`, `image_path`, `image_x`, `image_y`) VALUES ('26', 'B0009JMT38.01._SCMZZZZZZZ_.jpg', '120', '120');
INSERT INTO cscart_images (`image_id`, `image_path`, `image_x`, `image_y`) VALUES ('27', 'B0009JMT38.01._SCLZZZZZZZ_.jpg', '361', '500');
INSERT INTO cscart_images (`image_id`, `image_path`, `image_x`, `image_y`) VALUES ('28', 'B00028DM96.01._SCMZZZZZZZ_.jpg', '120', '120');
INSERT INTO cscart_images (`image_id`, `image_path`, `image_x`, `image_y`) VALUES ('29', 'B00028DM96.01._SCLZZZZZZZ_.jpg', '422', '500');
INSERT INTO cscart_images (`image_id`, `image_path`, `image_x`, `image_y`) VALUES ('30', 'B0001E75LC.01._SCMZZZZZZZ_.jpg', '120', '120');
INSERT INTO cscart_images (`image_id`, `image_path`, `image_x`, `image_y`) VALUES ('31', 'B0001E75LC.01._SCLZZZZZZZ_.jpg', '326', '500');
INSERT INTO cscart_images (`image_id`, `image_path`, `image_x`, `image_y`) VALUES ('32', 'B0006HPCLY.01._SCMZZZZZZZ_.jpg', '120', '120');
INSERT INTO cscart_images (`image_id`, `image_path`, `image_x`, `image_y`) VALUES ('33', 'B0006HPCLY.01._SCLZZZZZZZ_.jpg', '237', '500');
INSERT INTO cscart_images (`image_id`, `image_path`, `image_x`, `image_y`) VALUES ('34', 'B0006FTEHO.01-A17J55XBNDN488._SCMZZZZZZZ_.jpg', '120', '120');
INSERT INTO cscart_images (`image_id`, `image_path`, `image_x`, `image_y`) VALUES ('35', 'B0007R4XYK.01-A2H2AYTJFCST9E._SCMZZZZZZZ_.jpg', '120', '120');
INSERT INTO cscart_images (`image_id`, `image_path`, `image_x`, `image_y`) VALUES ('36', 'B0007R4XYK.01-A2H2AYTJFCST9E._SCLZZZZZZZ_.jpg', '350', '203');
INSERT INTO cscart_images (`image_id`, `image_path`, `image_x`, `image_y`) VALUES ('37', 'B00097BNAU.01-A17PMBT03AAFDB._SCMZZZZZZZ_.jpg', '120', '120');
INSERT INTO cscart_images (`image_id`, `image_path`, `image_x`, `image_y`) VALUES ('38', 'B0007GL2NQ.01-A17PMBT03AAFDB._SCMZZZZZZZ_.jpg', '120', '120');
INSERT INTO cscart_images (`image_id`, `image_path`, `image_x`, `image_y`) VALUES ('39', 'B0006GWC7M.01-AT26F6GZJEB06._SCMZZZZZZZ_.jpg', '120', '120');
INSERT INTO cscart_images (`image_id`, `image_path`, `image_x`, `image_y`) VALUES ('40', 'B0006GWC7M.01-AT26F6GZJEB06._SCLZZZZZZZ_.jpg', '350', '350');
INSERT INTO cscart_images (`image_id`, `image_path`, `image_x`, `image_y`) VALUES ('41', 'B00078MG5M.01-A391PJ63CYO2ZE._SCMZZZZZZZ_.jpg', '120', '120');
INSERT INTO cscart_images (`image_id`, `image_path`, `image_x`, `image_y`) VALUES ('42', 'B00078MG5M.01-A391PJ63CYO2ZE._SCLZZZZZZZ_.jpg', '195', '300');
INSERT INTO cscart_images (`image_id`, `image_path`, `image_x`, `image_y`) VALUES ('43', 'B0009R5QX0.01-A2MMK01JV45LT9._SCMZZZZZZZ_.jpg', '120', '120');
INSERT INTO cscart_images (`image_id`, `image_path`, `image_x`, `image_y`) VALUES ('44', 'B0009R5QX0.01-A2MMK01JV45LT9._SCLZZZZZZZ_.jpg', '300', '260');
INSERT INTO cscart_images (`image_id`, `image_path`, `image_x`, `image_y`) VALUES ('45', 'B0009EM140.01-AE3U19PB9WFHT._SCMZZZZZZZ_.jpg', '120', '120');
INSERT INTO cscart_images (`image_id`, `image_path`, `image_x`, `image_y`) VALUES ('46', 'B0009EM140.01-AE3U19PB9WFHT._SCLZZZZZZZ_.jpg', '500', '500');
INSERT INTO cscart_images (`image_id`, `image_path`, `image_x`, `image_y`) VALUES ('47', 'B0009R201G.01-A3USXVNW4BNGV2._SCMZZZZZZZ_.jpg', '120', '120');
INSERT INTO cscart_images (`image_id`, `image_path`, `image_x`, `image_y`) VALUES ('48', 'B0002A4G1W.01-A2EH7R7SK3OQ4Y._SCMZZZZZZZ_.jpg', '120', '120');
INSERT INTO cscart_images (`image_id`, `image_path`, `image_x`, `image_y`) VALUES ('49', 'B0002A4G1W.01-A2EH7R7SK3OQ4Y._SCLZZZZZZZ_.jpg', '350', '350');
INSERT INTO cscart_images (`image_id`, `image_path`, `image_x`, `image_y`) VALUES ('50', 'B00097829A.01-A17PMBT03AAFDB._SCMZZZZZZZ_.jpg', '120', '120');
INSERT INTO cscart_images (`image_id`, `image_path`, `image_x`, `image_y`) VALUES ('51', 'B0009ETCUQ.01._SCMZZZZZZZ_.jpg', '120', '120');
INSERT INTO cscart_images (`image_id`, `image_path`, `image_x`, `image_y`) VALUES ('52', 'B0002MI3IM.01-A2H2AYTJFCST9E._SCMZZZZZZZ_.jpg', '120', '120');
INSERT INTO cscart_images (`image_id`, `image_path`, `image_x`, `image_y`) VALUES ('53', 'B00085FO6C.01-A17J55XBNDN488._SCMZZZZZZZ_.jpg', '120', '120');
INSERT INTO cscart_images (`image_id`, `image_path`, `image_x`, `image_y`) VALUES ('54', 'B00085FO6C.01-A17J55XBNDN488._SCLZZZZZZZ_.jpg', '360', '200');
INSERT INTO cscart_images (`image_id`, `image_path`, `image_x`, `image_y`) VALUES ('55', 'B00080ZG2O.01._SCMZZZZZZZ_.jpg', '120', '120');
INSERT INTO cscart_images (`image_id`, `image_path`, `image_x`, `image_y`) VALUES ('56', 'B00080ZG2O.01._SCLZZZZZZZ_.jpg', '442', '500');
INSERT INTO cscart_images (`image_id`, `image_path`, `image_x`, `image_y`) VALUES ('57', 'B0009ML2KQ.01._SCMZZZZZZZ_.jpg', '120', '120');
INSERT INTO cscart_images (`image_id`, `image_path`, `image_x`, `image_y`) VALUES ('58', 'B0007L43D2.01._SCMZZZZZZZ_.jpg', '120', '120');
INSERT INTO cscart_images (`image_id`, `image_path`, `image_x`, `image_y`) VALUES ('59', 'B0007L43D2.01._SCLZZZZZZZ_.jpg', '353', '500');
INSERT INTO cscart_images (`image_id`, `image_path`, `image_x`, `image_y`) VALUES ('60', 'B0002S947K.01._SCMZZZZZZZ_.jpg', '120', '120');
INSERT INTO cscart_images (`image_id`, `image_path`, `image_x`, `image_y`) VALUES ('61', 'B0006FO83Y.01._SCMZZZZZZZ_.jpg', '120', '120');
INSERT INTO cscart_images (`image_id`, `image_path`, `image_x`, `image_y`) VALUES ('62', 'B00097DXVW.01._SCMZZZZZZZ_.jpg', '120', '120');
INSERT INTO cscart_images (`image_id`, `image_path`, `image_x`, `image_y`) VALUES ('63', 'B00097DXVW.01._SCLZZZZZZZ_.jpg', '500', '486');
INSERT INTO cscart_images (`image_id`, `image_path`, `image_x`, `image_y`) VALUES ('64', 'B0009299LU.01._SCMZZZZZZZ_.jpg', '120', '120');
INSERT INTO cscart_images (`image_id`, `image_path`, `image_x`, `image_y`) VALUES ('65', 'B0009299LU.01._SCLZZZZZZZ_.jpg', '500', '497');
INSERT INTO cscart_images (`image_id`, `image_path`, `image_x`, `image_y`) VALUES ('66', 'B0007Z4S4C.01._SCMZZZZZZZ_.jpg', '120', '120');
INSERT INTO cscart_images (`image_id`, `image_path`, `image_x`, `image_y`) VALUES ('67', 'B0007Z4S4C.01._SCLZZZZZZZ_.jpg', '500', '447');
INSERT INTO cscart_images (`image_id`, `image_path`, `image_x`, `image_y`) VALUES ('68', 'B0006JMLI4.01._SCMZZZZZZZ_.jpg', '120', '120');
INSERT INTO cscart_images (`image_id`, `image_path`, `image_x`, `image_y`) VALUES ('69', 'B0006JMLI4.01._SCLZZZZZZZ_.jpg', '498', '500');
INSERT INTO cscart_images (`image_id`, `image_path`, `image_x`, `image_y`) VALUES ('70', 'B00097DX3U.01._SCMZZZZZZZ_.jpg', '120', '120');
INSERT INTO cscart_images (`image_id`, `image_path`, `image_x`, `image_y`) VALUES ('71', 'B0007Y4TVU.01._SCMZZZZZZZ_.jpg', '120', '120');
INSERT INTO cscart_images (`image_id`, `image_path`, `image_x`, `image_y`) VALUES ('72', 'B0009A1AS2.01._SCMZZZZZZZ_.jpg', '120', '120');
INSERT INTO cscart_images (`image_id`, `image_path`, `image_x`, `image_y`) VALUES ('73', 'B0009A1AS2.01._SCLZZZZZZZ_.jpg', '300', '300');
INSERT INTO cscart_images (`image_id`, `image_path`, `image_x`, `image_y`) VALUES ('74', 'B000929AJQ.01._SCMZZZZZZZ_.jpg', '120', '120');
INSERT INTO cscart_images (`image_id`, `image_path`, `image_x`, `image_y`) VALUES ('75', 'B00097A5HC.01._SCMZZZZZZZ_.jpg', '120', '120');
INSERT INTO cscart_images (`image_id`, `image_path`, `image_x`, `image_y`) VALUES ('76', 'B00023DLFG.01._SCMZZZZZZZ_.jpg', '120', '120');
INSERT INTO cscart_images (`image_id`, `image_path`, `image_x`, `image_y`) VALUES ('77', 'B00023DLFG.01._SCLZZZZZZZ_.jpg', '161', '500');
INSERT INTO cscart_images (`image_id`, `image_path`, `image_x`, `image_y`) VALUES ('78', 'B0006JLKSQ.01._SCMZZZZZZZ_.jpg', '120', '120');
INSERT INTO cscart_images (`image_id`, `image_path`, `image_x`, `image_y`) VALUES ('79', 'B0006JLKSQ.01._SCLZZZZZZZ_.jpg', '102', '240');
INSERT INTO cscart_images (`image_id`, `image_path`, `image_x`, `image_y`) VALUES ('80', 'B000197ZM6.01._SCMZZZZZZZ_.jpg', '120', '120');
INSERT INTO cscart_images (`image_id`, `image_path`, `image_x`, `image_y`) VALUES ('81', 'B0001SOIYU.01._SCMZZZZZZZ_.jpg', '120', '120');
INSERT INTO cscart_images (`image_id`, `image_path`, `image_x`, `image_y`) VALUES ('82', 'B00013AU0G.01._SCMZZZZZZZ_.jpg', '120', '120');
INSERT INTO cscart_images (`image_id`, `image_path`, `image_x`, `image_y`) VALUES ('83', 'B00013AU0G.01._SCLZZZZZZZ_.jpg', '239', '500');
INSERT INTO cscart_images (`image_id`, `image_path`, `image_x`, `image_y`) VALUES ('84', 'B0007OW5CK.01._SCMZZZZZZZ_.jpg', '120', '120');
INSERT INTO cscart_images (`image_id`, `image_path`, `image_x`, `image_y`) VALUES ('85', 'B0002I9OJS.01._SCMZZZZZZZ_.jpg', '120', '120');
INSERT INTO cscart_images (`image_id`, `image_path`, `image_x`, `image_y`) VALUES ('86', 'B0007TZFAE.01._SCMZZZZZZZ_.jpg', '120', '120');
INSERT INTO cscart_images (`image_id`, `image_path`, `image_x`, `image_y`) VALUES ('87', 'B00086HZJA.01._SCMZZZZZZZ_.jpg', '120', '120');
INSERT INTO cscart_images (`image_id`, `image_path`, `image_x`, `image_y`) VALUES ('88', 'B00086HZJA.01._SCLZZZZZZZ_.jpg', '500', '378');
INSERT INTO cscart_images (`image_id`, `image_path`, `image_x`, `image_y`) VALUES ('89', 'B0002OG6NY.01._SCMZZZZZZZ_.jpg', '120', '120');
INSERT INTO cscart_images (`image_id`, `image_path`, `image_x`, `image_y`) VALUES ('90', 'B0002OG6NY.01._SCLZZZZZZZ_.jpg', '500', '500');
INSERT INTO cscart_images (`image_id`, `image_path`, `image_x`, `image_y`) VALUES ('91', 'B00011KI6Y.01._SCMZZZZZZZ_.jpg', '120', '120');
INSERT INTO cscart_images (`image_id`, `image_path`, `image_x`, `image_y`) VALUES ('92', 'B000692NPU.01-A2SJ7R917BAV5B._SCMZZZZZZZ_.jpg', '120', '120');
INSERT INTO cscart_images (`image_id`, `image_path`, `image_x`, `image_y`) VALUES ('93', 'B000692NPU.01-A2SJ7R917BAV5B._SCLZZZZZZZ_.jpg', '162', '162');
INSERT INTO cscart_images (`image_id`, `image_path`, `image_x`, `image_y`) VALUES ('94', 'B0007WZODY.01-A2R0FX412W1BDT._SCMZZZZZZZ_.jpg', '120', '120');
INSERT INTO cscart_images (`image_id`, `image_path`, `image_x`, `image_y`) VALUES ('95', 'B0006PK8IS.01._SCMZZZZZZZ_.jpg', '120', '120');
INSERT INTO cscart_images (`image_id`, `image_path`, `image_x`, `image_y`) VALUES ('96', 'B0006PK8IS.01._SCLZZZZZZZ_.jpg', '500', '500');
INSERT INTO cscart_images (`image_id`, `image_path`, `image_x`, `image_y`) VALUES ('97', 'B0006PK8R4.01._SCMZZZZZZZ_.jpg', '120', '120');
INSERT INTO cscart_images (`image_id`, `image_path`, `image_x`, `image_y`) VALUES ('98', 'B0002NRMJW.01._SCMZZZZZZZ_.jpg', '120', '120');
INSERT INTO cscart_images (`image_id`, `image_path`, `image_x`, `image_y`) VALUES ('99', 'B0009EP76Y.01._SCMZZZZZZZ_.jpg', '120', '120');
INSERT INTO cscart_images (`image_id`, `image_path`, `image_x`, `image_y`) VALUES ('100', 'B0007VEUS0.01-A293Q5VQLXBUWR._SCMZZZZZZZ_.jpg', '120', '120');
INSERT INTO cscart_images (`image_id`, `image_path`, `image_x`, `image_y`) VALUES ('101', 'B00069O07Y.01-AT26F6GZJEB06._SCMZZZZZZZ_.jpg', '120', '120');
INSERT INTO cscart_images (`image_id`, `image_path`, `image_x`, `image_y`) VALUES ('102', 'B0002D9EBG.01-A293Q5VQLXBUWR._SCMZZZZZZZ_.jpg', '120', '120');
INSERT INTO cscart_images (`image_id`, `image_path`, `image_x`, `image_y`) VALUES ('103', 'B0006IGW8U.01._SCMZZZZZZZ_.jpg', '120', '120');
INSERT INTO cscart_images (`image_id`, `image_path`, `image_x`, `image_y`) VALUES ('104', '04392495461122400725.011122400725._SCMZZZZZZZ_1122400725.jpg', '120', '120');
INSERT INTO cscart_images (`image_id`, `image_path`, `image_x`, `image_y`) VALUES ('105', '037582670X1122400725.011122400725._SCMZZZZZZZ_1122400725.jpg', '120', '120');
INSERT INTO cscart_images (`image_id`, `image_path`, `image_x`, `image_y`) VALUES ('106', '037582670X1122400725.011122400725._SCLZZZZZZZ_1122400725.jpg', '331', '500');
INSERT INTO cscart_images (`image_id`, `image_path`, `image_x`, `image_y`) VALUES ('107', '08072825961122400725.011122400725._SCMZZZZZZZ_1122400725.jpg', '120', '120');
INSERT INTO cscart_images (`image_id`, `image_path`, `image_x`, `image_y`) VALUES ('108', '08072825961122400725.011122400725._SCLZZZZZZZ_1122400725.jpg', '395', '475');
INSERT INTO cscart_images (`image_id`, `image_path`, `image_x`, `image_y`) VALUES ('109', '0763622281.01._SCMZZZZZZZ_.jpg', '120', '120');
INSERT INTO cscart_images (`image_id`, `image_path`, `image_x`, `image_y`) VALUES ('110', '0763622281.01._SCLZZZZZZZ_.jpg', '399', '500');
INSERT INTO cscart_images (`image_id`, `image_path`, `image_x`, `image_y`) VALUES ('111', '0385729359.01._SCMZZZZZZZ_.jpg', '120', '120');
INSERT INTO cscart_images (`image_id`, `image_path`, `image_x`, `image_y`) VALUES ('112', '0385729359.01._SCLZZZZZZZ_.jpg', '331', '500');
INSERT INTO cscart_images (`image_id`, `image_path`, `image_x`, `image_y`) VALUES ('113', '0141301155.01._SCMZZZZZZZ_.jpg', '120', '120');
INSERT INTO cscart_images (`image_id`, `image_path`, `image_x`, `image_y`) VALUES ('114', '0694003611.01._SCMZZZZZZZ_.jpg', '120', '120');
INSERT INTO cscart_images (`image_id`, `image_path`, `image_x`, `image_y`) VALUES ('115', '0694003611.01._SCLZZZZZZZ_.jpg', '475', '392');
INSERT INTO cscart_images (`image_id`, `image_path`, `image_x`, `image_y`) VALUES ('116', '0971164789.01._SCMZZZZZZZ_.jpg', '120', '120');
INSERT INTO cscart_images (`image_id`, `image_path`, `image_x`, `image_y`) VALUES ('117', '0321303474.01._SCMZZZZZZZ_.jpg', '120', '120');
INSERT INTO cscart_images (`image_id`, `image_path`, `image_x`, `image_y`) VALUES ('118', '0321303474.01._SCLZZZZZZZ_.jpg', '459', '500');
INSERT INTO cscart_images (`image_id`, `image_path`, `image_x`, `image_y`) VALUES ('119', '0672327201.01._SCMZZZZZZZ_.jpg', '120', '120');
INSERT INTO cscart_images (`image_id`, `image_path`, `image_x`, `image_y`) VALUES ('120', '0201485419.01._SCMZZZZZZZ_.jpg', '120', '120');
INSERT INTO cscart_images (`image_id`, `image_path`, `image_x`, `image_y`) VALUES ('121', '0201485419.01._SCLZZZZZZZ_.jpg', '495', '475');
INSERT INTO cscart_images (`image_id`, `image_path`, `image_x`, `image_y`) VALUES ('122', '0321294009.01._SCMZZZZZZZ_.jpg', '120', '120');
INSERT INTO cscart_images (`image_id`, `image_path`, `image_x`, `image_y`) VALUES ('123', '0321294009.01._SCLZZZZZZZ_.jpg', '404', '500');
INSERT INTO cscart_images (`image_id`, `image_path`, `image_x`, `image_y`) VALUES ('124', '0972967303.01._SCMZZZZZZZ_.jpg', '120', '120');
INSERT INTO cscart_images (`image_id`, `image_path`, `image_x`, `image_y`) VALUES ('125', '1932709045.01._SCMZZZZZZZ_.jpg', '120', '120');
INSERT INTO cscart_images (`image_id`, `image_path`, `image_x`, `image_y`) VALUES ('126', 'B0007IRDLO.01-A293Q5VQLXBUWR._SCMZZZZZZZ_.jpg', '120', '120');
INSERT INTO cscart_images (`image_id`, `image_path`, `image_x`, `image_y`) VALUES ('127', 'B0007IRDLO.01-A293Q5VQLXBUWR._SCLZZZZZZZ_.jpg', '500', '500');
INSERT INTO cscart_images (`image_id`, `image_path`, `image_x`, `image_y`) VALUES ('128', 'B0007YK3R4.01-A293Q5VQLXBUWR._SCMZZZZZZZ_.jpg', '120', '120');
INSERT INTO cscart_images (`image_id`, `image_path`, `image_x`, `image_y`) VALUES ('129', 'B0000A49AE.01-A293Q5VQLXBUWR._SCMZZZZZZZ_.jpg', '120', '120');
INSERT INTO cscart_images (`image_id`, `image_path`, `image_x`, `image_y`) VALUES ('130', 'B0000A49AE.01-A293Q5VQLXBUWR._SCLZZZZZZZ_.jpg', '350', '350');
INSERT INTO cscart_images (`image_id`, `image_path`, `image_x`, `image_y`) VALUES ('131', 'B0002F3OTW.01-A293Q5VQLXBUWR._SCMZZZZZZZ_.jpg', '120', '120');
INSERT INTO cscart_images (`image_id`, `image_path`, `image_x`, `image_y`) VALUES ('132', 'B0002F3OTW.01-A293Q5VQLXBUWR._SCLZZZZZZZ_.jpg', '500', '500');
INSERT INTO cscart_images (`image_id`, `image_path`, `image_x`, `image_y`) VALUES ('133', 'B00080LZTW.01-A36AI0EKD09QFT._SCMZZZZZZZ_.jpg', '120', '120');
INSERT INTO cscart_images (`image_id`, `image_path`, `image_x`, `image_y`) VALUES ('134', 'B0002LY9E0.01-A2H2AYTJFCST9E._SCMZZZZZZZ_.jpg', '120', '120');
INSERT INTO cscart_images (`image_id`, `image_path`, `image_x`, `image_y`) VALUES ('135', 'B0009IPN4Q.01._SCMZZZZZZZ_.jpg', '120', '120');
INSERT INTO cscart_images (`image_id`, `image_path`, `image_x`, `image_y`) VALUES ('136', 'B0009IPMVU.01._SCMZZZZZZZ_.jpg', '120', '120');
INSERT INTO cscart_images (`image_id`, `image_path`, `image_x`, `image_y`) VALUES ('137', 'B0009IPMVU.01._SCLZZZZZZZ_.jpg', '500', '500');
INSERT INTO cscart_images (`image_id`, `image_path`, `image_x`, `image_y`) VALUES ('138', 'B0007XFFGE.01-A8NGTDCMCO53E._SCMZZZZZZZ_.jpg', '120', '120');
INSERT INTO cscart_images (`image_id`, `image_path`, `image_x`, `image_y`) VALUES ('139', 'B0007XFFGE.01-A8NGTDCMCO53E._SCLZZZZZZZ_.jpg', '299', '250');
INSERT INTO cscart_images (`image_id`, `image_path`, `image_x`, `image_y`) VALUES ('140', 'B0001K9MV2.01-A3JVIKGOHK5XS3._SCMZZZZZZZ_.jpg', '120', '120');
INSERT INTO cscart_images (`image_id`, `image_path`, `image_x`, `image_y`) VALUES ('141', 'detailed_image_1386.jpg', '240', '250');
INSERT INTO cscart_images (`image_id`, `image_path`, `image_x`, `image_y`) VALUES ('142', 'B0007OAZ04.01-A3JVIKGOHK5XS3._SCMZZZZZZZ_.jpg', '120', '120');
INSERT INTO cscart_images (`image_id`, `image_path`, `image_x`, `image_y`) VALUES ('143', 'B0007OAZ04.01-A3JVIKGOHK5XS3._SCLZZZZZZZ_.jpg', '225', '225');
INSERT INTO cscart_images (`image_id`, `image_path`, `image_x`, `image_y`) VALUES ('144', 'B0009ALVNQ.01-A3A2CMJK89EK9._SCMZZZZZZZ_.jpg', '120', '120');
INSERT INTO cscart_images (`image_id`, `image_path`, `image_x`, `image_y`) VALUES ('145', 'B0007OAYIW.01-A3JVIKGOHK5XS3._SCMZZZZZZZ_.jpg', '120', '120');
INSERT INTO cscart_images (`image_id`, `image_path`, `image_x`, `image_y`) VALUES ('146', 'B0007OAYIW.01-A3JVIKGOHK5XS3._SCLZZZZZZZ_.jpg', '225', '225');
INSERT INTO cscart_images (`image_id`, `image_path`, `image_x`, `image_y`) VALUES ('147', 'B00024848Y.01-A2OS1Y72HGJYGC._SCMZZZZZZZ_.jpg', '120', '120');
INSERT INTO cscart_images (`image_id`, `image_path`, `image_x`, `image_y`) VALUES ('148', 'B00024848Y.01-A2OS1Y72HGJYGC._SCLZZZZZZZ_.jpg', '350', '350');
INSERT INTO cscart_images (`image_id`, `image_path`, `image_x`, `image_y`) VALUES ('149', 'product_image_1401.gif', '120', '120');
INSERT INTO cscart_images (`image_id`, `image_path`, `image_x`, `image_y`) VALUES ('150', 'detailed_image_1382.jpg', '240', '250');
INSERT INTO cscart_images (`image_id`, `image_path`, `image_x`, `image_y`) VALUES ('151', 'product_image_1402.gif', '120', '120');
INSERT INTO cscart_images (`image_id`, `image_path`, `image_x`, `image_y`) VALUES ('152', 'detailed_image_1383.jpg', '500', '500');
INSERT INTO cscart_images (`image_id`, `image_path`, `image_x`, `image_y`) VALUES ('153', 'product_image_1403.gif', '120', '120');
INSERT INTO cscart_images (`image_id`, `image_path`, `image_x`, `image_y`) VALUES ('154', 'detailed_image_1384.jpg', '240', '250');
INSERT INTO cscart_images (`image_id`, `image_path`, `image_x`, `image_y`) VALUES ('155', 'product_image_1404.gif', '120', '120');
INSERT INTO cscart_images (`image_id`, `image_path`, `image_x`, `image_y`) VALUES ('156', 'detailed_image_1385.jpg', '240', '250');
INSERT INTO cscart_images (`image_id`, `image_path`, `image_x`, `image_y`) VALUES ('157', 'product_image_1405.jpg', '120', '120');
INSERT INTO cscart_images (`image_id`, `image_path`, `image_x`, `image_y`) VALUES ('158', 'product_image_1406.jpg', '120', '120');
INSERT INTO cscart_images (`image_id`, `image_path`, `image_x`, `image_y`) VALUES ('159', 'product_image_1407.jpg', '120', '120');
INSERT INTO cscart_images (`image_id`, `image_path`, `image_x`, `image_y`) VALUES ('160', 'product_image_1408.jpg', '120', '120');
INSERT INTO cscart_images (`image_id`, `image_path`, `image_x`, `image_y`) VALUES ('161', 'product_image_1409.jpg', '120', '120');
INSERT INTO cscart_images (`image_id`, `image_path`, `image_x`, `image_y`) VALUES ('162', 'product_image_1410.jpg', '120', '120');
INSERT INTO cscart_images (`image_id`, `image_path`, `image_x`, `image_y`) VALUES ('163', 'product_image_1411.jpg', '120', '120');
INSERT INTO cscart_images (`image_id`, `image_path`, `image_x`, `image_y`) VALUES ('164', 'product_image_1412.jpg', '120', '120');
INSERT INTO cscart_images (`image_id`, `image_path`, `image_x`, `image_y`) VALUES ('165', 'product_image_1413.jpg', '120', '120');
INSERT INTO cscart_images (`image_id`, `image_path`, `image_x`, `image_y`) VALUES ('166', 'product_image_1414.jpg', '120', '120');
INSERT INTO cscart_images (`image_id`, `image_path`, `image_x`, `image_y`) VALUES ('167', 'product_image_1415.jpg', '120', '120');
INSERT INTO cscart_images (`image_id`, `image_path`, `image_x`, `image_y`) VALUES ('168', 'product_image_1416.jpg', '120', '120');
INSERT INTO cscart_images (`image_id`, `image_path`, `image_x`, `image_y`) VALUES ('169', 'product_image_1417.jpg', '120', '120');
INSERT INTO cscart_images (`image_id`, `image_path`, `image_x`, `image_y`) VALUES ('170', 'product_image_1418.jpg', '120', '120');
INSERT INTO cscart_images (`image_id`, `image_path`, `image_x`, `image_y`) VALUES ('171', 'product_image_1419.jpg', '120', '120');
INSERT INTO cscart_images (`image_id`, `image_path`, `image_x`, `image_y`) VALUES ('172', 'product_image_1420.jpg', '120', '120');
INSERT INTO cscart_images (`image_id`, `image_path`, `image_x`, `image_y`) VALUES ('173', 'product_image_1421.jpg', '120', '120');
INSERT INTO cscart_images (`image_id`, `image_path`, `image_x`, `image_y`) VALUES ('174', 'product_image_1422.jpg', '120', '120');
INSERT INTO cscart_images (`image_id`, `image_path`, `image_x`, `image_y`) VALUES ('175', 'product_image_1423.jpg', '120', '120');
INSERT INTO cscart_images (`image_id`, `image_path`, `image_x`, `image_y`) VALUES ('176', 'product_image_1424.jpg', '120', '120');
INSERT INTO cscart_images (`image_id`, `image_path`, `image_x`, `image_y`) VALUES ('177', 'product_image_1425.jpg', '120', '120');
INSERT INTO cscart_images (`image_id`, `image_path`, `image_x`, `image_y`) VALUES ('178', 'product_image_1426.jpg', '120', '120');
INSERT INTO cscart_images (`image_id`, `image_path`, `image_x`, `image_y`) VALUES ('179', 'product_image_1427.jpg', '120', '120');
INSERT INTO cscart_images (`image_id`, `image_path`, `image_x`, `image_y`) VALUES ('180', 'category_image_1.jpg', '120', '136');
INSERT INTO cscart_images (`image_id`, `image_path`, `image_x`, `image_y`) VALUES ('181', 'category_image_2.gif', '120', '120');
INSERT INTO cscart_images (`image_id`, `image_path`, `image_x`, `image_y`) VALUES ('182', 'category_image_5.gif', '120', '120');
INSERT INTO cscart_images (`image_id`, `image_path`, `image_x`, `image_y`) VALUES ('183', 'category_image_6.gif', '120', '120');
INSERT INTO cscart_images (`image_id`, `image_path`, `image_x`, `image_y`) VALUES ('184', 'category_image_8.gif', '150', '120');
INSERT INTO cscart_images (`image_id`, `image_path`, `image_x`, `image_y`) VALUES ('185', 'category_image_9.jpg', '90', '60');
INSERT INTO cscart_images (`image_id`, `image_path`, `image_x`, `image_y`) VALUES ('186', 'category_image_13.gif', '120', '120');
INSERT INTO cscart_images (`image_id`, `image_path`, `image_x`, `image_y`) VALUES ('187', 'category_image_12.jpg', '120', '136');
INSERT INTO cscart_images (`image_id`, `image_path`, `image_x`, `image_y`) VALUES ('188', 'category_image_14.gif', '120', '120');
INSERT INTO cscart_images (`image_id`, `image_path`, `image_x`, `image_y`) VALUES ('189', 'common_image_1.jpg', '171', '149');
INSERT INTO cscart_images (`image_id`, `image_path`, `image_x`, `image_y`) VALUES ('190', 'common_image_2.gif', '171', '170');
INSERT INTO cscart_images (`image_id`, `image_path`, `image_x`, `image_y`) VALUES ('191', 'thumbnail_B000068IG9.01._SCMZZZZZZZ_.jpg', '120', '114');
INSERT INTO cscart_images (`image_id`, `image_path`, `image_x`, `image_y`) VALUES ('192', 'modems.jpg', '150', '142');
INSERT INTO cscart_images (`image_id`, `image_path`, `image_x`, `image_y`) VALUES ('193', '22.jpg', '120', '114');
INSERT INTO cscart_images (`image_id`, `image_path`, `image_x`, `image_y`) VALUES ('194', 'detailed_image_1403.jpg', '500', '476');
INSERT INTO cscart_images (`image_id`, `image_path`, `image_x`, `image_y`) VALUES ('195', 'configurator_group_image_16.jpg', '100', '100');
INSERT INTO cscart_images (`image_id`, `image_path`, `image_x`, `image_y`) VALUES ('196', 'configurator_group_image_18.jpg', '140', '89');
INSERT INTO cscart_images (`image_id`, `image_path`, `image_x`, `image_y`) VALUES ('197', '19.jpg', '120', '112');
INSERT INTO cscart_images (`image_id`, `image_path`, `image_x`, `image_y`) VALUES ('198', 'detailed_image_1400.jpg', '341', '317');
INSERT INTO cscart_images (`image_id`, `image_path`, `image_x`, `image_y`) VALUES ('199', '20.jpg', '120', '105');
INSERT INTO cscart_images (`image_id`, `image_path`, `image_x`, `image_y`) VALUES ('200', 'detailed_image_1401.jpg', '287', '252');
INSERT INTO cscart_images_links (`pair_id`, `object_id`, `object_type`, `image_id`, `detailed_id`, `type`) VALUES ('1', '863', 'product', '1', '2', 'M');
INSERT INTO cscart_images_links (`pair_id`, `object_id`, `object_type`, `image_id`, `detailed_id`, `type`) VALUES ('2', '867', 'product', '3', '0', 'M');
INSERT INTO cscart_images_links (`pair_id`, `object_id`, `object_type`, `image_id`, `detailed_id`, `type`) VALUES ('3', '869', 'product', '4', '0', 'M');
INSERT INTO cscart_images_links (`pair_id`, `object_id`, `object_type`, `image_id`, `detailed_id`, `type`) VALUES ('4', '877', 'product', '5', '0', 'M');
INSERT INTO cscart_images_links (`pair_id`, `object_id`, `object_type`, `image_id`, `detailed_id`, `type`) VALUES ('5', '878', 'product', '6', '7', 'M');
INSERT INTO cscart_images_links (`pair_id`, `object_id`, `object_type`, `image_id`, `detailed_id`, `type`) VALUES ('6', '879', 'product', '8', '9', 'M');
INSERT INTO cscart_images_links (`pair_id`, `object_id`, `object_type`, `image_id`, `detailed_id`, `type`) VALUES ('7', '885', 'product', '10', '11', 'M');
INSERT INTO cscart_images_links (`pair_id`, `object_id`, `object_type`, `image_id`, `detailed_id`, `type`) VALUES ('8', '886', 'product', '12', '0', 'M');
INSERT INTO cscart_images_links (`pair_id`, `object_id`, `object_type`, `image_id`, `detailed_id`, `type`) VALUES ('9', '887', 'product', '13', '0', 'M');
INSERT INTO cscart_images_links (`pair_id`, `object_id`, `object_type`, `image_id`, `detailed_id`, `type`) VALUES ('10', '890', 'product', '14', '15', 'M');
INSERT INTO cscart_images_links (`pair_id`, `object_id`, `object_type`, `image_id`, `detailed_id`, `type`) VALUES ('11', '892', 'product', '16', '0', 'M');
INSERT INTO cscart_images_links (`pair_id`, `object_id`, `object_type`, `image_id`, `detailed_id`, `type`) VALUES ('12', '899', 'product', '17', '18', 'M');
INSERT INTO cscart_images_links (`pair_id`, `object_id`, `object_type`, `image_id`, `detailed_id`, `type`) VALUES ('13', '903', 'product', '19', '0', 'M');
INSERT INTO cscart_images_links (`pair_id`, `object_id`, `object_type`, `image_id`, `detailed_id`, `type`) VALUES ('14', '909', 'product', '20', '0', 'M');
INSERT INTO cscart_images_links (`pair_id`, `object_id`, `object_type`, `image_id`, `detailed_id`, `type`) VALUES ('15', '836', 'product', '21', '22', 'M');
INSERT INTO cscart_images_links (`pair_id`, `object_id`, `object_type`, `image_id`, `detailed_id`, `type`) VALUES ('16', '829', 'product', '23', '0', 'M');
INSERT INTO cscart_images_links (`pair_id`, `object_id`, `object_type`, `image_id`, `detailed_id`, `type`) VALUES ('17', '1028', 'product', '24', '0', 'M');
INSERT INTO cscart_images_links (`pair_id`, `object_id`, `object_type`, `image_id`, `detailed_id`, `type`) VALUES ('18', '749', 'product', '25', '0', 'M');
INSERT INTO cscart_images_links (`pair_id`, `object_id`, `object_type`, `image_id`, `detailed_id`, `type`) VALUES ('19', '745', 'product', '26', '27', 'M');
INSERT INTO cscart_images_links (`pair_id`, `object_id`, `object_type`, `image_id`, `detailed_id`, `type`) VALUES ('20', '744', 'product', '28', '29', 'M');
INSERT INTO cscart_images_links (`pair_id`, `object_id`, `object_type`, `image_id`, `detailed_id`, `type`) VALUES ('21', '743', 'product', '30', '31', 'M');
INSERT INTO cscart_images_links (`pair_id`, `object_id`, `object_type`, `image_id`, `detailed_id`, `type`) VALUES ('22', '742', 'product', '32', '33', 'M');
INSERT INTO cscart_images_links (`pair_id`, `object_id`, `object_type`, `image_id`, `detailed_id`, `type`) VALUES ('23', '776', 'product', '34', '0', 'M');
INSERT INTO cscart_images_links (`pair_id`, `object_id`, `object_type`, `image_id`, `detailed_id`, `type`) VALUES ('24', '778', 'product', '35', '36', 'M');
INSERT INTO cscart_images_links (`pair_id`, `object_id`, `object_type`, `image_id`, `detailed_id`, `type`) VALUES ('25', '826', 'product', '37', '0', 'M');
INSERT INTO cscart_images_links (`pair_id`, `object_id`, `object_type`, `image_id`, `detailed_id`, `type`) VALUES ('26', '821', 'product', '38', '0', 'M');
INSERT INTO cscart_images_links (`pair_id`, `object_id`, `object_type`, `image_id`, `detailed_id`, `type`) VALUES ('27', '823', 'product', '39', '40', 'M');
INSERT INTO cscart_images_links (`pair_id`, `object_id`, `object_type`, `image_id`, `detailed_id`, `type`) VALUES ('28', '817', 'product', '41', '42', 'M');
INSERT INTO cscart_images_links (`pair_id`, `object_id`, `object_type`, `image_id`, `detailed_id`, `type`) VALUES ('29', '800', 'product', '43', '44', 'M');
INSERT INTO cscart_images_links (`pair_id`, `object_id`, `object_type`, `image_id`, `detailed_id`, `type`) VALUES ('30', '803', 'product', '45', '46', 'M');
INSERT INTO cscart_images_links (`pair_id`, `object_id`, `object_type`, `image_id`, `detailed_id`, `type`) VALUES ('31', '804', 'product', '47', '0', 'M');
INSERT INTO cscart_images_links (`pair_id`, `object_id`, `object_type`, `image_id`, `detailed_id`, `type`) VALUES ('32', '809', 'product', '48', '49', 'M');
INSERT INTO cscart_images_links (`pair_id`, `object_id`, `object_type`, `image_id`, `detailed_id`, `type`) VALUES ('33', '812', 'product', '50', '0', 'M');
INSERT INTO cscart_images_links (`pair_id`, `object_id`, `object_type`, `image_id`, `detailed_id`, `type`) VALUES ('34', '1030', 'product', '51', '0', 'M');
INSERT INTO cscart_images_links (`pair_id`, `object_id`, `object_type`, `image_id`, `detailed_id`, `type`) VALUES ('35', '761', 'product', '52', '0', 'M');
INSERT INTO cscart_images_links (`pair_id`, `object_id`, `object_type`, `image_id`, `detailed_id`, `type`) VALUES ('36', '764', 'product', '53', '54', 'M');
INSERT INTO cscart_images_links (`pair_id`, `object_id`, `object_type`, `image_id`, `detailed_id`, `type`) VALUES ('37', '1034', 'product', '55', '56', 'M');
INSERT INTO cscart_images_links (`pair_id`, `object_id`, `object_type`, `image_id`, `detailed_id`, `type`) VALUES ('38', '1035', 'product', '57', '0', 'M');
INSERT INTO cscart_images_links (`pair_id`, `object_id`, `object_type`, `image_id`, `detailed_id`, `type`) VALUES ('39', '1045', 'product', '58', '59', 'M');
INSERT INTO cscart_images_links (`pair_id`, `object_id`, `object_type`, `image_id`, `detailed_id`, `type`) VALUES ('40', '1050', 'product', '60', '0', 'M');
INSERT INTO cscart_images_links (`pair_id`, `object_id`, `object_type`, `image_id`, `detailed_id`, `type`) VALUES ('41', '1052', 'product', '61', '0', 'M');
INSERT INTO cscart_images_links (`pair_id`, `object_id`, `object_type`, `image_id`, `detailed_id`, `type`) VALUES ('42', '1054', 'product', '62', '63', 'M');
INSERT INTO cscart_images_links (`pair_id`, `object_id`, `object_type`, `image_id`, `detailed_id`, `type`) VALUES ('43', '1060', 'product', '64', '65', 'M');
INSERT INTO cscart_images_links (`pair_id`, `object_id`, `object_type`, `image_id`, `detailed_id`, `type`) VALUES ('44', '1061', 'product', '66', '67', 'M');
INSERT INTO cscart_images_links (`pair_id`, `object_id`, `object_type`, `image_id`, `detailed_id`, `type`) VALUES ('45', '1062', 'product', '68', '69', 'M');
INSERT INTO cscart_images_links (`pair_id`, `object_id`, `object_type`, `image_id`, `detailed_id`, `type`) VALUES ('46', '1064', 'product', '70', '0', 'M');
INSERT INTO cscart_images_links (`pair_id`, `object_id`, `object_type`, `image_id`, `detailed_id`, `type`) VALUES ('47', '1065', 'product', '71', '0', 'M');
INSERT INTO cscart_images_links (`pair_id`, `object_id`, `object_type`, `image_id`, `detailed_id`, `type`) VALUES ('48', '1066', 'product', '72', '73', 'M');
INSERT INTO cscart_images_links (`pair_id`, `object_id`, `object_type`, `image_id`, `detailed_id`, `type`) VALUES ('49', '1067', 'product', '74', '0', 'M');
INSERT INTO cscart_images_links (`pair_id`, `object_id`, `object_type`, `image_id`, `detailed_id`, `type`) VALUES ('50', '1069', 'product', '75', '0', 'M');
INSERT INTO cscart_images_links (`pair_id`, `object_id`, `object_type`, `image_id`, `detailed_id`, `type`) VALUES ('51', '1091', 'product', '76', '77', 'M');
INSERT INTO cscart_images_links (`pair_id`, `object_id`, `object_type`, `image_id`, `detailed_id`, `type`) VALUES ('52', '1094', 'product', '78', '79', 'M');
INSERT INTO cscart_images_links (`pair_id`, `object_id`, `object_type`, `image_id`, `detailed_id`, `type`) VALUES ('53', '1096', 'product', '80', '0', 'M');
INSERT INTO cscart_images_links (`pair_id`, `object_id`, `object_type`, `image_id`, `detailed_id`, `type`) VALUES ('54', '1104', 'product', '81', '0', 'M');
INSERT INTO cscart_images_links (`pair_id`, `object_id`, `object_type`, `image_id`, `detailed_id`, `type`) VALUES ('55', '1106', 'product', '82', '83', 'M');
INSERT INTO cscart_images_links (`pair_id`, `object_id`, `object_type`, `image_id`, `detailed_id`, `type`) VALUES ('56', '1108', 'product', '84', '0', 'M');
INSERT INTO cscart_images_links (`pair_id`, `object_id`, `object_type`, `image_id`, `detailed_id`, `type`) VALUES ('57', '1110', 'product', '85', '0', 'M');
INSERT INTO cscart_images_links (`pair_id`, `object_id`, `object_type`, `image_id`, `detailed_id`, `type`) VALUES ('58', '1115', 'product', '86', '0', 'M');
INSERT INTO cscart_images_links (`pair_id`, `object_id`, `object_type`, `image_id`, `detailed_id`, `type`) VALUES ('59', '1120', 'product', '87', '88', 'M');
INSERT INTO cscart_images_links (`pair_id`, `object_id`, `object_type`, `image_id`, `detailed_id`, `type`) VALUES ('60', '1123', 'product', '89', '90', 'M');
INSERT INTO cscart_images_links (`pair_id`, `object_id`, `object_type`, `image_id`, `detailed_id`, `type`) VALUES ('61', '1139', 'product', '91', '0', 'M');
INSERT INTO cscart_images_links (`pair_id`, `object_id`, `object_type`, `image_id`, `detailed_id`, `type`) VALUES ('62', '1142', 'product', '92', '93', 'M');
INSERT INTO cscart_images_links (`pair_id`, `object_id`, `object_type`, `image_id`, `detailed_id`, `type`) VALUES ('63', '1153', 'product', '94', '0', 'M');
INSERT INTO cscart_images_links (`pair_id`, `object_id`, `object_type`, `image_id`, `detailed_id`, `type`) VALUES ('64', '1163', 'product', '95', '96', 'M');
INSERT INTO cscart_images_links (`pair_id`, `object_id`, `object_type`, `image_id`, `detailed_id`, `type`) VALUES ('65', '1165', 'product', '97', '0', 'M');
INSERT INTO cscart_images_links (`pair_id`, `object_id`, `object_type`, `image_id`, `detailed_id`, `type`) VALUES ('66', '1172', 'product', '98', '0', 'M');
INSERT INTO cscart_images_links (`pair_id`, `object_id`, `object_type`, `image_id`, `detailed_id`, `type`) VALUES ('67', '1188', 'product', '99', '0', 'M');
INSERT INTO cscart_images_links (`pair_id`, `object_id`, `object_type`, `image_id`, `detailed_id`, `type`) VALUES ('68', '1285', 'product', '100', '0', 'M');
INSERT INTO cscart_images_links (`pair_id`, `object_id`, `object_type`, `image_id`, `detailed_id`, `type`) VALUES ('69', '1287', 'product', '101', '0', 'M');
INSERT INTO cscart_images_links (`pair_id`, `object_id`, `object_type`, `image_id`, `detailed_id`, `type`) VALUES ('70', '1291', 'product', '102', '0', 'M');
INSERT INTO cscart_images_links (`pair_id`, `object_id`, `object_type`, `image_id`, `detailed_id`, `type`) VALUES ('71', '1360', 'product', '103', '0', 'M');
INSERT INTO cscart_images_links (`pair_id`, `object_id`, `object_type`, `image_id`, `detailed_id`, `type`) VALUES ('72', '1480', 'product', '104', '0', 'M');
INSERT INTO cscart_images_links (`pair_id`, `object_id`, `object_type`, `image_id`, `detailed_id`, `type`) VALUES ('73', '1481', 'product', '105', '106', 'M');
INSERT INTO cscart_images_links (`pair_id`, `object_id`, `object_type`, `image_id`, `detailed_id`, `type`) VALUES ('74', '1485', 'product', '107', '108', 'M');
INSERT INTO cscart_images_links (`pair_id`, `object_id`, `object_type`, `image_id`, `detailed_id`, `type`) VALUES ('75', '1488', 'product', '109', '110', 'M');
INSERT INTO cscart_images_links (`pair_id`, `object_id`, `object_type`, `image_id`, `detailed_id`, `type`) VALUES ('76', '1490', 'product', '111', '112', 'M');
INSERT INTO cscart_images_links (`pair_id`, `object_id`, `object_type`, `image_id`, `detailed_id`, `type`) VALUES ('77', '1492', 'product', '113', '0', 'M');
INSERT INTO cscart_images_links (`pair_id`, `object_id`, `object_type`, `image_id`, `detailed_id`, `type`) VALUES ('78', '1493', 'product', '114', '115', 'M');
INSERT INTO cscart_images_links (`pair_id`, `object_id`, `object_type`, `image_id`, `detailed_id`, `type`) VALUES ('79', '1496', 'product', '116', '0', 'M');
INSERT INTO cscart_images_links (`pair_id`, `object_id`, `object_type`, `image_id`, `detailed_id`, `type`) VALUES ('80', '1498', 'product', '117', '118', 'M');
INSERT INTO cscart_images_links (`pair_id`, `object_id`, `object_type`, `image_id`, `detailed_id`, `type`) VALUES ('81', '1501', 'product', '119', '0', 'M');
INSERT INTO cscart_images_links (`pair_id`, `object_id`, `object_type`, `image_id`, `detailed_id`, `type`) VALUES ('82', '1503', 'product', '120', '121', 'M');
INSERT INTO cscart_images_links (`pair_id`, `object_id`, `object_type`, `image_id`, `detailed_id`, `type`) VALUES ('83', '1505', 'product', '122', '123', 'M');
INSERT INTO cscart_images_links (`pair_id`, `object_id`, `object_type`, `image_id`, `detailed_id`, `type`) VALUES ('84', '1507', 'product', '124', '0', 'M');
INSERT INTO cscart_images_links (`pair_id`, `object_id`, `object_type`, `image_id`, `detailed_id`, `type`) VALUES ('85', '1509', 'product', '125', '0', 'M');
INSERT INTO cscart_images_links (`pair_id`, `object_id`, `object_type`, `image_id`, `detailed_id`, `type`) VALUES ('86', '1524', 'product', '126', '127', 'M');
INSERT INTO cscart_images_links (`pair_id`, `object_id`, `object_type`, `image_id`, `detailed_id`, `type`) VALUES ('87', '1526', 'product', '128', '0', 'M');
INSERT INTO cscart_images_links (`pair_id`, `object_id`, `object_type`, `image_id`, `detailed_id`, `type`) VALUES ('88', '1527', 'product', '129', '130', 'M');
INSERT INTO cscart_images_links (`pair_id`, `object_id`, `object_type`, `image_id`, `detailed_id`, `type`) VALUES ('89', '1529', 'product', '131', '132', 'M');
INSERT INTO cscart_images_links (`pair_id`, `object_id`, `object_type`, `image_id`, `detailed_id`, `type`) VALUES ('90', '1530', 'product', '133', '0', 'M');
INSERT INTO cscart_images_links (`pair_id`, `object_id`, `object_type`, `image_id`, `detailed_id`, `type`) VALUES ('91', '1533', 'product', '134', '0', 'M');
INSERT INTO cscart_images_links (`pair_id`, `object_id`, `object_type`, `image_id`, `detailed_id`, `type`) VALUES ('92', '1537', 'product', '135', '0', 'M');
INSERT INTO cscart_images_links (`pair_id`, `object_id`, `object_type`, `image_id`, `detailed_id`, `type`) VALUES ('93', '1542', 'product', '136', '137', 'M');
INSERT INTO cscart_images_links (`pair_id`, `object_id`, `object_type`, `image_id`, `detailed_id`, `type`) VALUES ('94', '1552', 'product', '138', '139', 'M');
INSERT INTO cscart_images_links (`pair_id`, `object_id`, `object_type`, `image_id`, `detailed_id`, `type`) VALUES ('95', '1553', 'product', '140', '141', 'M');
INSERT INTO cscart_images_links (`pair_id`, `object_id`, `object_type`, `image_id`, `detailed_id`, `type`) VALUES ('96', '1555', 'product', '142', '143', 'M');
INSERT INTO cscart_images_links (`pair_id`, `object_id`, `object_type`, `image_id`, `detailed_id`, `type`) VALUES ('97', '1556', 'product', '144', '0', 'M');
INSERT INTO cscart_images_links (`pair_id`, `object_id`, `object_type`, `image_id`, `detailed_id`, `type`) VALUES ('98', '1557', 'product', '145', '146', 'M');
INSERT INTO cscart_images_links (`pair_id`, `object_id`, `object_type`, `image_id`, `detailed_id`, `type`) VALUES ('99', '1560', 'product', '147', '148', 'M');
INSERT INTO cscart_images_links (`pair_id`, `object_id`, `object_type`, `image_id`, `detailed_id`, `type`) VALUES ('100', '1553', 'product', '149', '150', 'A');
INSERT INTO cscart_images_links (`pair_id`, `object_id`, `object_type`, `image_id`, `detailed_id`, `type`) VALUES ('101', '1553', 'product', '151', '152', 'A');
INSERT INTO cscart_images_links (`pair_id`, `object_id`, `object_type`, `image_id`, `detailed_id`, `type`) VALUES ('102', '1553', 'product', '153', '154', 'A');
INSERT INTO cscart_images_links (`pair_id`, `object_id`, `object_type`, `image_id`, `detailed_id`, `type`) VALUES ('103', '1553', 'product', '155', '156', 'A');
INSERT INTO cscart_images_links (`pair_id`, `object_id`, `object_type`, `image_id`, `detailed_id`, `type`) VALUES ('104', '29743', 'product', '157', '0', 'M');
INSERT INTO cscart_images_links (`pair_id`, `object_id`, `object_type`, `image_id`, `detailed_id`, `type`) VALUES ('105', '29744', 'product', '158', '0', 'M');
INSERT INTO cscart_images_links (`pair_id`, `object_id`, `object_type`, `image_id`, `detailed_id`, `type`) VALUES ('106', '29745', 'product', '159', '0', 'M');
INSERT INTO cscart_images_links (`pair_id`, `object_id`, `object_type`, `image_id`, `detailed_id`, `type`) VALUES ('107', '29746', 'product', '160', '0', 'M');
INSERT INTO cscart_images_links (`pair_id`, `object_id`, `object_type`, `image_id`, `detailed_id`, `type`) VALUES ('108', '29747', 'product', '161', '0', 'M');
INSERT INTO cscart_images_links (`pair_id`, `object_id`, `object_type`, `image_id`, `detailed_id`, `type`) VALUES ('109', '29748', 'product', '162', '0', 'M');
INSERT INTO cscart_images_links (`pair_id`, `object_id`, `object_type`, `image_id`, `detailed_id`, `type`) VALUES ('110', '29750', 'product', '163', '0', 'M');
INSERT INTO cscart_images_links (`pair_id`, `object_id`, `object_type`, `image_id`, `detailed_id`, `type`) VALUES ('111', '29751', 'product', '164', '0', 'M');
INSERT INTO cscart_images_links (`pair_id`, `object_id`, `object_type`, `image_id`, `detailed_id`, `type`) VALUES ('112', '29752', 'product', '165', '0', 'M');
INSERT INTO cscart_images_links (`pair_id`, `object_id`, `object_type`, `image_id`, `detailed_id`, `type`) VALUES ('113', '29753', 'product', '166', '0', 'M');
INSERT INTO cscart_images_links (`pair_id`, `object_id`, `object_type`, `image_id`, `detailed_id`, `type`) VALUES ('114', '29754', 'product', '167', '0', 'M');
INSERT INTO cscart_images_links (`pair_id`, `object_id`, `object_type`, `image_id`, `detailed_id`, `type`) VALUES ('115', '29749', 'product', '168', '0', 'M');
INSERT INTO cscart_images_links (`pair_id`, `object_id`, `object_type`, `image_id`, `detailed_id`, `type`) VALUES ('116', '29755', 'product', '169', '0', 'M');
INSERT INTO cscart_images_links (`pair_id`, `object_id`, `object_type`, `image_id`, `detailed_id`, `type`) VALUES ('117', '29756', 'product', '170', '0', 'M');
INSERT INTO cscart_images_links (`pair_id`, `object_id`, `object_type`, `image_id`, `detailed_id`, `type`) VALUES ('118', '29757', 'product', '171', '0', 'M');
INSERT INTO cscart_images_links (`pair_id`, `object_id`, `object_type`, `image_id`, `detailed_id`, `type`) VALUES ('119', '29758', 'product', '172', '0', 'M');
INSERT INTO cscart_images_links (`pair_id`, `object_id`, `object_type`, `image_id`, `detailed_id`, `type`) VALUES ('120', '29759', 'product', '173', '0', 'M');
INSERT INTO cscart_images_links (`pair_id`, `object_id`, `object_type`, `image_id`, `detailed_id`, `type`) VALUES ('121', '29760', 'product', '174', '0', 'M');
INSERT INTO cscart_images_links (`pair_id`, `object_id`, `object_type`, `image_id`, `detailed_id`, `type`) VALUES ('122', '29761', 'product', '175', '0', 'M');
INSERT INTO cscart_images_links (`pair_id`, `object_id`, `object_type`, `image_id`, `detailed_id`, `type`) VALUES ('123', '29768', 'product', '176', '0', 'M');
INSERT INTO cscart_images_links (`pair_id`, `object_id`, `object_type`, `image_id`, `detailed_id`, `type`) VALUES ('124', '29769', 'product', '177', '0', 'M');
INSERT INTO cscart_images_links (`pair_id`, `object_id`, `object_type`, `image_id`, `detailed_id`, `type`) VALUES ('125', '29776', 'product', '178', '0', 'M');
INSERT INTO cscart_images_links (`pair_id`, `object_id`, `object_type`, `image_id`, `detailed_id`, `type`) VALUES ('126', '29777', 'product', '179', '0', 'M');
INSERT INTO cscart_images_links (`pair_id`, `object_id`, `object_type`, `image_id`, `detailed_id`, `type`) VALUES ('127', '87', 'category', '180', '0', 'M');
INSERT INTO cscart_images_links (`pair_id`, `object_id`, `object_type`, `image_id`, `detailed_id`, `type`) VALUES ('128', '119', 'category', '181', '0', 'M');
INSERT INTO cscart_images_links (`pair_id`, `object_id`, `object_type`, `image_id`, `detailed_id`, `type`) VALUES ('129', '129', 'category', '182', '0', 'M');
INSERT INTO cscart_images_links (`pair_id`, `object_id`, `object_type`, `image_id`, `detailed_id`, `type`) VALUES ('130', '95', 'category', '183', '0', 'M');
INSERT INTO cscart_images_links (`pair_id`, `object_id`, `object_type`, `image_id`, `detailed_id`, `type`) VALUES ('131', '85', 'category', '184', '0', 'M');
INSERT INTO cscart_images_links (`pair_id`, `object_id`, `object_type`, `image_id`, `detailed_id`, `type`) VALUES ('132', '122', 'category', '185', '0', 'M');
INSERT INTO cscart_images_links (`pair_id`, `object_id`, `object_type`, `image_id`, `detailed_id`, `type`) VALUES ('133', '111', 'category', '186', '0', 'M');
INSERT INTO cscart_images_links (`pair_id`, `object_id`, `object_type`, `image_id`, `detailed_id`, `type`) VALUES ('134', '93', 'category', '187', '0', 'M');
INSERT INTO cscart_images_links (`pair_id`, `object_id`, `object_type`, `image_id`, `detailed_id`, `type`) VALUES ('135', '113', 'category', '188', '0', 'M');
INSERT INTO cscart_images_links (`pair_id`, `object_id`, `object_type`, `image_id`, `detailed_id`, `type`) VALUES ('136', '1', 'promo', '189', '0', 'M');
INSERT INTO cscart_images_links (`pair_id`, `object_id`, `object_type`, `image_id`, `detailed_id`, `type`) VALUES ('137', '2', 'promo', '190', '0', 'M');
INSERT INTO cscart_images_links (`pair_id`, `object_id`, `object_type`, `image_id`, `detailed_id`, `type`) VALUES ('138', '28', 'conf_group', '191', '0', 'M');
INSERT INTO cscart_images_links (`pair_id`, `object_id`, `object_type`, `image_id`, `detailed_id`, `type`) VALUES ('139', '34', 'conf_group', '192', '0', 'M');
INSERT INTO cscart_images_links (`pair_id`, `object_id`, `object_type`, `image_id`, `detailed_id`, `type`) VALUES ('140', '35', 'conf_group', '193', '194', 'M');
INSERT INTO cscart_images_links (`pair_id`, `object_id`, `object_type`, `image_id`, `detailed_id`, `type`) VALUES ('141', '29', 'conf_group', '195', '194', 'M');
INSERT INTO cscart_images_links (`pair_id`, `object_id`, `object_type`, `image_id`, `detailed_id`, `type`) VALUES ('142', '31', 'conf_group', '196', '194', 'M');
INSERT INTO cscart_images_links (`pair_id`, `object_id`, `object_type`, `image_id`, `detailed_id`, `type`) VALUES ('143', '32', 'conf_group', '197', '198', 'M');
INSERT INTO cscart_images_links (`pair_id`, `object_id`, `object_type`, `image_id`, `detailed_id`, `type`) VALUES ('144', '33', 'conf_group', '199', '200', 'M');
INSERT INTO cscart_news (`news_id`, `date`, `separate`, `status`, `localization`) VALUES ('2', '1228913322', 'N', 'A', '');
INSERT INTO cscart_news (`news_id`, `date`, `separate`, `status`, `localization`) VALUES ('3', '1230814122', 'N', 'A', '');
INSERT INTO cscart_news (`news_id`, `date`, `separate`, `status`, `localization`) VALUES ('4', '1232110234', 'N', 'A', '');
INSERT INTO cscart_news_descriptions (`news_id`, `news`, `description`, `lang_code`) VALUES ('2', 'Design Updates', 'Our store has been through a major design update phase during the past few weeks, with the first set of changes now appearing online for public use.', 'EN');
INSERT INTO cscart_news_descriptions (`news_id`, `news`, `description`, `lang_code`) VALUES ('3', 'Happy New Year to you!!!', 'Our best wishes to you for year 2009!!!', 'EN');
INSERT INTO cscart_news_descriptions (`news_id`, `news`, `description`, `lang_code`) VALUES ('4', 'CS-Cart Version 2.0 released!', 'We strive everyday to exceed our clients expectations and to offer more to CS-Cart everyday. Thus we\'re glad to announce the release of CS-Cart version 2.0 with much anticipated changes and upgrades. These changes include both the customer end and administrator back-end to ensure user-friendly and efficient navigation and operation for both CS-Cart owners and users!', 'EN');
INSERT INTO cscart_product_descriptions (`product_id`, `lang_code`, `product`, `shortname`, `short_description`, `full_description`, `meta_keywords`, `meta_description`, `search_words`, `page_title`, `age_warning_message`) VALUES ('1091', 'EN', 'Sanyo RL-7300 PCS Vision Ready Link Phone (Sprint)', '', '', 'While the RL-7300 might look like a basic clamshell, it is actually a rugged, powerful mobile companion with great features like push-to-talk, a speakerphone, and dual color displays. Folks who need a phone that can take a beating will like this device. Plus, the instant communication of Sprint\'s Ready Link push-to-talk technology makes it great for the working world.<br /><b>Design</b><br /> The RL-7300\'s sporty candybar form factor sports a 132 x 176, 65,000-color main display, plus a 64 x 64, full-color secondary display on the outside of the front cover. In addition to the secondary display, the front panel features a speaker for speakerphone and voice dialing applications. An extendable antenna is located on the top right side of the phone, while most of the phone\'s features and on-screen menus are controlled by a five-way center button above the handset\'s dial pad. The Ready Link service is operated by a button on the left side of the phone-- walkie-talkie style. A 2.5mm headset jack is also provided.<br /><b>Calling Features</b><br /> The phone\'s built-in address book allows you to assign up to 300 entries, each storing seven numbers, with a total capacity for 500 numbers and 300 e-mail and Web addresses. A separate Ready Link phone book provides easy access to 200 personal contacts and 200 company-provided contacts. You can also customize your caller ID by linking a photo to a specific phone number in your contact list, or use voice dialing to automatically dial up to 30 pre-programmed contacts with the sound of your voice. In addition to a vibrating alert, you can choose from preloaded ring tones to jazz up your incoming calls. The phone offers a variety of traditional ring tones as well as polyphonic (32-chord), melodic ring tones. The RL-7300\'s GPS location technology pinpoints your exact location when you dial 911 (where available). Perhaps most importantly for users in rural areas, the RL-7300 is a tri-mode phone, meaning it can operate on Sprint\'s digital PCS network, as well as analog networks that serve many outlying areas.<p>   Hands-free operation of your phone is easy with the RL-7300\'s built-in speakerphone. Meanwhile, the RL-7300\'s Ready Link feature lets you enjoy the convenience of quick, walkie-talkie style communication at the touch of a button with one or several Ready Link users anywhere you go (Sprint PCS Ready Link service charges apply).</p><b>Messaging, Internet and Tools</b><br /> If you need basic messaging capabilities, the RL-7300 has you covered as support is built-in for sending and receiving SMS text messages (Sprint PCS text messaging charges apply). T9 text entry, a technology that makes it easier for people to enter words and text on handsets, is built-into the unit-- a plus for text messaging users.<p>  The phone also supports PCS Vision e-mail and instant messaging capabilities. Sprint PCS Vision transforms the wireless experience from something that\'s simply functional into something visual, entertaining and highly personalized. MSN Hotmail, Yahoo Mail and AOL Instant Messenger are all supported by Sprint\'s PCS Vision service. PCS Vision mobile Web services let you check out sports scores, get your seven-day forecast, check your flight status, and stay up to date with the latest news. Experience full-color graphic versions of popular Web sites.</p><p>  For business users, the RL-7300 offers something special. Sprint PCS Business Connection service is supported by the phone and it gives you secure, remote, real-time access to Microsoft Outlook or Lotus Notes information-- including e-mail messages and attachments, calendar, business directory and personal contacts. You can also respond to meeting requests, access documents stored on your desktop PC, and view e-mail from Internet e-mail accounts, including Sprint PCS Mail, Yahoo!, Earthlink and more.</p><p>  A number of handy software tools are bundled with the RL-7300 including a calendar, a calculator, an alarm clock, and a to-do list with scheduler. A voice recorder lets you record short voice memos for later retrieval.</p><b>Entertainment and Customization</b><br /> In addition to allowing you to choose one of four background screens for your phone\'s display, The RL-7300 lets you choose different font sizes when sending messages or accessing your browser. With PCS Vision service, you can download games like Tetris and Pac-Man, as well as additional ringers, screensavers and backgrounds.<br /><b>Vital Statistics</b><br /> The Sanyo RL-7300 weighs 4.24 ounces and measures 3.71 x 1.97 x 1.12 inches. Its lithium-ion battery is rated at up to 3 hours of digital talk time, and up to 96 hours of digital standby time. It runs on the AMPS 800/CDMA 800/CDMA 1900 frequencies. The phone comes with a one year limited warranty.<br /><b>What\'s in the Box</b><br /> RL-7300 handset, AC battery charger, lithium-ion battery, user\'s manual.', '', '', '', '', '');
INSERT INTO cscart_product_descriptions (`product_id`, `lang_code`, `product`, `shortname`, `short_description`, `full_description`, `meta_keywords`, `meta_description`, `search_words`, `page_title`, `age_warning_message`) VALUES ('1110', 'EN', 'eMachines T2958 Desktop PC (2.66 GHz Celeron D 330, 512 MB RAM, 80 GB Hard Drive, DVD-ROM Drive, CD-RW Drive)', '', '', 'Are you ready for pure excitement? The T2958 is a unique fusion of power, performance and style, and was built to satisfy even the most die-hard PC enthusiast. You\'ll be able to create spreadsheets and reports, e-mail, watch your favorite DVDs, burn CDs, play PC games and much more. Plus, the T2958 is value-priced, so you\'ll pay less money for a whole lot more fun. The excitement starts now - with the T2958.<br /><br />Get more for less with the eMachines T2958 desktop PC. Just right for students, home use, and even more demanding computer users, it features a 2.66 GHz Celeron processor, an 80 GB hard drive to store all your digital media files, 512 MB of RAM, and a combo DVD/CD-RW drive to accommodate all your multimedia needs. It comes with Windows XP Home Edition installed, along with all the software and utilities you\'ll need to get up and running fast.  <p><b>The Basics</b></p><ul><li><i>Hard Drive:</i> With an 80 GB hard drive you\'ll have ample room for everything you need to store, including digital photos, audio files, and digital videos.</li><li><i>Processor:</i> The ultra fast 2.66 GHz Intel Celeron D 330 processor has a 256 KB L2 cache and is fast enough to handle demanding applications.</li><li><i>Memory:</i> There is 512 MB RAM (PC 2100) in one slot, and is expandable to 1 GB for future upgrades.</li><li><i>CD/DVD Drive:</i> The CD-RW/DVD combo drive reads CDs at 40x and DVDs at 16x. It also writes to CD media at 16x and rewrite at speeds of 10x, so you can play audio CDs, access CD-ROMs, watch DVDs, make your own mix CDs, or backup files on CD-R or CD-RW media.</li><li><i>Keyboard &amp; Mouse:</i> It comes with a standard multimedia keyboard and 2-button wheel mouse. </li></ul><p><b>Sound and Graphics</b><br /> With an integrated Intel Extreme Graphics 3D card with 64 MB shared memory, you can play 3D games with realistic graphics and watch DVDs with movie-quality color and resolution. It also comes with amplified stereo speakers,  and AC \'97 audio for true Plug and Play audio so you can start listening to music right out of the box.</p><p><b>Connectivity and Expansion Slots</b><br /> It features a built-in 56K ITU v.92 ready fax/modem and Intel PRO 10/100 Mbps built-in Ethernet so you can get online easily whether you choose to use dial up or a high speed Internet connection or connect your computer to a network. Also included is an 8-in-1 Digital Media Manager to read USB 2.0, Secure Digital (SD), Smart Media, Compact Flash, Memory Stick, Memory Stick PRO, Micro Drive, and Multimedia Card. It also features the following external ports:</p><ul><li>5 USB 2.0 ports (1 in Media Manager, 4 in back) for connecting to a wide range of peripherals, from digital cameras to MP3 players</li><li>1 serial port for connecting to older electronics like modems or mice</li><li>1 parallel port for connecting to printers or cameras based on older technologies</li><li>2 PS/2 ports for the keyboard and mouse</li><li>Audio in and audio out ports for connecting headphones, microphone, or speakers</li></ul><p><b>Preloaded System and Software</b><br /> The eMachines T2958 is powered by Microsoft Windows XP Home Edition. Windows XP Home Edition is packed with multimedia features to help you get your creative juices flowing. Windows Media Player lets you burn and play CDs, in addition to playing and organizing digital audio files. Windows MovieMaker is a basic video editing tool that helps you capture and edit digital video to save your memories and share them with others.</p><p> It also comes packed with the following software: Microsoft Works 7.0, Microsoft Money 2004, Encarta Online, Adobe Acrobat Reader, Real Player, PowerDVD, Internet Explorer, CompuServe, AOL (with 3 month user group included), Norton AntiVirus 2004 (90 day complimentary subscription), and BigFix.</p><p><b>Dimensions and Weight</b><br /> The tower PC measures 7.25 x 14.12 x 16.0 inches (W x H x D). </p><p><b>What\'s in the Box</b><br /> eMachines T2958 desktop PC, keyboard, mouse, amplified stereo speakers, power cable, user\'s manual, and warranty information.</p><br /><br />', '', '', '', '', '');
INSERT INTO cscart_product_descriptions (`product_id`, `lang_code`, `product`, `shortname`, `short_description`, `full_description`, `meta_keywords`, `meta_description`, `search_words`, `page_title`, `age_warning_message`) VALUES ('1094', 'EN', 'PCS Phone Sanyo RL-4920 (Sprint)', '', '', 'The Sanyo RL-4920\'s supports Sprint\'s Ready Link walkie-talkie feature, which makes it easy to instantly communicate with anyone on a Ready Link capable phone. When you add that to great battery life (up to 5.5 hours), a color screen, a speakerphone and support for PCS vision services, you\'ve got a powerful tool for mobile productivity.<br /><b>Design</b><br /> The RL-4920\'s sporty candybar form factor sports a 128 x 112, 65,000-color display. An extendable antenna is located on the top right side of the phone and the rear panel is dominated by a speaker for speakerphone and voice dialing applications. Most of the phone\'s features and on-screen menus are controlled by a five-way center button above the handset\'s dial pad. The Ready Link service is operated by a button on the left side of the phone-- walkie-talkie style. A 2.5mm headset jack is also provided, as is a USB-compatible data connector.<br /><b>Calling Features</b><br /> The phone\'s built-in address book allows you to assign up to 300 entries, each storing seven numbers, with a total capacity for 500 numbers and 300 e-mail and Web addresses. A separate Ready Link phone book provides easy access to 200 personal contacts and 200 company-provided contacts. You can customize your caller ID by linking a downloaded image or photo to a specific phone number in your phone book. Choose from 11 multi-chord, melodic ring tones and eight traditional ring tones, including vibrating alert. The RL-4920\'s GPS location technology pinpoints your exact location when you dial 911 (where available). Perhaps most importantly for users in rural areas, the RL-4920 is a tri-mode phone, meaning it can operate on Sprint\'s digital PCS network, as well as analog networks that serve many outlying areas.<p>   Hands-free operation of your phone is easy with the built-in speakerphone. Voice recognition allows you to speak the name of anyone in your phonebook for rapid dialing. The RL-4920\'s Ready Link feature lets you enjoy the convenience of quick, walkie-talkie style communication at the touch of a button with one or several Ready Link users anywhere you go (Sprint PCS Ready Link service charges apply).</p><b>Messaging, Internet and Tools</b><br /> If you need basic messaging capabilities, the RL-4920 has you covered as support is built-in for sending and receiving SMS text messages (Sprint PCS text messaging charges apply). T9 text entry, a technology that makes it easier for people to enter words and text on handsets, is built-into the unit-- a plus for text messaging users.<p>  The phone also supports PCS Vision e-mail and instant messaging capabilities. Sprint PCS Vision transforms the wireless experience from something that\'s simply functional into something visual, entertaining and highly personalized. MSN Hotmail, Yahoo Mail and AOL Instant Messenger are all supported by Sprint\'s PCS Vision service. PCS Vision mobile Web services let you check out sports scores, get your seven-day forecast, check your flight status, and stay up to date with the latest news. Experience full-color graphic versions of popular Web sites.</p><p>  For business users, the RL-4920 offers something special. Sprint PCS Business Connection service is supported by the phone and it gives you secure, remote, real-time access to Microsoft Outlook or Lotus Notes information-- including e-mail messages and attachments, calendar, business directory and personal contacts. You can also respond to meeting requests, access documents stored on your desktop PC, and view e-mail from Internet e-mail accounts, including Sprint PCS Mail, Yahoo!, Earthlink and more.</p><p>  A number of handy software tools are bundled with the RL-4920 including a calendar, a calculator, an alarm clock, and a to-do list and scheduler. A voice recorder lets you record up to 50 minutes of voice memos for later retrieval or download to a PC.</p><b>Entertainment</b><br /> The RL-4920 lets you choose different font sizes when sending messages or accessing your browser. You can also choose one of four background screens for your phone\'s display. With PCS Vision service, you can download games like Tetris and Pac-Man, as well as additional ringers, screensavers and backgrounds.<br /><b>Vital Statistics</b><br /> The Sanyo RL-4920 weighs 4.03 ounces and measures 4.22 x 1.85 x .89 inches. Its lithium-ion battery is rated at up to 5.5 hours of digital talk time, and up to 168 hours of digital standby time. It runs on the AMPS 800/CDMA 800/CDMA 1900 frequencies. The phone comes with a one year limited warranty.<br /><b>What\'s in the Box</b><br /> RL-4920 handset, AC battery charger, lithium-ion battery, user\'s manual.', '', '', '', '', '');
INSERT INTO cscart_product_descriptions (`product_id`, `lang_code`, `product`, `shortname`, `short_description`, `full_description`, `meta_keywords`, `meta_description`, `search_words`, `page_title`, `age_warning_message`) VALUES ('1096', 'EN', 'Sanyo RL2000 PCS Vision Ready Link Phone (Sprint)', '', '', 'Compatible with Sprint cell phone service, the sturdy Sanyo RL2000 features PTT (Push-To-Talk), Java compatibility, speakerphone, voice dialing, and more, all displayed on a 120 x 128 pixel 4096 color STN screen. <p> For calling, you\'ll enjoy push to talk walkie-talkie style calling, plus redial, missed call indicator, call log, voice activated dialing, any-key answer, auto-answer, speed dial, mute control, usage alert, vibrating ring, differential ring, speakerphone and a phone book capacity of 300 entries. Sanyo also supports TTY/TDD (Telecommunication Device for the Deaf) compatibility with phone adapter (adaptor not included).  </p><p> Get online, and in addition to access to stock quotes, weather, movie times, and more, you\'ll also enjoy two-way mobile text messaging, numeric paging, downloadable polyphonic ring tones, and more, plus you can download more Java-based games and applications from the Web to enhance your phone at high-speed cdma2000 1xRTT rates. A PIM is included along with a calculator to help you manage time and finances, and this data can be downloaded and transferred and synched with your PC using the built in infrared feature. There\'s also voice memo if you just need to take a quick note. The RL2000 weighs 5.2 oz. and measures 5.06 x 2.18 x 1.1 inches. Its batteries are rated at 270 minutes talk time and up to 140 hours standby </p><p><b>What\'s in the Box</b><br /> Sanyo RL2000 phone, battery, AC adapter, user documentation</p>', '', '', '', '', '');
INSERT INTO cscart_product_descriptions (`product_id`, `lang_code`, `product`, `shortname`, `short_description`, `full_description`, `meta_keywords`, `meta_description`, `search_words`, `page_title`, `age_warning_message`) VALUES ('1104', 'EN', 'palmOne Treo 600 PDA Phone (Cingular)', '', '', '<b>Overview </b><p> Compatible with Cingular cell phone service, the Treo 600 combines a full-featured mobile phone and Palm OS organizer with QWERTY keyboard, providing users with a host of communication options including wireless e-mail and text messaging, a Blazer Web browser, a digital camera, and thousands of downloadable Palm OS organizer applications, all displayed on a backlit, 160 x 160 pixel screen that supports thousands of colors.</p><b>Calling Features</b><p> Used simply as a phone, the Treo 600 can send and receive calls worldwide, and benefits additionally from its flexible PDA format. Users can dial with either the onscreen dial pad or the keyboard, and dial anyone in the Treo\'s address book instantly just by typing or tapping onto the screen their name or initials. To switch to speakerphone, a single screen command can be tapped for instant hands-free talking. Plus, there\'s a ringer switch on top of the phone that silences all system sound, including ringers and alarms. Other features include mute, caller ID, vibrate mode, and stereo audio headset compatibility.  </p><b>Messaging and Internet </b><p> The internet browser included with the Treo 600 provides more complete access to the Web than you\'ll find with conventional cell phones: users can access almost the entire Internet, not just sites optimized for mobile devices. Email and mobile messaging features are fairly standard: via SMS and MMS, users can send, edit, forward, and receive image and text messages to and from compatible phones or PCs. With the built-in Internet browser, users can also download new wallpaper and graphics, as well as the games and applications already included with the phone.  </p><b>Organizer </b><p> Organizer features here are predictably robust. The Treo\'s Palm OS version 5.2.1 suite includes the Date Book Plus calendar, which lets users check the calendar while using the phone, as well as a contact list with instant lookup, memo pad, to do list, advanced calculator, CityTime world clock, and more. There are also thousands of other available Palm OS software applications available separately, for which the Treo 600 includes a comparably large 24 MB of memory. Wireless synchronization works at the touch of a button, using Palm Desktop 4.1 for Windows and Macintosh, HotSync Manager and Microsoft Outlook (Windows only).  </p><b>Fun and Games </b><p> To create photos for saving or for use with picture caller ID, the integrated VGA digital camera included with the Treo 600 sports 640 x 480 resolution, takes 0.3 mega pixel pictures, and is outfitted with automatic light balancing. The expandable Treo also comes with a built-in radio, and it is MP3-capable, so with the addition of third-party software, an SD memory card, and a stereo headset adapter, (all available separately), users can listen to MP3 music on the go.  </p><b>Vital Statistics</b><p> The Treo 600 is loaded with 32 MB RAM (24 MB user-available), and its Lithium Ion batteries are rated at up to 6 hours digital talk time, and up to 10 days digital standby time. An external battery pack, available separately, can also add up to 3 hours of additional talk time and 180 hours standby.</p>', '', '', '', '', '');
INSERT INTO cscart_product_descriptions (`product_id`, `lang_code`, `product`, `shortname`, `short_description`, `full_description`, `meta_keywords`, `meta_description`, `search_words`, `page_title`, `age_warning_message`) VALUES ('1106', 'EN', 'palmOne Treo 600 PDA Phone - Next Generation (AT&amp;T)', '', '', '<b>Features</b><br /><b>&middot;&nbsp;</b>Treo 600 combines a full-featured mobile phone and Palm OS organizer with wireless applications like e-mail, text messaging, web browsing and even a digital camera<br /><b>&middot;&nbsp;</b>QWERTY keyboard makes entering text and accessing information fast and familiar-perfect for messaging and a must have for e-mail<br /><b>&middot;&nbsp;</b>Built-in color web browser, Blazer, gives you fast access to nearly all the sites on the web-not just the ones optimized for mobile devices<br /><b>&middot;&nbsp;</b>Take a picture or share images with others via e-mail-you can even attach a photo to a phone number so you can see exactly who\'s calling with Picture Caller ID<br /><b>&middot;&nbsp;</b>Because Treo 600 runs the popular Palm OS, there are thousands of applications you can download and use-like MP3 players, etc.<br /><br />', '', '', '', '', '');
INSERT INTO cscart_product_descriptions (`product_id`, `lang_code`, `product`, `shortname`, `short_description`, `full_description`, `meta_keywords`, `meta_description`, `search_words`, `page_title`, `age_warning_message`) VALUES ('1108', 'EN', 'Apple eMac G4 Desktop with 17', '', '', 'Take a good look at eMac. What\'s not to like? All-in-one design, plug-and-play simplicity, great performance and an affordable price tag: you get everything you need to work, learn and play, right out of the box.You will appreciate eMac with a Combo drive, which lets you read DVDs and read, write and burn CDs. And you\'ll find lots of ways to enjoy your all-in-one digital hub.', '', '', '', '', '');
INSERT INTO cscart_product_descriptions (`product_id`, `lang_code`, `product`, `shortname`, `short_description`, `full_description`, `meta_keywords`, `meta_description`, `search_words`, `page_title`, `age_warning_message`) VALUES ('1120', 'EN', 'HP Pavilion a1000n Desktop PC (Intel Celeron D Processor 340, 512 MB RAM, 80 GB Hard Drive, DVD/CD-RW Drive)', '', '', 'Affordably priced yet nicely loaded, the HP Pavilion a1000n is a great desktop PC for the whole family. The speedy 2.93 GHz Intel Celeron D processor will ably handle a wide range of software, from spreadsheets to multimedia. It also features an 80 GB hard drive, 512 MB of installed RAM (expandable to 2 GB), separate DVD-ROM and CD-RW drives, a handy multiformat memory card reader, and a wealth of preinstalled software including HP\'s Image Zone Plus for managing and editing your digital photo collection. <p><b>The Basics</b></p><ul><li><i>Hard Drive:</i> The 80 GB hard drive (7200 RPM) is average in size when compared to other budget-minded desktop PCs. It will provide ample storage space for your family digital photos as well as a large digital audio library--but it\'s not quite enough for editing digital video from camcorders.</li><li><i>Processor:</i> The Intel Celeron D 340 processor might not be as sexy as a Pentium, but it still gets your work done speedily enough. It has a 2.93 GHz speed--near the top of this processor\'s range as of June 2005--with a decently fast 533 MHz front-side bus (FSB) and 256K L2 cache. (An L2, or secondary, cache temporarily stores data; and a larger L2 cache can help speed up your system\'s performance.) </li><li><i>Memory:</i> The 512 MB of installed RAM (PC2700, 333 MHz) is a good start, but you\'ll want to take advantage of the roomy 2 GB of total RAM capacity (2 x 1 GB)  for such multimedia needs as video editing and immersive 3D gaming.</li><li><i>CD/DVD Drive:</i> This desktop includes two optical drives: a 16x DVD-ROM drive (for watching movies) and a CD-RW drive with 48x read/write and 32x rewrite speeds.</li><li><i>Keyboard &amp; Mouse:</i> This desktop comes with an HP multimedia keyboard and scroller mouse (both with PS/2 connections). </li></ul><p><b>Screen, Graphics and Sound</b><br /> The integrated Intel Extreme Graphics video/graphics card (with 64 MB of shared video memory) is adequate for streaming Internet video, but won\'t be enough for today\'s demanding immersive 3D games. It also features an integrated audio card and headphone, microphone, and line-in jacks.</p><p><b>Connectivity and Expansion Slots</b><br /> The a1000n has three PCI expansion slots (two available), two external 5.25-inch drive bays (occupied), one internal 3.5-inch drive bay (occupied), two external 3.5-inch drive bay (one available), and the following external ports:</p><ul><li>5 USB 2.0 ports (4 in rear, 1 in front) for connecting a wide range of peripherals--from digital cameras to MP3 players </li><li>2 FireWire (also known as IEEE 1394 or i.Link; 1 front and 1 back) ports for connecting digital video camcorders and other peripherals </li><li>2 PS/2 ports for connecting keyboards and mice </li><li>1 parallel port </li><li>1 serial port </li><li>Line-in, line-out, headphone, and microphone connections </li><li>1 VGA monitor port </li><li>9-in-1 media card reader on the front, compatible with CompactFlash (Type I and II), MicroDrive, SmartMedia, Memory Stick/Memory Stick Pro, MultiMedia Card, Secure Digital, and XD Picture Card </li></ul><p>It includes an integrated 56K modem (V.90) and an RJ-45 LAN network port (for a 10/100 Ethernet connection to networks and DSL/cable modems).</p><p><b>Preloaded System and Software</b><br /> This system comes with the Windows XP Home Edition Service Pack 2 operating system with Advanced Security Technologies, which helps to reduce unwanted downloads and pop-ups while surfing the Web. It also comes preloaded with Microsoft Works (for working with word processing and spreadsheet documents), Norton Internet Security 2005 (with 60 days of complimentary updates), Microsoft Money 2005, Sonic RecordNow, Apple iTunes, and MSN Encarta Plus.</p><p> The included HP Image Zone Plus photo and imaging software makes it easy to organize, edit, share, print, protect, and store your photos and video clips. Organize and find your photos easily by timeline, keywords, and/or location using the unique photo-globe mapping tool. Remove red eye and fix other common problems. Share your photos quickly via e-mails that include thumbnails with links to the full-sized images--without downloading time-consuming attachments.</p><p><b>Dimensions and Weight</b><br /> This desktop measures 7.17 x 15 x 17 (WxHxD) and weighs approximately 24 pounds.</p><p><b>What\'s in the Box</b><br /> This package contains the HP Pavilion a1000n desktop PC, keyboard, mouse, and power cord.  It\'s backed by a one-year warranty on parts and labor, one-year of technical telephone service, and 90 days of software application support.</p>', '', '', '', '', '');
INSERT INTO cscart_product_descriptions (`product_id`, `lang_code`, `product`, `shortname`, `short_description`, `full_description`, `meta_keywords`, `meta_description`, `search_words`, `page_title`, `age_warning_message`) VALUES ('1115', 'EN', 'Compaq Presario Desktop PC', '', '', 'Whether editing your family photos, balancing your online checkbook, or listening to your digital music collection, Compaq\'s SR1410NX offers a versatile, strong base for your home computing needs. Focusing on affordability, the SR1410NX has room to grow with an available expansion slot, 2 available PCI slots, 5 USB ports for connecting peripherals, and the ability to add up to 2 GB of RAM. This desktop comes with an 80 GB hard drive, 256 MB of installed RAM, 2.8 GHz Intel Celeron processor, combo DVD/CD-RW drive, and a multi-format memory card reader. For a step up in price, the SR1420NX offers a faster Celeron processor, 512 MB of RAM, and a dual layer DVD-/+RW drive. <p><b>The Basics</b></p><ul><li><i>Hard Drive:</i> The 80 GB hard drive (7200 RPM) is average in size when compared to other budget-minded desktop PCs. It will provide ample storage space for your family digital photos as well as a large digital audio library--but it\'s not quite enough for editing digital video from camcorders.</li><li><i>Processor:</i> The Intel Celeron D 335 processor might not be as sexy as a Pentium, but it still gets your work done speedily enough. It has a 2.8 GHz speed with a decently fast 533 MHz front-side bus (FSB) and 256K L2 cache. (An L2, or secondary, cache temporarily stores data; and a larger L2 cache can help speed up your system\'s performance.) </li><li><i>Memory:</i> The 256 MB of installed RAM will get you started, but you\'ll want to add more to handle any kind of multimedia application and most business productivity suites. This desktop has a 2 GB maximum RAM capacity.</li><li><i>CD/DVD Drive:</i> This desktop includes a speedy combo DVD-ROM/CD-RW drive, with 48x write/read and 32x rewrite speed for CDs and 16x read speed for DVDs.</li><li><i>Keyboard &amp; Mouse:</i> The SR1410NX comes with a Compaq keyboard and scroller mouse (both with PS/2 connections.</li></ul><p><b>Screen, Graphcs and Sound</b><br /> The integrated Intel Extreme Graphics video/graphics card (with 64 MB of shared video memory) is adequate for streaming Internet video, but won\'t be enough for today\'s demanding immersive 3D games. It also features an integrated audio card and headhphone, microphone, and line-in jacks.</p><p><b>Connectivity and Expansion Slots</b><br /> For expansion, the SR1410NX has two 5.25-inch external bays (one available), one external 3.5-inch bay (available) and one internal 3.5-inch bay (occupied), and three PCI slots (two available). It comes with a built-in floppy drive and the following external connectors:</p><ul><li>5 USB 2.0 ports (1 in front, 4 in rear) for connecting a wide range of peripherals--from digital cameras to MP3 players </li><li>2 FireWire (also known as IEEE 1394 or i.Link) port for connecting digital video camcorders and other peripherals (1 in front, 1 in rear)</li><li>1 parallel port for connecting older printers and scanners</li><li>2 PS/2 ports for connecting keyboards and mice</li><li>1 VGA monitor port</li><li>9-in-1 media card reader on the front, compatible with CompactFlash (Type I and II), MicroDrive, SmartMedia, Memory Stick/Memory Stick Pro, MultiMedia Card, Secure Digital, and XD Picture Card</li></ul><p>It also has an integrated 56K modem (V.90) and an RJ-45 LAN network port (for a 10/100 Ethernet connection to networks and DSL/cable modems). </p><p><b>Preloaded System and Software</b><br /> This system comes with the Windows XP Home Edition Service Pack 2 operating system with Advanced Security Technologies, which helps to reduce unwanted downloads and pop-ups while surfing the Web. It also comes preloaded with Microsoft Works (for working with word processing and spreadsheet documents), Norton Internet Security 2005 (with 60 days of complimentary updates), InterMute SpySubtract Pro (with 60 days of complimentary updates), Microsoft Money 2005, Quicken 2005 New User Edition, Sonic RecordNow, Apple iTunes, Adobe Photoshop Album Starter Edition, and MSN Encarta 2005. </p><p><b>Dimensions and Weight</b><br /> This desktop measures 15.35 x 7.17 x 16.54 inches (HxWxD) and weighs approximately 30 pounds.</p><p><b>What\'s in the Box</b><br /> The Presario SR1410NX desktop PC comes with a power cord, keyboard, and scroller mouse. It is backed by a one-year warranty for parts and labor from date of purchase, and it includes 90 days of toll-free software technical assistance.</p>', '', '', '', '', '');
INSERT INTO cscart_product_descriptions (`product_id`, `lang_code`, `product`, `shortname`, `short_description`, `full_description`, `meta_keywords`, `meta_description`, `search_words`, `page_title`, `age_warning_message`) VALUES ('878', 'EN', 'Daewoo DTS-42 42', '', '', '<b>Features</b><br /><b>&middot;&nbsp;</b>Multiple input options: 480i, 480p, 720p, 1080i for displaying signals from nearly any source, including HDTV set-top receivers<br /><b>&middot;&nbsp;</b>1,000 cd/m2 peak brightness, high 1,000:1 contrast ratio<br /><b>&middot;&nbsp;</b>3:2 pulldown detection corrects distortion in film-based digital content<br /><b>&middot;&nbsp;</b>42-inch widescreen, flat-panel gas-plasma television; 40.9 x 25.7 x 3.2 inches (W x H x D)<br /><b>&middot;&nbsp;</b>480p native display format, ideal for crystal-clear reproduction of your favorite DVDs from a progressive-scan DVD player<br /><br />DAEWOO DTS42, 42 EDTV WIDESCREEN PLASMA DISPLAY<br /><br /> Daewoo\'s 42-inch widescreen plasma offering is large enough and affordable enough, relatively speaking, to make it a strong contender for any style-conscious home theater enthusiast. The DTS-42 is an EDTV (enhanced-definition television) with native 480p pixel resolution and display compatibility with standard-, enhanced- and full high-definition input sources (480i, 480p, 720p, 1080i), making it perfect for use with progressive-scan DVD players, personal computers, and DTV set-top receivers alike.<p>  With a plasma screen you get vivid colors like you\'ve never seen before, extremely wide viewing angles (wider, even, than those of most LCD screens), and easy placement due to a plasma monitor\'s slim profile--the DTS-42 is a mere 3.2 inches deep, perfect for desk or wall mounting. Brightness tends to be extremely uniform across plasma screens, which are also impervious to the picture distortion and negative color balances that afflict CRT monitors when placed near lighting or sound systems. You do, however, need to be wary of image burn-in (wherein long-held stationary images leave a permanent impression in the screen).</p><p>  The DTS-42 offers 853 x 480 native pixel resolution, a stunning 1,000:1 contrast ratio, high 1,000 cd/m2 peak luminance, and broad (160 degrees, horizontal/vertical) viewing angles so everyone can enjoy the best seat in the house.</p><p>  Progressive scanning, referred to as 480p for the number of horizontal lines that compose the video image, creates a picture using twice the scan lines of a conventional DVD picture, giving you higher resolution and sharper images while eliminating nearly all motion artifacts.</p><p>  The DTS-42 also performs 3:2 pulldown detection and reversal. DVD mastering introduces a common distortion when adjusting 24 frames-per-second movies to 30 fps video; reverse 3:2 pulldown digitally corrects this distortion, removing the redundant information to display a film-frame-accurate picture.</p><p>  A digital, dynamic comb filter enhances resolution by removing blurred edges between colors and reducing dot crawl (tiny, moving dots of color along a sharp color separation in a vertical line, as in a depiction of a character\'s striped T-shirt). Other image enhancements include CCF (Capsulated Color Filter) technology for natural colors, a MGDI (Meta Genuine Digital Image) engine, and ISM (Image Sticking Minimization), which guards against image burn-in)</p><p>  An onboard NTSC tuner lets you watch SD television right out of the box.</p><p><b>What\'s in the Box</b><br /> TV, remote control, 2 ferrite-cores (for optional speaker connections), 1 component-video cable, 1 coaxial RF cable, 2 stereo analog/composite-video cables, 1 AC power cable, and a user\'s manual.</p><br /><br />', '', '', '', '', '');
INSERT INTO cscart_product_descriptions (`product_id`, `lang_code`, `product`, `shortname`, `short_description`, `full_description`, `meta_keywords`, `meta_description`, `search_words`, `page_title`, `age_warning_message`) VALUES ('879', 'EN', 'Sony KE42M1 42', '', '', '<b>Features</b><br /><b>&middot;&nbsp;</b>CineMotion Reverse 3:2 pulldown technology lets you watch progressive-scan movies in their native 24-frame format<br /><b>&middot;&nbsp;</b>Stereo speakers with 10 watts per channel; SRS TruSurround simulated surround sound and BBE sound enhancement<br /><b>&middot;&nbsp;</b>42-inch plasma television with built-in speakers, pedestal and NTSC tuner; 42.32 x 29.53 x 4.33 inches (W x H x D) without stand<br /><b>&middot;&nbsp;</b>852 (H) x 480 (V) native pixel resolution; compatible with 480i/p, 720p, and 1080i video resolutions<br /><b>&middot;&nbsp;</b>Offers HDMI digital-video input; enhancements include Sony\'s Digital Reality Creation and Direct Digital II Circuitry (DDC)<br /><br />Get all-in-one convenience with this Sony 42\" Plasma WEGA EDTV with built-in NTSC tuner, tabletop stand and bottom speaker. The set is enhanced-definition/HD ready (HD tuner required), and raises standard signals to HD quality with Digital Reality Creation Multifunction Circuitry. The TV\'s Cinemotion 3:2 pulldown feature provides smoother picture movement when playing movies or other media. Imported. With stand: 32-5/8Hx42-3/8Wx12-3/8D\" (99 lb.). Without stand: 29-5/8Hx42-3/8Wx4-3/8D\" (87 lb.).<br /><br /> Sony\'s M-series KE-42M1 42-inch plasma WEGA EDTV monitor offers more screen for the buck than just about any plasma TV out there. The flat-panel set packs a re-engineered panel driver (which heightens the contrast range and picture depth), Sony\'s Direct Digital II Circuitry, Digital Reality Creation picture-enhancing circuitry, and stereo speakers powered by 10 watts per channel.<p>With a plasma screen you get vivid colors like you\'ve never seen before, extremely wide viewing angles (wider, typically, than those of most LCD screens), and easy placement due to a plasma monitor\'s slim profile--the KE-42M1 is a mere 4.33 inches deep, perfect for desk or wall mounting. Brightness tends to be extremely uniform across plasma screens, which are also impervious to the picture distortion and negative color balances that afflict CRT monitors when placed near lighting or sound systems. You do have to be on guard against image burn-in, however.</p><p>  Direct Digital Circuitry II optimizes incoming video signals to minimize video artifacts for cleaner signal processing, while Digital Reality Creation MultiFunction circuitry bit maps any NTSC source (DVD, VHS, DBS, Cable, etc.), creating a picture that rivals high definition resolution.</p><p>  Progressive scanning, referred to as 480p and 720p for the number of horizontal lines that compose the video image, creates a picture using twice the scan lines of a conventional DVD picture, giving you higher resolution and sharper images while eliminating nearly all motion artifacts.</p><p>  The KE-42M1 also employs CineMotion Reverse 3-2 PullDown technology (often called 3:2 pulldown), a handy feature for watching progressive-scan movies in their native 24-frame format. Digital video mastering introduces a common distortion when adjusting 24 frames-per-second movies to 30 fps video; 3:2 pulldown digitally corrects this distortion, removing the redundant information to display a film-frame-accurate picture.</p><p>  Connections include 1 component-video input, 3 composite- and 2 S-video inputs (1 each on the front panel for ready connection to a camcorder or gaming console), and an RF coaxial inputs for hookup with an older VCR, cable box, or antenna. In addition, the set features an HDMI (High Definition Multimedia Interface) input with HDCP (High Definition Multimedia Interface with High Definition Copy Protection), for a direct digital connection with an HD source like a DTV set-top box, supporting both uncompressed high definition video and multi-channel digital audio through a single cable. A headphone jack affords private listening.</p><p>  The set comes with a built-in NTSC tuner, a tabletop stand for placement flexibility, and a sleek, bottom speaker design to compliment any home theater system. Sony\'s Center Speaker In function lets you use the TV\'s built-in speakers as a center-channel speaker when the set is connected a multi-channel audio/video receiver.</p><p><b>What\'s in the Box</b><br /> TV, remote control (RMY-1003), remote batteries (2 AA), a 75-ohm RF coaxial cable, clamp screws, a cleaning cloth, an AC power cord, plug holder for AC power cord, a user\'s manual, a quick-setup guide, and warranty information.</p><br /><br />', '', '', '', '', '');
INSERT INTO cscart_product_descriptions (`product_id`, `lang_code`, `product`, `shortname`, `short_description`, `full_description`, `meta_keywords`, `meta_description`, `search_words`, `page_title`, `age_warning_message`) VALUES ('877', 'EN', 'Philips 42PF9966 42', '', '', '<b>Features</b><br /><b>&bull;</b>42-inch widescreen HD-ready plasma television with 15 watts per channel x 2 and built-in NTSC tuner; 43.5 x 30.6 x 3.9 inches (W x H x D)<br /><b>&bull;</b>Ambilight technology throws a soft glow on the wall behind the screen to enhance perceived brightness, contrast, and color accuracy<br /><b>&bull;</b>Pixel Plus processor enhances every single pixel displayed, giving you razor-sharp pixels with incredible detail and depth<br /><b>&bull;</b>Digital Crystal Clear technology and antireflective coating ensure high (3,000:1) contrast, high (1,000 cd/m3) brightness<br /><b>&bull;</b>Includes table stand; mounting brackets and a headphone output for private listening<br /><br />Whether in homes, factories, offices, airports, or on the street, it\'s hard to imagine a place where Philips is absent. What Philips wants is to make your life and work easier - and more fun! And Philips continuously explores new ways to improve products and to offer innovative products to its consumers. Philips. \"Let\'s Make Things Better\".<br /><br /> Philips\' 42PF9966 plasma television offers a high-performance, widescreen (16:9) image from a casing less than 4 inches deep. The 50-inch set offers astronomical brightness and contrast settings (1,000 cd/m3 and 3,000:1, respectively), as well as an integrated TV tuner for cable or broadcast reception of all your favorite programs. Hook it up to an optional DTV receiver or progressive-scan DVD player and you\'ll enjoy vivid, detailed images from 1080i, 720p, and 480p sources, which render at up to 720p resolution on the set\'s native 1,366 x 768-pixel screen.<p>  Philips\' unique Ambilight feature throws a soft glow on the wall behind the set to relax your eyes and heighten your perception of image detail, brightness, contrast, and colors. Ambilight settings include 6 presets and a user-adjustable setting. Philips invented Digital Natural Motion to eliminate the \"juddering\" effects visible in moving video images. Digital Natural Motion estimates motion and corrects \"juddering\" in both broadcast and DVD-based movie material, smoothing and sharpening the images you see.</p><p>  With a plasma screen you get vivid colors like you\'ve never seen before, extremely wide viewing angles (wider, even, than those of most LCD screens), and easy placement due to a plasma monitor\'s slim profile--the 42PF9966 is a mere 3.9 inches deep, perfect for desk or wall mounting (mounting brackets provided). Brightness tends to be extremely uniform across plasma screens, which are also impervious to the picture distortion and negative color balances that afflict CRT monitors when placed near lighting or sound systems. You do, however, need to be wary of image burn-in (wherein long-held stationary images leave a permanent impression in the screen).</p><p> This TV also uses the power of the Pixel Plus processor to enhance every single pixel displayed. The result is razor-sharp pixels with incredible detail and depth. A feature called Active Control Plus continually adjusts picture settings at over 60 times per second for all inputs, correcting both sharpness and noise reduction, even adjusting for changes in ambient viewing light.</p><p>  The set pumps 15 watts per channel x 2 RMS, and onboard Dolby Virtual Surround simulates enveloping surround sound from any 2 speakers. FM tuning options include 40 convenient presets, RDS (Radio Data Service) for visual station and song identification, and auto/manual station setting. The unit\'s .125-inch headphone jack affords private listening.</p><p>  Audio/video inputs include a direct-digital HDMI input, 2 component-video (1 configured for RCA-type RGB+HV computer outputs, with separate horizontal and vertical sync terminals), 3 each S-video, and composite-video connections. A convenient side-panel input (including a headphone jack and an S-video jack) simplifies spontaneous hookups.</p><p>  HDMI (High-Definition Multimedia Interface) is a lossless, uncompressed, all-digital audio/video interface to link the set with any AV source (such as a set-top box, DVD player, or AV receiver). HDMI supports standard-definition (SD), enhanced definition (ED), or high-definition (HD) video, plus multi-channel digital audio--all using a single cable. It transmits all ATSC HDTV standards and supports up to 8-channel digital audio, with bandwidth to spare to accommodate future enhancements and requirements.</p><p><b>What\'s in the Box</b><br /> TV, stand, a universal remote control, remote batteries, and a user\'s manual.</p><br /><br />', '', '', '', '', '');
INSERT INTO cscart_product_descriptions (`product_id`, `lang_code`, `product`, `shortname`, `short_description`, `full_description`, `meta_keywords`, `meta_description`, `search_words`, `page_title`, `age_warning_message`) VALUES ('867', 'EN', 'Toshiba 42HP84 42', '', '', '<b>Features</b><br /><b>&bull;</b>1 DVI direct-digital input, 2 ColorStream HD component-video inputs for ultimate quality from DTV receivers and progressive-scan DVD players<br /><b>&bull;</b>Toshiba PixelPure technology produces a picture that\'s consistently clear, deep, and accurate<br /><b>&bull;</b>1,024 x 768 native pixel resolution; 3D Y/C (4 MB, 10-bit) digital comb filter removes blurred edges between colors and reduces dot crawl<br /><b>&bull;</b>10 watts per channel audio power x 2; SRS TruSurround and Dolby Virtual Surround produce enveloping sound from just 2 speakers<br /><b>&bull;</b>42-inch widescreen high-definition plasma monitor; 50.3 x 27.8 x 4.9 inches (W x H x D)<br /><br /> Toshiba\'s 42HP84 42-inch plasma television will thrill fans of both movies and sports with its widescreen, portrait-thin chassis, full high-definition resolution, phenomenal picture enhancements, and great sound. The set produces 10 watts per channel stereo sound with both Dolby Virtual Surround and SRS WOW technology to enliven your viewing.<p>  A plasma screen gives you incredibly vivid colors, extremely wide viewing angles (wider, even, than LCD screens), and a casing that\'s easy place due to its slim size--the 42HP84 is a mere 4.9 inches deep, perfect for desk or wall mounting (a table stand is included). Brightness tends to be extremely uniform across plasma screens, which are also impervious to the picture distortion and negative color balances that afflict CRT monitors when placed in close proximity to lighting or sound systems. You do, however, need to be wary of image burn-in (wherein long-held stationary images leave a permanent impression in the screen).</p><p>  Heading up the great features is Toshiba\'s PixelPure proprietary digital video processing, which encompasses 8 different processing circuits that together create a consistently clear, deep, and accurate picture. Among PixelPure\'s components are: 6.2 million-pixel oversampling (for higher perceived resolution), real-speed progressive scanning (which uses additional sampling points to create smoother diagonal lines), a Magic Square algorithm (for smooth, natural color gradation), Dynamic Contrast Enhancer (for higher perceived contrast and increased color saturation), and Color Detail Enhancer (to maintain fine image detail in color-saturated areas).</p><p>  HD Dynamic Contrast continually analyzes picture information and enhances those parts of the picture with the most detail information which results in sharper, deeper, more film-like images. The 42HP84\'s 3D Y/C (4 MB, 10-bit) digital comb filter further enhances resolution by removing blurred edges between colors and reducing dot crawl (tiny, moving dots of color along a sharp color separation in a vertical line, as in a depiction of a character\'s striped T-shirt).</p><p>  A pair of ColorStream HD component-video inputs provides the ultimate picture quality from high-resolution component-video signals, like those from DTV set-top boxes, progressive DVD players, or satellite receivers. Other connections include a direct-digital DVI input with high-bandwidth digital content protection (HDCP), 3 each composite- and S-video inputs, and a composite-video output (with both fixed- and variable-level audio outs) for use with a VCR or surround receiver. Front-panel inputs simplify connections with camcorders and gaming consoles.</p><p>  HD Window POP (picture-on-picture) accepts 480i, 480p, 720p, and 1080i signals and can even display 2 different-resolution signals simultaneously. The split-screen function lets you adjust the size of the POP boxes and will even let you view both 16:9 and 4:3 images at the same time. The set\'s 12 MultiWindow system makes it possible to see the main picture while viewing your favorites or doing a channel scan in 11 smaller boxes.</p><p>  When hooked up to the IR output, the supplied TheaterLink IR dongle lets you operate up to six video components by simply pointing the remote at the TV screen, even if the components are hidden away in cabinets or out of view.</p><p>  Cinema Mode (3:2 pulldown) circuitry identifies original film-based content from DVDs, then reassembles the frame sequence to more accurately reproduce the original 24-frame-per-second material. Four TheaterWide picture modes enable full-screen viewing of varying widescreen movie formats, while color temperature control provides three selectable temperature settings for achieving an optimum white balance.</p><p>  SRS WOW creates an enveloping sound with enhanced bass and great dialogue reproduction. This system combines SRS 3D (for wide, three-dimensional sound), TruBass (which boosts bass-frequency perception for more dramatic effects); and Focus (which raises the perceived sound \"image\" vertically to clarify voices, even at low listening levels).</p><p><b>What\'s in the Box</b><br /> TV, table stand, remote control, remote batteries, IR dongle (for use with set\'s TheaterLink IR capability), a user\'s manual, and registration/warranty information.<br /><br />Get the total HD package with this Toshiba 42\" TheaterWide Plasma HDTV. The set\'s built-in 720p true HD tuner provides free hi-definition viewing without the need for a set-top box. Features TheaterWide modes that are ideal for displaying HDTV signals and enhanced for widescreen TV DVDs. Also includes 1024x768 panel resolution, 2000:1 contrast ratio, Virtual Dolby (SRS TruSurround) Surround Sound and HD window POP with split screen and 12 multi windows. Made in USA. 31Hx57Wx16D\". 115 lb.</p><br /><br />', '', '', '', '', '');
INSERT INTO cscart_product_descriptions (`product_id`, `lang_code`, `product`, `shortname`, `short_description`, `full_description`, `meta_keywords`, `meta_description`, `search_words`, `page_title`, `age_warning_message`) VALUES ('887', 'EN', 'Panasonic DMR-ES30S DVD Recorder/VCR Com', '', '', '<b>Features</b><br /><b>&middot;&nbsp;</b>Multi-Format Recording: DVD-RAM, DVD-R, DVD+R, DVD-RW<br /><b>&middot;&nbsp;</b>Multi-Format Playback: DVD-RAM, DVD-R, DVD+R, DVD-RW, DVD+RW<br /><b>&middot;&nbsp;</b>One-Touch 2-Way Transfer (DVD < -- >VHS)<br /><b>&middot;&nbsp;</b>Time Slip&#8482; Functions, chasing Playback, simultaneous Record and Play, Time Slip&#8482; Button<br /><b>&middot;&nbsp;</b>1 Second Quick Start<br /><br />records to DVD-Rs &amp; DVD-RWs, DVD+Rs, and DVD-RAM discs * plays DVD-Video, DVD-R &amp; DVD-RW, DVD+R &amp; DVD+RW , DVD-RAM, and Video CD * plays CDs, audio CD-Rs &amp; CD-RWs, and MP3 CDs * Direct Navigator displays recordings on each disc by thumbnail image, title, date, and channel * four recording modes (XP, SP, LP, EP) *<br /><br /> For ultimate recording and playback quality and versatility, look no further than Panasonic\'s DMR-ES30VS combination DVD player/recorder and 4-head/hi-fi VCR. The space-saving combo device offers the flexibility of recording on both DVD-RAM--ideal for instant chapter access and for multiple rerecordings--as well as DVD-R, DVD+R, and rewritable DVD-RW for full flexibility in recording and sharing your favorite programs (you can tailor your choice of format to the playback capabilities of your friends and family).<p>With the DMR-ES30VS you can digitally record superb picture and sound--up to 8 hours on a single-sided DVD-RAM or DVD-R/RW or DVD+R, thanks to Panasonic\'s original VBR (variable bit rate) technology. (Rewriteable DVD-RAM discs can be rewritten over 100,000 times and offer 4.7 to 9.6 gigabytes per disc.)</p><p>  The company\'s Time Slip feature lets the DVD recorder be used like a digital video recorder, or DVR. You sit down to watch this week\'s episode of your favorite show and realize that you never got around to watching your recording of last week\'s episode. Not a problem with Panasonic\'s Time Slip feature, which includes the ability to perform simultaneous recording and playback. Select this week\'s episode in the electronic program guide (EPG), start recording, and as it records you can watch your recording of last week\'s episode.</p><p>  In addition to recording new video content, the DMR-ES30VS lets you transfer favorite VHS recordings to durable, space-saving discs. The Direct Navigator instantly accesses recorded material from an onscreen menu that lists recording dates, times, channels, and titles. Finding and viewing recorded material are simple, because there\'s no need to search, fast-forward, or rewind. And, with one-touch 2-way transferring, you can dub a VHS tape to DVD by pushing a single button or vice-versa (so long as the disc isn\'t copy protected).</p><p>  One-touch DVD recording will save your favorite programs from accidental overwriting by automatically scanning the disc for blank space before starting the recording process. No more worries that your favorite sitcom\'s season finale will be overwritten by a family member\'s Sunday fishing show.</p><p>  As a player, the DMR-ES30VS offers a progressive-scan video output for optimal picture quality when viewing a DVD movie on a high-definition or HD-ready TV. Progressive scanning doubles the scan lines of an interlaced signal by scanning all 525 lines in 1/60 of a second for each full pass. The higher-density video signal creates film-like DVD images with rich detail, extraordinary depth of field, and precise color reproduction.</p><p>  VCR features include quasi S-VHS playback (plays Super-VHS tapes at standard-VHS resolution), Jet Search super-fast playback scanning, Jet Rewind, repeat play, and long-recording ability (10 hours to 1 VHS T-180 cassette). VCR Plus+ simplifies advanced programming. You can also record a TV program to VHS while you play or record something else on DVD.</p><p><b>What\'s in the Box</b><br /> DVD/VCR combo, a remote control, remote batteries, a user\'s manual, an AC power cord, a coaxial RF video cable, a stereo analog audio/composite-video cable (RCA), and a warranty/registration card.</p><br /><br />', '', '', '', '', '');
INSERT INTO cscart_product_descriptions (`product_id`, `lang_code`, `product`, `shortname`, `short_description`, `full_description`, `meta_keywords`, `meta_description`, `search_words`, `page_title`, `age_warning_message`) VALUES ('885', 'EN', 'Panasonic DMR-ES10K DVD Recorder (Black)', '', '', '<b>Features</b><br /><b>&middot;&nbsp;</b>1 Sec.Start/Rec-Play<br /><b>&middot;&nbsp;</b>Multi-Frmt Playback<br /><b>&middot;&nbsp;</b>Progressive Scan<br /><b>&middot;&nbsp;</b>500 Line Resolution<br /><br />records to DVD-R &amp; DVD-RW, DVD+R, and DVD-RAM * plays DVD-Video, DVD-R &amp; DVD-RW, DVD+R &amp; DVD+RW , DVD-RAM, and Video CD * plays DVD-Audio, CD-R &amp; CD-RW, and MP3 CD-R &amp; CD-RW * Direct Navigator displays recordings on each disc by thumbnail image, title, date, and channel * six recording modes (XP, SP, LP, EP-6H, EP-8H, flexible) *<br /><br />The Panasonic DMR-ES10K DVD recorder offers a low priced, user-friendly DVD recorder. Record from the television signal, or dub from a connected VCR. <p> Technically, the unit rivals its higher-priced pals. The 2x LP horizontal resolution recording captures 500 lines of resolution-in quality terms, the resolution is superb, even in LP mode.</p><p> The interface stands out too. Come home mid-stream? Chasing Playback lets you start to watch a program already in progress while you continue recording it. Other smart features include Time Slip, which lets you record the current episode while you watch last week\'s episode.</p><p> The physical design is user friendly too. Front A/V inputs, including S-video and composite, make connecting other components quick-and-easy. Hid away in the rear are a host of other connectors: more S-video and composite inputs; and component, S-video and RF outputs. Optical digital output for DTS and Dolby Digital surround sound provide yet another connectivity option. Of course, a remote control is included.</p><p> For the combination of features and price, the DMR-ES10K is hard to beat. If you\'ve a large tape collection to transfer, or want to better manage your television viewing, this should definitely make your short-list.</p><br /><br />', '', '', '', '', '');
INSERT INTO cscart_product_descriptions (`product_id`, `lang_code`, `product`, `shortname`, `short_description`, `full_description`, `meta_keywords`, `meta_description`, `search_words`, `page_title`, `age_warning_message`) VALUES ('886', 'EN', 'Sony RDR-VX500 DVD Player/Recorder with VCR', '', '', '<b>Features</b><br /><b>&middot;&nbsp;</b>i.Link digital-video input for camcorders (DV/D8)<br /><b>&middot;&nbsp;</b>VHS to DVD and DVD to VHS dubbing ability (subject to Macrovision anti-piracy protection)<br /><b>&middot;&nbsp;</b>Combination DVD recorder/player and VCR with VCR Plus+ electronic program guide to simplify advance recording<br /><b>&middot;&nbsp;</b>Plays and records DVD-R, DVD-RW, DVD+R, DVD+RW, and VHS videocassette<br /><b>&middot;&nbsp;</b>Plays MP3 music and JPEG image CD-R/CD-RW<br /><br />front-panel i.LINK (IEEE 1394) input (for use with a digital camcorder) * selectable progressive-scan mode for smoother video with HD-compatible TVs (via the component video output) * optical and coaxial digital outputs for Dolby Digital?Â®/DTS?Â®/PCM * records to DVD-R &amp; DVD-RW, DVD+R &amp; DVD+RW * plays DVD-Video, DVD-R &amp; DVD-RW, DVD+R &amp; DVD+RW, Video CD, CD, CD-R &amp; CD-RW, MP3-encoded CD-R &amp; CD-RW, and photo CDs (JPEG) *<br /><br /> Now you can make digital archives of your favorite VHS tapes and copy your homemade DVDs to share with friends and family on VHS. Sony\'s RDR-VX500 DVD recorder/VCR combo saves space while simplifying component hookups. Offering broad format flexibility through DVD+R/+RW and DVD-R/-RW versatility, the deck permits dubbing from VHS to DVD and from DVD to VHS (subject to Macrovision anti-piracy technology in the source media).<p>In addition, the recorder sports a handy i.Link digital-video interface so you can copy DV/Digital8 camcorder tapes directly to long-lasting recordable DVDs. Other features include progressive-scan output for DVD (480p) for high-quality video reproduction on high-definition and HD-ready TVs, JPEG digital image and MP3 music playback from CD-R/CD-RW, and VCR Plus+ programming for easy navigation and control.</p><p>  Progressive scanning, referred to as 480p for the number of horizontal lines that compose the video image, creates a picture using twice the scan lines of a conventional DVD picture, giving you higher resolution and sharper images while eliminating nearly all motion artifacts.</p><br /><br />', '', '', '', '', '');
INSERT INTO cscart_product_descriptions (`product_id`, `lang_code`, `product`, `shortname`, `short_description`, `full_description`, `meta_keywords`, `meta_description`, `search_words`, `page_title`, `age_warning_message`) VALUES ('890', 'EN', 'Toshiba RS-TX60 DVD Recorder with 160 GB TiVo Series2 Digital Video Recorder', '', '', '<b>Features</b><br /><b>&middot;&nbsp;</b>Front-panel IEEE 1394/DV input provides a quick and easy connection with a compatible digital camcorder<br /><b>&middot;&nbsp;</b>Measures 16.5 x 3.3 x 13 inches (W x H x D)<br /><b>&middot;&nbsp;</b>DVD recorder/player with built-in 160 GB hard drive and free TiVo Basic service (pause, rewind, instant replay, 3-day advance recording)<br /><b>&middot;&nbsp;</b>Up to 200 hours of audio/video storage on hard-disk drive (HDD); records to DVD-R or DVD-RW<br /><b>&middot;&nbsp;</b>Component-video output for both DVD and TiVo content; DVD offers progressive-scan output for use with high-definition and HD-ready TVs<br /><br />built-in 160GB hard drive for recording/playback (holds up to 200 hours) * TiVo Basic 3-day on-screen program guide * IEEE 1394 DV front-panel input for use with a digital camcorder * records to DVD-R &amp; DVD-RW * plays DVD-Video, DVD-R &amp; DVD-RW, CD, CD-R &amp; CD-RW, MP3 and WMA CD-R &amp; CD-RW, and picture CDs (JPEG) *<br /><br /> A digital entertainment device for both movie buffs and technophiles, Toshiba\'s RS-TX60 digital media server features DVD recording abilities alongside TiVo Series2 technology with free TiVo Basic service included with purchase. The unit\'s high-capacity, 160 GB hard-disk drive (HDD) stores up to 200 hours of audio/video storage (depending on the quality level you select), while DVD recording gives you the option for archiving your VHS and camcorder footage and for easy recording of your favorite TV programs. A convenient, front-panel DV input (IEEE 1394) is perfect for quick transfers of camcorder material onto the hard-disk drive and then to DVD.<p>  The unit also comes with a 45-day free trial of the TiVo Plus service so you can try features unique to the TiVo Plus service, including the ability to search for programs by title, set up Season Pass recordings for your favorite shows, and create actor, director, and keyword WishLists searches.</p><p>  With TiVo Basic Service included and without paying a subscription fee, you can record your favorite TV shows onto the HDD and watch them on your schedule. You can also record content from the hard disk drive to a DVD media (DVD-R or DVD-RW) quickly and easily. The easy-to-use TiVo interface can automatically create a DVD menu for easy navigation. DVDs can be named according to your program selections, or you may manually enter a title.</p><p>  This is a great DVD <i>player</i>, too. Whether your living room is currently home to an HDTV or you\'re merely thinking of \"someday,\" the RS-TX60 will deliver the full potential of your commercial DVDs. Progressive scanning, referred to as 480p for the number of horizontal lines that compose the video image, gives you higher resolution and sharper images than standard 480i signals while eliminating nearly all motion artifacts. Toshiba\'s Digital Cinema Progressive feature (3:2 pulldown detection and reversal) digitally corrects frame distortion in film-based material to display a film-frame-accurate picture.</p><p>  The recorder/player\'s ColorStream Pro component-video output (selectable for 480p/480i) works for both DVD and TiVo content. There are 2 composite-video-based AV inputs, 1 S-video input, and 1 RF coaxial input (for an antenna signal or a feed from an older VCR or cable box). A set of left/right analog-audio outputs channel audio to Dolby Pro Logic receivers and stereo televisions, while both Dolby Digital and DTS 5.1-channel surround-sound signals can be routed through the player\'s Toslink optical digital-audio output for direct connection to a full-featured audio/video receiver.</p><p>  The DVD drive is fully compatible with your MP3 and WMA music CDs and will even play discs full of your favorite JPEG digital photos for ready-made slide shows right in your living room.</p><p>  A supplied IR blaster cable for cable-box and satellite receiver control (C3 Control) connects to the back of the recorder and transmits an infrared (IR) signal to change channels on your cable or satellite box, as needed, for advance recording--freeing you from having to pretune the correct channel ahead of time.</p><p>  The included, no-fee TiVo Basic service features a 3-day rolling program guide, TV \"Trick Play\" features (such as the ability to pause and rewind live TV), instant replay/instant skip, and manual recording capability with repeat function. The unit is fully upgradeable to the TiVo Plus Service (subscription required: $12.95 per month or a \"product lifetime\" fee of $299 that\'s good for as long as your RS-TX60 remains operational), which includes TiVo\'s Home Media Option for remote (online) scheduling, access to MP3/JPEG digital media files from your PC, and multi-room viewing with no additional TiVo receivers.</p><p><b>What\'s in the Box</b><br /> DVD/HDD recorder/player, a remote control, remote batteries, an IR blaster cable, a user\'s manual, a stereo analog audio interconnect/composite-video cable, and warranty/registration information.</p><br /><br />', '', '', '', '', '');
INSERT INTO cscart_product_descriptions (`product_id`, `lang_code`, `product`, `shortname`, `short_description`, `full_description`, `meta_keywords`, `meta_description`, `search_words`, `page_title`, `age_warning_message`) VALUES ('1123', 'EN', 'Apple iMac G5 Desktop with 20', '', '', 'IMAC G5/1.8 256MB 160GB SD 20IN OS10.3', '', '', '', '', '');
INSERT INTO cscart_product_descriptions (`product_id`, `lang_code`, `product`, `shortname`, `short_description`, `full_description`, `meta_keywords`, `meta_description`, `search_words`, `page_title`, `age_warning_message`) VALUES ('892', 'EN', 'GO VIDEO DP8240 Portable DVD Player', '', '', '<b>Rugged OFF-ROAD design for durable entertainment on the go!</b><br /><br /><b>Features:</b><ul><li>OFF-ROAD design  Made for the rigors of an active lifestyle with Anti-Shock Protection (ASP) and Impact Shield Rubber Edges.</li><li>8.4\" LCD screen  Widescreen 16:9 format.</li><li>Versatile Entertainment  Plays DVDs, DVD-R/RW, DVD+R/RW, Music CDs, Kodak Picture CDs, MP3 audio and JPEG image files on CD-R/RW.</li><li>Built-in stereo speakers.</li></ul>', '', '', '', '', '');
INSERT INTO cscart_product_descriptions (`product_id`, `lang_code`, `product`, `shortname`, `short_description`, `full_description`, `meta_keywords`, `meta_description`, `search_words`, `page_title`, `age_warning_message`) VALUES ('1067', 'EN', 'With Teeth', '', '', '<b>CS-Cart.com</b><br />Trent Reznor has always been a one-trick-pony, but it\'s a damn good trick: sunny melodies filtered through ferocious electronics. Unfortunately, the trick\'s impact was often watered down by a tendency toward petulance and self-absorption. Still, almost six years after NIN\'s last release, <i>The Fragile</i>, the trick itself has lost none of its Teen-Beat-from-hell appeal. <i>With Teeth</i> blisters from the start with \"All the Love in the World,\" and tracks like \"The Collector\" take full advantage of Dave Grohl\'s sledgehammer drumming. Reznor stretches occasionally, trying out different tactics, from crunchy, overtly commercial rave-ups (\"The Hand That Feeds\") to borderline New Wave (\"Only\"). But <i>Teeth</i> isn\'t about stretching. It\'s about doing the same trick, only better, with less clutter and more bite. By neatly distilling the sparseness of <i>Pretty Hate Machine</i> with <i>Downward Sprial</i>-style density, it ends up being the most focused record in the NIN catalog. &#150;<i>Matthew Cooke</i>', '', '', '', '', '');
INSERT INTO cscart_product_descriptions (`product_id`, `lang_code`, `product`, `shortname`, `short_description`, `full_description`, `meta_keywords`, `meta_description`, `search_words`, `page_title`, `age_warning_message`) VALUES ('1069', 'EN', 'Karma and Effect', '', '', '<b>CS-Cart.com</b><br />Seether\'s follow-up to their promising, moderately successful 2002 debut, <i>Disclaimer</i>, and its spottier, hastily repackaged 2004 sequel, was reportedly beset by fighting with their label--friction that dictated everything from profanity-free lyrics to a title change (the original name was the telling <i>Catering to Cowards</i>.) Yet the band effectively rises above those constraints, if only by largely sticking to <i>Disclaimer</i>\'s tried-and-true formula of seasoning the generous blasts of angst-metal (such as the raging opener \"Because of Me\") that are its true stock in trade with more evocative ballads like \"The Gift\" and \"Plastic Man.\" The latter tracks hearken back to \"Broken,\" singer Shaun Morgan\'s duet with girlfriend and Evanescence singer Amy Lee, yet find their own restless, emotive substance without her. <i>--Jerry McCulley</i>', '', '', '', '', '');
INSERT INTO cscart_product_descriptions (`product_id`, `lang_code`, `product`, `shortname`, `short_description`, `full_description`, `meta_keywords`, `meta_description`, `search_words`, `page_title`, `age_warning_message`) VALUES ('1060', 'EN', 'Rock of Ages: The Definitive Collection', '', '', '<b>CS-Cart.com</b><br />While many of their peers were abandoning \'70s metal and arena rock to hop the punk/new wave bandwagon, Def Leppard smartly stripped the earlier era\'s music of its excesses, bolstered it with energetic, pop-savvy hooks and quickly found itself the vanguard of the UK\'s new metal revival and one of the \'80s most spectacularly successful rock acts. The first disc of this 35-track, two-and-a-half hour double-disc retrospective focuses on the familiar hits of their early MTV, platinum-selling prime, though the inclusion of the video edit/remixes of \"Pour Some Sugar On Me\" and \"Rocket\" attempts to cast them in a more club-friendly contemporary groove. But the grittier second disc showcases some of the early, overlooked roots of <i>On Through the Night</i> and <i>High \'N\' Dry</i>, as well as underappreciated later gems like \'99\'s \"Promises\" and a power-pop-perfect take on Badfinger\'s \"No Matter What\" from an upcoming covers project. <i>--Jerry McCulley</i>', '', '', '', '', '');
INSERT INTO cscart_product_descriptions (`product_id`, `lang_code`, `product`, `shortname`, `short_description`, `full_description`, `meta_keywords`, `meta_description`, `search_words`, `page_title`, `age_warning_message`) VALUES ('1061', 'EN', 'Mighty Rearranger', '', '', '<b>CS-Cart.com</b><br />In the weeks leading up to this album\'s release, Robert Plant was the unlikely hit at the South By Southwest music festival, delivering such a scorching set with his band the Strange Sensation rockers a quarter of his age simply got back on their planes and went home without playing a note. This can most likely be attributed to the fact that, unlike most his classic rock peers, Plant has rarely settled since moving on from the Led Zeppelin behemoth. Over the course of eight solo albums, he\'s experimented with doo-wop, synth-pop and even drum\'n\' bass. But it\'s only at 56 that the Golden God is hitting his stride. On \"Tin Pan Valley,\" he sings, \"My peers may flirt with cabaret/ Some fake the rebel yell/ Me, I\'m moving up higher ground/ I must escape their hell.\" <i>Mighty Rearranger</i> draws out the best qualities of his otherworldly voice, surrounding it with rich Middle Eastern textures, soft blues accents and gorgeous psychedelic swooshes. It\'s in keeping with the spirit of 2002\'s exotic and lush <i>Dreamland</i>, only it sounds more refined. The quiet bits are quieter and the loud bits are timely reminders that Plant was once a man possessed by a dozen dead wolverines. He\'s not kidding when on \"Shine It All Around,\" he sings, \"These are the days of my life/ Bright, strong and golden.\" <i>--Aidin Vaziri</i>', '', '', '', '', '');
INSERT INTO cscart_product_descriptions (`product_id`, `lang_code`, `product`, `shortname`, `short_description`, `full_description`, `meta_keywords`, `meta_description`, `search_words`, `page_title`, `age_warning_message`) VALUES ('1062', 'EN', 'The Life Aquatic with Steve Zissou', '', '', '<b>CS-Cart.com</b><br />Director Wes Anderson\'s jewel of a comic-character study revolves around the quirks and obsessions of Bill Murray\'s titular Cousteau-esque deep-sea adventurer and his motley crew of associates. As they did for the director\'s equally sublime <i>Royal Tenenbaums</i>, Anderson and music super Randall Poster stitch their eclectic source material into a warm, subtly focused new cinemusic whole. Mark Mothersbaugh\'s original Casio-baroque cues are the perfect complement for Australian film composer Sven Libaek\'s compelling slices of vintage exotica, while <i>Ziggy Stardust</i>-era David Bowie largely provides the musical subtext, either directly or in earnest, through live acoustic renditions by Brazilian troubadour/film costar Seu Jorge. Seasoning the mix to near perfection are smart, vintage Britpop contributions by Scott Walker and the Zombies, Iggy and the Stooges thrashing \"Search and Destroy,\" the evocative Iberian fire of Paco DeLucia, and Joan Baez\'s dramatic read of Morricone\'s  <i>Sacco &amp; Vanzetti</i> theme, \"Here\'s to You.\" <i>-- Jerry McCulley</i>', '', '', '', '', '');
INSERT INTO cscart_product_descriptions (`product_id`, `lang_code`, `product`, `shortname`, `short_description`, `full_description`, `meta_keywords`, `meta_description`, `search_words`, `page_title`, `age_warning_message`) VALUES ('1064', 'EN', 'Out of Exile', '', '', '<b>CS-Cart.com</b><br />In what was widely predicted to be a short-lived supergroup/side-project, Audioslave has instead gratifyingly yielded a bonafide band. The follow-up to their promising, if not quite artistically congealed \'02 <i>debut</i> finds singer/songwriter Chris Cornell contributing a slate of songs that would have done his former Soundgarden proud, while guitarist Tom Morello and his former Rage Against the Machine bandmates cast them in a focused rhythmic groove that suggests that the old school can still yield a timely lesson or two. Cornell\'s best songs may still lurk in the shadows (the funeral hypno-blues of \"Heaven\'s Dead,\" the martial metal of antiwar opener \"Your Time Has Come,\" \"The Worm\" as anthem for self-loathing), yet they\'re now brightened with such surprisingly sunny fare as \"Dandelion,\" \"Doesn\'t Remind Me\"\'s charged, existentialist daydream and even a hook-rich, dangerously optimistic back-to-the-future power ballad in \"Be Yourself.\" Morello\'s work on the title track and elsewhere is a study in taste and less-is-more efficiency, a telling hint of how forcefully these iconic \'90s stars have sublimated their egos as their new music has blossomed; who said there are no second acts in American (rock) lives? <i>--Jerry McCulley</i>', '', '', '', '', '');
INSERT INTO cscart_product_descriptions (`product_id`, `lang_code`, `product`, `shortname`, `short_description`, `full_description`, `meta_keywords`, `meta_description`, `search_words`, `page_title`, `age_warning_message`) VALUES ('1065', 'EN', 'Mezmerize', '', '', '<b>CS-Cart.com</b><br />Four CD\'s and nearly ten years into their career, System of a Down continue to be the Gilbert and Sullivan of this generation, delivering razor-sharp political commentary via beautiful, quirky melodies and discordant harmonies.</p><p> The group has mastered the ability to be both successful and subversive--with 2001\'s Toxicity selling over six million copies and debuting at number one on the Billboard charts, their success in indisputable. As far are their subversive-ness, the lyrical content on <i>Mezmerize</i> is a solid stream of anti-war, anti-corporate and anti-celebrity sentiment. The disc\'s first single proves as beautifully schizophrenic as anything the band has released. \"B.Y.O.B.\" opens with guitarist Daron Malakian\'s rapid-fire riff, then frontman Serj Tankian\'s anti-war screams of \"Why do they always send the poor?\"; less than a minute later, a nearly-surreal jump to a facetiously perky, beach party chorus that could easily be found on a Britney or Justin record: \"Everybody\'s going to the party/have a real good time.\" Guitarist/co-songwriter Malakian takes increased vocal time on the disc, including the hilarious, size-obsessed \"Cigaro\" and celeb-slapping \"Radio/Video\". Witticism aside, musical and lyrical intensity peaks with the operatic \"Question!\" and the emotional piledriver that is \"Sad Statue\", the group&#185;s unflinching statement on war and Lady Liberty.</p><p> The only shortcoming of <i>Mezmerize</i> is, quite simply, that it is short. Clocking in at a mere 38 minutes, the reason given is that this release is one-half of a two CD set--with part 2, <i>Hypnotize</i>, expected in late fall 2005.</p><i>--Denise Sheppard</i>', '', '', '', '', '');
INSERT INTO cscart_product_descriptions (`product_id`, `lang_code`, `product`, `shortname`, `short_description`, `full_description`, `meta_keywords`, `meta_description`, `search_words`, `page_title`, `age_warning_message`) VALUES ('1066', 'EN', 'Octavarium', '', '', '<b>CS-Cart.com</b><br /><i>Octavarium</i> opens with a lean and enthusiastic-sounding Dream Theater, one that continues to move forward without compromising its classic sound or its classic progressive metal appeal. Bassist John Myung propels album opener \"The Root Of All Evil\" with a weight equal to that of Mike Portnoy\'s forceful but finessed drumming and guitarist John Petrucci\'s masterful riffing which seems once more to widen the realm of possibilities available on the instrument. Keyboardist Jordan Rudess lends subtle and deft touches throughout helping further solidify the outfit\'s equally strong footing in the worlds of heavy and progressive rock. But the best evidence that Dream Theater remains alive and well rests perhaps in the final 34 minutes of the album. The 10-minute 9/11 meditation \"Sacrificed Sons\" finds vocalist James LaBrie giving one of his most convincing performances to date. The closing, 24-minute title track serves as the sound of a progressive rock orchestra delivering one more classic epic symphony, one more that lengthens this unit\'s ever-long prime. Both tracks stand as testament to the quintet\'s virtuosity, integrity and ingenuity and will fast become favorites. Further evidence of the group\'s diversity also exists here in the form of the unapologetically commercial (and U2-inflected) \"I Walk Beside You,\" a song that seems destined to connect with a crossover audience--at least one up for an unforgettable adventure. <i>--Jedd Beaudoin</i><br /><br /><b>Album Description</b><br />Dream Theater has maintained a rare combination of stellar musicianship and unwavering passion for over a decade, selling millions of albums and filling concert venues worldwide. The band once again confirms its status as progressive hard rock\'s standard-bearers on their latest studio epic, Octavarium.<br /><br />', '', '', '', '', '');
INSERT INTO cscart_product_descriptions (`product_id`, `lang_code`, `product`, `shortname`, `short_description`, `full_description`, `meta_keywords`, `meta_description`, `search_words`, `page_title`, `age_warning_message`) VALUES ('1028', 'EN', '24 - Seasons 1-3', '', '', '<b>CS-Cart.com</b><br />Such a simple idea--yet so fiendishly complex in the execution. <i>24</i>, as surely everyone knows by now, is a thriller that takes places over 24 hours, midnight to midnight, in 24 one-hour episodes (well, 45-minute episodes if you subtract the commercials). Everything takes place in real time, which means no flashbacks, no flash-forwards, no handy time-dissolves. Every strand of the plot has to be dovetailed and interlocked so things happen just when they should, in the right amount of time. Not that easy. Creator Robert Cochran and his team of writers and directors have done an impressive job of putting the jigsaw together and keeping the tension ratcheted up high, as federal agent Jack Bauer (Kiefer Sutherland) runs around L.A. trying to stall an assassination attempt on an African American presidential candidate and rescue his wife and daughter from the clutches of the Balkan bad guys. <p>  In the second season, Jack is no longer on the government payroll; unfortunately for him, this small fact doesn\'t seem to matter to the president and the NSA, who call him back in to the CTU and give him 24 hours to infiltrate a terrorist organization that is planning to detonate a dirty bomb in the city of angels. Fans of the original won\'t be disappointed, as there are more than enough shock moments in the first few hours to hint at the climactic build-up to come, while newcomers can quickly get involved in the lives of Jack and his family.</p><p>  In the third season--three years after the events of \"Day Two\"--a vengeful terrorist threatens to release a lethal virus that could wipe out much of the country\'s population. Jack attempts to broker a deal for the virus involving a drug kingpin, setting the 24-hour clock ticking in a tight, action-packed plot involving a potential traitor in CTU\'s midst. The intricately woven subplots that are <i>24</i>\'s greatest strength are masterfully developed here, and character arcs are equally strong. It\'s <i>24</i>\'s superior casting that overcomes the series\' occasional lapses in credibility, and season 3\'s twists make marathon viewing a nerve-wracking delight. As always, Sutherland anchors the series in the role he was born to play.</p>', '', '', '', '', '');
INSERT INTO cscart_product_descriptions (`product_id`, `lang_code`, `product`, `shortname`, `short_description`, `full_description`, `meta_keywords`, `meta_description`, `search_words`, `page_title`, `age_warning_message`) VALUES ('1030', 'EN', 'Hostage', '', '', '<b>CS-Cart.com</b><br />You get two hostage crises for the price of one in <i>Hostage</i>, an overwrought but otherwise involving thriller grounded by Bruce Willis\'s solid lead performance. Making a dramatic pit-stop on his way to <i>Die Hard 4</i>, Willis plays a traumatized former Los Angeles hostage negotiator, now working as a nearly-divorced police chief in sleepy Ventura County, California. Willis suddenly finds himself amidst two potentially deadly stand-offs when a trio of hapless teenagers seize hostages in the fortress-like home of an accountant (Kevin Pollack) whose connections to organized crime result in Willis struggling to rescue his estranged wife and daughter, who are being held hostage by faceless thugs at an undisclosed location. Having directed two of Tom Clancy\'s <i>Splinter Cell</i> video games, director Florent Siri brings plenty of slick, competent filmmaking to Willis\'s desperate dilemma, and the film boasts a gritty, graphic style that draws attention away from implausible plot twists. The bothersome, over-the-top performances by the teenaged villains also slightly compromise this gloomy but emotionally gripping adaptation of Robert Crais\'s novel, named as one of CS-Cart.com\'s best books of 2001. <i>--Jeff Shannon</i><br /><br /><b>Description</b><br />Action superstar Bruce Willis (SIN CITY, DIE HARD, UNBREAKABLE, THE SIXTH SENSE, ARMAGEDDON, PULP FICTION) powers a nail-biting thriller that crackles with action and suspense! When Jeff Talley (Willis) became chief of police in a sleepy town, he thought he\'d left behind the traumas of his career as a big city hostage negotiator. But when a random crime escalates into a deadly standoff, Talley finds himself thrust into a situation far more volatile and terrifying than anything he could ever imagine! Also starring Kevin Pollak (THE USUAL SUSPECTS, THE WHOLE NINE YARDS), Jonathan Tucker (THE TEXAS CHAINSAW MASSACRE), and Ben Foster (SIX FEET UNDER, THE PUNISHER), this acclaimed hit is based on the best-selling novel by Robert Crais.<br /><br />', '', '', '', '', '');
INSERT INTO cscart_product_descriptions (`product_id`, `lang_code`, `product`, `shortname`, `short_description`, `full_description`, `meta_keywords`, `meta_description`, `search_words`, `page_title`, `age_warning_message`) VALUES ('1034', 'EN', 'Lois &amp; Clark - The New Adventures of Superman - The Complete First Season', '', '', '<b>CS-Cart.com</b><br /><i>Lois &amp; Clark</i>was one of the sweetest surprises of the 1993 television season, and while it certainly enjoyed a devoted following until the series jumped the tall building in its later years, we can probably thank the Phoenix-like rise of <i>Desperate Housewives</i>\' Teri Hatcher\'s career to thank for its arrival on DVD. The premise of <i>Lois &amp; Clark</i> is one fraught with peril, particularly for core fans. This incarnation of the Man of Steel saga recasts <i>Superman</i> as romantic comedy. One of the series creators once described this series as \"basically, <i>Moonlighting</i>, only Bruce Willis can fly.\" This is overstating the case by leaps and bounds. Clark Kent (Dean Cain) has not been reinvented as a wisecracking street-wise hipster. The chemistry between the new Metropolis arrival and rookie <i>Daily Planet</i> scribe and ace investigative reporter Lois Lane (Hatcher) is not as sexually charged as David and Maddie, and their banter is not as sharp. But as with <i>Moonlighting</i> it would be a few seasons before the two lovelorn characters consummated their attraction. <p>  The dramatic arc of this inaugural season is \"the fall of the house of Luthor,\" but at its heart is the triangle between Clark, Lois, and the charming snake Lex Luthor (John Shea), who, in the pilot episode, Superman vows to bring to justice (\"Let the games begin,\" Luthor responds). Further complicating matters is that Superman has literally swept Lois off her feet. But until the episode \"Barbarians at the Planet,\" in which Lex proposes to Lois, Lois professes her love to Superman, and Clark confesses his love to Lois, <i>Lois &amp; Clark</i>breezily tweaks the touchstones of <i>Superman</i> iconography. \"I\'ve never noticed it before,\" a \"drunk with love\" Lois observes to a bespectacled Clark in \"Pheremone, My Lovely,\" \"You look a lot like Superman.\" Though special effects have progressed since the 1990s, <i>Lois &amp; Clark</i> has lost little of its sparkle and panache, thanks to its super leads, whose fledgling careers soared to dizzying new heights. <i>--Donald Liebenson</i></p><br /><br /><b>Description</b><br />Casting a fresh look on a timeless legend, this exciting, action-packed update of the DC Comics Superman captures the daring exploits of the mysterious visitor from another planet and brings the city of Metropolis to life. Originally aired in the 90\'s on ABC, this humorously romantic action/adventure hour-long series puts a modern twist on the time-honored, legendary superhero, bringing to life the comic book characters Clark Kent (Dean Cain); his superhuman alter-ego, Superman; and Lois Lane (Teri Hatcher), fiction\'s first lady of the press, in the most unrequited romance of all time.<br /><br />', '', '', '', '', '');
INSERT INTO cscart_product_descriptions (`product_id`, `lang_code`, `product`, `shortname`, `short_description`, `full_description`, `meta_keywords`, `meta_description`, `search_words`, `page_title`, `age_warning_message`) VALUES ('1035', 'EN', 'The High and the Mighty (Two-Disc Collector\'s Edition)', '', '', '<b>CS-Cart.com</b><br />John Wayne personally produced many of his \'50s films, which is why some of them have languished in corporate limbo following his death. <i>The High and the Mighty</i> was one of his most popular vehicles (no pun intended). This long, necessarily sedentary drama aboard an endangered airliner is a CinemaScope bridge between 1932\'s <i>Grand Hotel</i> and 1970s disaster movies. Despite Wayne\'s iconic presence as a pilot--now copilot--who survived the plane crash that wiped out his family, it\'s an ensemble movie with an impressive cast: Robert Stack sharing the cockpit, OscarÂ® nominees Claire Trevor and Jan Sterling, Laraine Day, Robert Newton, Paul Kelly, John Qualen, Regis Toomey, the ubiquitous Paul Fix, and director William A. Wellman\'s good-luck character actor Douglas Fowley. Dimitri Tiomkin\'s score won the Oscar, though the fondly remembered theme song isn\'t as prominent as you\'d expect. <i>Wings</i> veteran William H. Clothier shot the aerial footage. <i>--Richard T. Jameson</i>', '', '', '', '', '');
INSERT INTO cscart_product_descriptions (`product_id`, `lang_code`, `product`, `shortname`, `short_description`, `full_description`, `meta_keywords`, `meta_description`, `search_words`, `page_title`, `age_warning_message`) VALUES ('1045', 'EN', 'National Treasure (Full Screen Edition)', '', '', '<b>CS-Cart.com</b><br />Like a Hardy Boys mystery on steroids, <i>National Treasure</i> offers popcorn thrills and enough boyish charm to overcome its rampant silliness. Although it was roundly criticized as a poor man\'s rip-off of <i>Raiders of the Lost Ark</i> and <i>The Da Vinci Code</i>, it\'s entertaining on its own ludicrous terms, and Nicolas Cage proves once again that one actor\'s infectious enthusiasm can compensate for a multitude of movie sins. The contrived plot involves Cage\'s present-day quest for the ancient treasure of the Knights Templar, kept secret through the ages by Freemasons past and present. Finding the treasure requires the theft of the Declaration of Independence (there are crucial treasure clues on the back, of course!), so you can add \"caper comedy\" to this Jerry Bruckheimer production\'s multi-genre appeal. Nobody will ever accuse director Jon Turtletaub of artistic ambition, but you\'ve got to admit he serves up an enjoyable dose of PG-rated entertainment, full of musty clues, skeletons, deep tunnels, and harmless adventure in the old-school tradition. It\'s a load of hokum, but it\'s <i>fun</i> hokum, and that makes all the difference. <i>--Jeff Shannon</i>', '', '', '', '', '');
INSERT INTO cscart_product_descriptions (`product_id`, `lang_code`, `product`, `shortname`, `short_description`, `full_description`, `meta_keywords`, `meta_description`, `search_words`, `page_title`, `age_warning_message`) VALUES ('1050', 'EN', 'Trouble', '', '', '<b>CS-Cart.com</b><br />Some singer/songwriters (think Paul Westerberg and Elliott Smith) develop their world-weariness through the unforgiving trials of passing years and the heart-breaking grind of the music business. Others (Van Morrison, Neil Young) seem to have sprung from out of nowhere with the fully formed soul of a life well-lived. Ray LaMontagne belongs with the latter. On this, his debut, LaMontagne has crafted a handful of quietly devastating meditations on life and love--and delivered them with a raspy vocal all his own. The simple, mournful lyrics of \"Burn,\" \"Shelter\" and the title track recall a Hank Williams ballad, and the reserved production by alt-country/americana genius Ethan Johns (the Jayhawks, Ryan Adams, Kings of Leon) make this a great disc for smoky Saturday nights, and rainy Sunday mornings. <i>--Ben Heege</i>', '', '', '', '', '');
INSERT INTO cscart_product_descriptions (`product_id`, `lang_code`, `product`, `shortname`, `short_description`, `full_description`, `meta_keywords`, `meta_description`, `search_words`, `page_title`, `age_warning_message`) VALUES ('1052', 'EN', 'Grant Street', '', '', '<b>CS-Cart.com</b><br />Just as Muhammad Ali once boasted that he could \"float like a butterfly, sting like a bee,\" Louisiana\'s Sonny Landreth can make his slide guitar roar like a rocket ship and dance like a ballerina. As this live set recorded on his home turf attests, few guitarists combine such power with such precision. Landreth&#146;s veteran rhythm section of bassist David Ranson and drummer Kenneth Blevins provides whipcrack support on a set of supercharged instrumentals (\"Native Stepson,\" \"Z. Rider,\" \"Pedal to Metal\") and original blues (\"Broken-Hearted Road,\" \"Wind in Denver\"), building to a climax with the guitarist&#146;s signature tune, \"Congo Square.\" Though Landreth established himself as an ace sideman from his apprenticeship with zydeco kingpin Clifton Chenier through his extended stint with John Hiatt, he really cuts loose with his own trio, generating a dynamic propulsion that threatens to levitate this Lafayette dancehall. <i>--Don McLeese</i>', '', '', '', '', '');
INSERT INTO cscart_product_descriptions (`product_id`, `lang_code`, `product`, `shortname`, `short_description`, `full_description`, `meta_keywords`, `meta_description`, `search_words`, `page_title`, `age_warning_message`) VALUES ('1054', 'EN', 'Twenty', '', '', '<b>CS-Cart.com</b><br />With his chocolaty cool, soulful Memphis croon and sure sense of melody, Robert Cray has never been considered a straightahead bluesman. His often interchangeable albums have instead stayed closer to R&amp;B, adding compact, stinging lead guitar to songs about matters of the heart. That formula remains, with minor variations, on Cray\'s 14th release, rather confusingly named <i>Twenty</i>. The title track, a gripping, emotional anti-war ballad of the experience of a GI in Iraq (that, incidentally, doesn\'t contain the word \"twenty\") shows the singer/songwriter shifting his emotionally charged storytelling lyrics to the political arena. It\'s a brief but confident detour from his usual M.O. of relationships on the brink of collapse or in general disrepair, typically related in the first person. Subtle yet effective forays into loungey jazz on \"My Last Regret\" and even reggae on the opening \"Poor Johnny\" indicate a healthy tendency to push his established envelope, if only gently, into other genres.<p> But Cray sticks to his established bread and butter for the majority of this sturdy album, effortlessly churning out shoulder-swaying, foot-tapping R&amp;B accompanied by a clean, clear tenor voice and a road-hardened band that finesses these songs with the perfect combination of fire and ice. Old fans won\'t be disappointed, and newcomers can start here and work backwards.</p><i>--Hal Horowitz</i>', '', '', '', '', '');
INSERT INTO cscart_product_descriptions (`product_id`, `lang_code`, `product`, `shortname`, `short_description`, `full_description`, `meta_keywords`, `meta_description`, `search_words`, `page_title`, `age_warning_message`) VALUES ('744', 'EN', 'Sharp Electronics PW-E550 Electronic Dictionary', '', '', '<b>Features</b><br /><b>&middot;&nbsp;</b>Metric/ Currency Converter<br /><b>&middot;&nbsp;</b>Enchanced Search Function- Quick View<br /><b>&middot;&nbsp;</b>Enchanced Search Function -Super Jump<br /><b>&middot;&nbsp;</b>Full Contents from Best Selling Books<br /><b>&middot;&nbsp;</b>Calculator and Spell Checker<br /><br />', '', '', '', '', '');
INSERT INTO cscart_product_descriptions (`product_id`, `lang_code`, `product`, `shortname`, `short_description`, `full_description`, `meta_keywords`, `meta_description`, `search_words`, `page_title`, `age_warning_message`) VALUES ('745', 'EN', 'PalmOne LifeDrive Mobile Manager', '', '', 'palmOne LifeDrive Mobile Manager What Drives You? With a 4GB hard drive and built-in Wi-Fi and Bluetooth wireless support, the LifeDrive mobile manager from palmOne lets you easily carry all the essentials of your busy life. Files and folders from your desktop computer, 300 songs, 2.5 hours of video, 1000 vacation photos, and more are right there with you. Even files you may have left behind are within easy reach with WiFile software,2 whether you\'re in the airport lounge or a hallway between meetings.  With support for POP, IMAP and built-in Microsoft Exchange ActiveSync, you can stay on top of e-mail at your Wi-Fi enabled office, home or any the thousands of hotspots. You can even download important web pages and view them later offline. Plus, an onboard voice recorder, MP3 player, and photo viewer keep your precious few moments of free time both interesting and productive.', '', '', '', '', '');
INSERT INTO cscart_product_descriptions (`product_id`, `lang_code`, `product`, `shortname`, `short_description`, `full_description`, `meta_keywords`, `meta_description`, `search_words`, `page_title`, `age_warning_message`) VALUES ('742', 'EN', 'HP iPAQ hx2415 Pocket PC', '', '', 'HP iPAQ hx2415 Pocket PC Combining high performance, excellent connectivity and expandability, and enhanced security, this iPAQ is ready to help you meet all your daily business and personal needs&#151;all while fitting conveniently in your pocket or purse!', '', '', '', '', '');
INSERT INTO cscart_product_descriptions (`product_id`, `lang_code`, `product`, `shortname`, `short_description`, `full_description`, `meta_keywords`, `meta_description`, `search_words`, `page_title`, `age_warning_message`) VALUES ('743', 'EN', 'Sony CLIE PEG-TJ27 Handheld', '', '', 'Designed with convenience in mind, TJ27 CLI?????? Handheld lets you take snap-shots anywhere as well as keep your hectic business and personal life organized. PEG-TJ27 features a high-resolution color screen (320 x 320 pixels) that displays images and fonts in fine detail. It comes with Palm OS 5.2 and 32MB internal memory so you can add more applications as needed. Enjoy virtually unlimited storage for additional applications and data using Memory Stick media and Memory Stick PRO media - access information on-the-fly with the easy-to-use Jog Dial navigator.', '', '', '', '', '');
INSERT INTO cscart_product_descriptions (`product_id`, `lang_code`, `product`, `shortname`, `short_description`, `full_description`, `meta_keywords`, `meta_description`, `search_words`, `page_title`, `age_warning_message`) VALUES ('776', 'EN', 'Nike Sp-5 Golf Shoe - White', '', '', 'NIKE SP-5 GOLF SHOE - Finally, a shoe that compliments my style. I took the spikes out of them and am wearing them as my everyday shoes. Not only do they have flare but they are comfortable and keep my foot dry. I\'m tellin\' ya these shoes would appease the harshest of the fashion police. I may not play golf well but I\'m doin\' it in style.', '', '', '', '', '');
INSERT INTO cscart_product_descriptions (`product_id`, `lang_code`, `product`, `shortname`, `short_description`, `full_description`, `meta_keywords`, `meta_description`, `search_words`, `page_title`, `age_warning_message`) VALUES ('778', 'EN', 'Nike Attest VI', '', '', 'A value packed, adult inspired running shoe. A combination of leather and mesh make for better durability and breathability with a waffle patterned outsole. By Nike. Leather. Mesh Upper.', '', '', '', '', '');
INSERT INTO cscart_product_descriptions (`product_id`, `lang_code`, `product`, `shortname`, `short_description`, `full_description`, `meta_keywords`, `meta_description`, `search_words`, `page_title`, `age_warning_message`) VALUES ('863', 'EN', 'Panasonic TH-37PX50U 37', '', '', '<b>Features</b><br /><b>&middot;&nbsp;</b>High-Definition Multimedia Interface (HDMI) offers direct-digital AV connection with compatible gear<br /><b>&middot;&nbsp;</b>CableCARD compatibility obviates the need for a separate box for digital cable reception<br /><b>&middot;&nbsp;</b>2 elliptical speakers powered by 8 watts per channel; optical digital-audio output passes Dolby Digital 5.1 sound from select DTV programs<br /><b>&middot;&nbsp;</b>37-inch gas-plasma TV with built-in NTSC and digital ATSC/QAM tuners and high 3,000:1 contrast ratio; 38.1 x 25.2 x 3.8 inches (W x H x D)<br /><b>&middot;&nbsp;</b>1,366 x 768 native pixel resolution with HDTV/EDTV display capability (1080i/720p/480p); fine 0.80 x 0.64 mm dot pitch<br /><br />Deep Blacks, Bright Whites, and 8.58 Billion Colors1The realism of a TV\'s image is strongly linked to its contrast ratio, and this plasma features a high contrast ratio of up to 3000:12. Such a wide range from black to white means great depth and dimensionality with vibrant colors??and this plasma can display an incredible 8.58 billion colors for a superior picture. Deep blacks provide excellent shadow detail during dark scenes, while brilliant whites allow our plasmas to render bright scenes with vivid realism.View Digital Programming Without A Cable Box Panasonic plasma HDTVs with CableCARD slots can accept a small card that allows you to receive standard definition and high definition digital broadcasts. No bulky set-top cable box??perfect for a wall-mounted plasma TV. Contact your cable company to find out if they offer this service in your area.Receive Over-The-Air HDTV Broadcasts Sports, movies, and original network programming are all available in high definition from many local broadcasters. Receive and view local over-the-air broadcasts on this plasma in stunning HDTV clarity using the built-in HDTV tuner3. If your cable company passes through HDTV broadcasts from local broadcasters, you can decode and tune those as well.A Single Cable Carries High-Quality Digital Audio and Video If you have even a moderately complicated home theater setup, you probably have a pile of tangled cables on the floor behind it. Imagine replacing all those cables with a single cable that carries both digital video and audio at the same time. With the new HDMI standard, that\'s exactly what you get. The HDMI connector on this TV accepts high-quality digital video and audio via the same thin cable, allowing you to run one cable from the source to the TV.A Cinema-Style Viewing Experience At Home This widescreen TV features a width-to-height ratio similar<br /><br /> Panasonic\'s 37-inch TH-37PX50U gas-plasma TV offers a 16:9 widescreen dimension to match the aspect ratio of your favorite feature films and an HDMI input for direct-digital connection with high-definition sources. Not that you necessarily need them--the 1,366 x 768-pixel set\'s built-in ATSC (DTV) tuner pulls HD signals (480p/720p/1080i) right from the airwaves, and its QAM tuner is fully compatible with unscrambled HDTV cable reception. A standard analog NTSC tuner receives standard-definition (SD) programming.<p>  The set\'s authorized CableCARD port means the set will also receive digital cable television systems services directly from a compatible cable operator without requiring a bulky, external cable box. You\'ll enjoy plug-and-play convenience wherever you are.</p><p>  A plasma screen renders vivid colors like you\'ve never seen before (as in, up to 8.85 <i>billion</i> in this case), extremely wide viewing angles (wider, even, than those of most LCD screens), and easy placement due to a plasma monitor\'s slim profile--the TH-37PX50U is a mere 3.8 inches deep, one of the slimmest plasmas around--perfect for desk or wall mounting. Brightness tends to be extremely uniform across plasma screens, which are also impervious to the picture distortion and negative color balances that afflict CRT monitors when placed near lighting or sound systems.</p><p>  The TH-37PX50U\'s contrast ratio is rated at an extraordinarily lifelike 3,000:1, and its fine, 0.80 x 0.64 mm dot pitch means exceptionally smooth detail.</p><p>  The High-Definition Multimedia Interface (HDMI) offers uncompressed digital data transmission between compatible devices, as between the TH-37PX50U and a DTV satellite receiver. Other connections include dual HD component-video inputs, 2 each composite- and S-video inputs, and a set of composite-video-based AV outputs simplifies hookup with an external AV receiver and speaker system.</p><p>  The TV\'s internal stereo speakers are powered by 8 watts per channel. Special surround processing creates spacious 3D effects from stereo speakers and a selectable audio leveler automatically adjusts the volume level on your TV to prevent wide variations in sound between different TV stations and types of programming.</p><p>  Other features include V-Chip Program lockout, on/off sleep timers, a remote control, and closed-caption decoding.</p><p><b>What\'s in the Box</b><br /> TV, remote control, remote batteries (2 AA), a pedestal base, an AC power cord, F-type coaxial antenna adapters, ferrite cores, 2 clampers, a warranty card, a customer card, and a service-center list.</p><br /><br />', '', '', '', '', '');
INSERT INTO cscart_product_descriptions (`product_id`, `lang_code`, `product`, `shortname`, `short_description`, `full_description`, `meta_keywords`, `meta_description`, `search_words`, `page_title`, `age_warning_message`) VALUES ('869', 'EN', 'Sony KDE-42XS955 42', '', '', '<b>Features</b><br /><b>&middot;&nbsp;</b>CineMotion 3:2 pulldown detection and reversal removes redundant video information to display a film-frame-accurate picture from movie sources<br /><b>&middot;&nbsp;</b>S-Master 1-bit digital amplifier pumps 25 watts per channel x 2 stereo sound and 50 watts x 1 to a built-in subwoofer<br /><b>&middot;&nbsp;</b>Brilliant, high-definition, plasma television with 42-inch screen and integrated ATSC (HDTV) tuner; 44.9 x 26.5 x 6.3 inches (W x H x D)<br /><b>&middot;&nbsp;</b>CableCARD compatibility removes the need for a separate digital cable box; direct-digital HDMI interface accommodates advanced digital sources<br /><b>&middot;&nbsp;</b>BN Smoother circuit eliminates MPEG block noise (image distortion); WEGA Engine system keeps images in the digital domain<br /><br /> Sony\'s 42-inch KDE-42XS955 gas-plasma television boasts a bright, detailed, and perfectly flat screen, stylish construction, and abundant image enhancements. The screen features a wide, 16:9 aspect ratio to match the dimension of most movies and HDTV broadcasts, and the set is compatible with standard-definition 480i, enhanced-definition 480p, and high-definition 720p and 1080i signals, delivering full-fledged HDTV reception right out of the box via its integrated NTSC and ATSC (HDTV) tuners. It also offers digital cable readiness with a CableCARD slot and the latest digital-video interface, HDMI.<p>  With a plasma screen you get vivid colors like you\'ve never seen before, extremely wide viewing angles (wider, even, than those of most LCD screens), and easy placement due to a plasma monitor\'s slim profile--the KDE-42XS955 is a mere 6.25 inches deep, perfect for desk or wall mounting (for wall positioning, use bracket SU-PW3M). Brightness tends to be extremely uniform across plasma screens, which are also impervious to the picture distortion and negative color balances that afflict CRT monitors when placed near lighting or sound systems. You do, however, need to be wary of image burn-in (wherein long-held stationary images leave a permanent impression in the screen).</p><p>  Sony\'s CineMotion 3:2 pulldown detection and reversal is a handy feature for watching progressive-scan movie programs in their native 24-frame format. Digital video mastering introduces a common distortion when adjusting 24 frames-per-second movies to 30 fps video; 3:2 pulldown digitally corrects this distortion, removing the redundant information to display a film-frame-accurate picture.</p><p>  The set\'s WEGA Engine system maximizes picture performance from any video source by minimizing the number of digital-to-analog conversion processes. This full digital processing engine includes Sony\'s MID-X (Multi Image Driver), which maintains the integrity of a converted signal by minimizing image loss in the scaling process.</p><p>  Digital Reality Creation (DRC) circuitry ensures high picture resolution, while proprietary Direct Digital II circuitry increases a video signal\'s signal-to-noise ratio before it reaches the DRC circuit, ensuring rich, natural-looking images from any source.</p><p>  Sony\'s BN Smoother scans the frequency of a given image (such as those from DVD players, off-air HDTV programming, or even analog cable and broadcasts) to calculate the edges of each MPEG block. It applies an algorithm to each block edge, smoothing the transition from one block to another for a seamless picture.</p><p>  The set includes numerous other features.</p><p><ul><li>Single-tuner PIP (picture-in-picture) lets you view 2 images simultaneously (such as 1 TV station and 1 video input).</li><li>A Memory Stick media slot (compatible with Memory Stick Pro and Memory Stick Duo media) grants convenient viewing of JPEG and MPEG-1 files. It can also display customized slide shows using MP3 files for background music.</li><li>Authorized CableCARD ability means the set will receive digital cable television systems services directly from the cable operator without requiring a bulky, external cable box.</li><li>Sony\'s exclusive S-Master 1-bit digital amplifier produces a powerful 25 watts per channel (x 2), pumping an additional 50 watts into a built-in subwoofer for rich, full-bodied sound from movies and music. </li></ul><p>  HDMI (High-Definition Multimedia Interface) is a lossless, uncompressed, all-digital audio/video interface to link the set with any audio/video source (such as a set-top box, DVD player, or AV receiver). HDMI supports standard-definition (SD), enhanced definition (ED), or high-definition (HD) video, plus multichannel digital audio--all using a single cable. It transmits all ATSC HDTV standards and supports up to 8-channel digital audio, with bandwidth to spare to accommodate future enhancements and requirements.</p><p><b>What\'s in the Box</b><br /> TV, removable stand, remote control, remote batteries, a user\'s manual, a quick-start guide, a cleaning cloth, and warranty/registration information.<br /><br />Get multifunction in a slim package with this Sony 42\" Plasma WEGA HDTV. The set displays photos and movie files with a built-in enhanced Memory Stick media slot and the CableCARD slot makes it digital cable ready without the need for a set-top box. Twin View lets you watch 2 shows side by side and zoom in on one with sound. Built-in ATSC tuner provides free hi-definition viewing. Imported. 29-5/8Hx44-7/8Wx14-1/4D\". 125 lb</p><br /><br />', '', '', '', '', '');
INSERT INTO cscart_product_descriptions (`product_id`, `lang_code`, `product`, `shortname`, `short_description`, `full_description`, `meta_keywords`, `meta_description`, `search_words`, `page_title`, `age_warning_message`) VALUES ('836', 'EN', 'LINGO TR-2203 Pacifica Talk Talking Translator', '', '', 'This talking interpreter speaks 200,000 words and 23,000 phrases and translates among 10 languages! For languages with unique characters, words are displayed in their own script as well as transliterated in our alphabet. Comes with leather pouch and earbuds. Runs on 2 AAA batteries (included). Measures 4 1/4\" x 1\" x 2 3/4\" and weighs 5.5 oz. One-year warranty.', '', '', '', '', '');
INSERT INTO cscart_product_descriptions (`product_id`, `lang_code`, `product`, `shortname`, `short_description`, `full_description`, `meta_keywords`, `meta_description`, `search_words`, `page_title`, `age_warning_message`) VALUES ('821', 'EN', 'ruffle cardigan', '', '', '96% cotton/4% spandex cardigan with all-over stripe and lettuce edging at cuffs and hem. Snap closure at front. Imported.', '', '', '', '', '');
INSERT INTO cscart_product_descriptions (`product_id`, `lang_code`, `product`, `shortname`, `short_description`, `full_description`, `meta_keywords`, `meta_description`, `search_words`, `page_title`, `age_warning_message`) VALUES ('823', 'EN', 'Heat Reebok Big Kids NBA 05 Personalized Replica Jersey', '', '', 'Get in the game with your own personalized NBA jersey. Add your name and number to your favorite NBA jersey. Print up to 10 characters for the name and up to two characters for the number. All names are subject to approval by the NBA. Orders for inappropriate or objectionable names will not be accepted. Your personalized jersey generally will be shipped within three weeks of your order. Make sure your name and number choice are correct &#8211; once your jersey is personalized, it cannot be returned. Jerseys are 100% nylon mesh with knit trim neck and armholes. Full athletic cut. Made in USA/Imported.', '', '', '', '', '');
INSERT INTO cscart_product_descriptions (`product_id`, `lang_code`, `product`, `shortname`, `short_description`, `full_description`, `meta_keywords`, `meta_description`, `search_words`, `page_title`, `age_warning_message`) VALUES ('826', 'EN', 'patch pocket skort', '', '', '97% cotton 3% spandex jersey solid color skort with patch pockets, elastic waistband and cotton jersey shorts underneath. Imported.', '', '', '', '', '');
INSERT INTO cscart_product_descriptions (`product_id`, `lang_code`, `product`, `shortname`, `short_description`, `full_description`, `meta_keywords`, `meta_description`, `search_words`, `page_title`, `age_warning_message`) VALUES ('829', 'EN', 'HP iPAQ RZ1715 Pocket PC', '', '', '<b>Features</b><br /><b>&middot;&nbsp;</b>Microsoft Windows Mobile 2003 software for Pocket PC<br /><b>&middot;&nbsp;</b>203 MHz Samsung 2410 processor<br /><b>&middot;&nbsp;</b>Up to 25 MB user available memory including 10 MB iPAQ File Store<br /><b>&middot;&nbsp;</b>Five Way navigation button plus 4 programmable application launch buttons<br /><b>&middot;&nbsp;</b>3.5&#8221; Transflective type QVGA TFT, Portrait and Landscape modes<br /><br />', '', '', '', '', '');
INSERT INTO cscart_product_descriptions (`product_id`, `lang_code`, `product`, `shortname`, `short_description`, `full_description`, `meta_keywords`, `meta_description`, `search_words`, `page_title`, `age_warning_message`) VALUES ('803', 'EN', 'Pip Squeakers Ash Grey Sweatshirt(uni-sex adult)', '', '', '\"I love my little Pip Squeaker\".  Adults can join in the fun with our ash grey Hanes heavyweight sweatshirts', '', '', '', '', '');
INSERT INTO cscart_product_descriptions (`product_id`, `lang_code`, `product`, `shortname`, `short_description`, `full_description`, `meta_keywords`, `meta_description`, `search_words`, `page_title`, `age_warning_message`) VALUES ('817', 'EN', '100% Cotton Adult/Youth Beefy T-Shirt by Hanes (Style# 5180)', '', '', 'Cotton Beefy T-Shirt by Hanes. 6.1 oz. heavyweight 100% cotton preshrunk fabric,  Taped shoulder-to-shoulder, Double needle stitched cover seamed collar, hemmed sleeves &amp; bottom. Available in Adult &amp; Youth sizes.', '', '', '', '', '');
INSERT INTO cscart_product_descriptions (`product_id`, `lang_code`, `product`, `shortname`, `short_description`, `full_description`, `meta_keywords`, `meta_description`, `search_words`, `page_title`, `age_warning_message`) VALUES ('812', 'EN', 'multiples tee', '', '', '100% ribbed cotton tee with heart embroidery. Mix and match with a variety of bottoms. Imported.', '', '', '', '', '');
INSERT INTO cscart_product_descriptions (`product_id`, `lang_code`, `product`, `shortname`, `short_description`, `full_description`, `meta_keywords`, `meta_description`, `search_words`, `page_title`, `age_warning_message`) VALUES ('809', 'EN', 'Soffe Shorts', '', '', 'Soffe Shorts have an elastic waist, side vents, and ar made of 50% poly/50% cotton.', '', '', '', '', '');
INSERT INTO cscart_product_descriptions (`product_id`, `lang_code`, `product`, `shortname`, `short_description`, `full_description`, `meta_keywords`, `meta_description`, `search_words`, `page_title`, `age_warning_message`) VALUES ('804', 'EN', 'EXPLOITED - Dead Cities - Black T-shirt - size XL', '', '', 'Brand New, never worn 100% cotton front print Authentic black EXPLOITED T-shirt. The Front Reads: \"EXPLOITED\" and \'DEAD CITIES\" on top of the newspaper.', '', '', '', '', '');
INSERT INTO cscart_product_descriptions (`product_id`, `lang_code`, `product`, `shortname`, `short_description`, `full_description`, `meta_keywords`, `meta_description`, `search_words`, `page_title`, `age_warning_message`) VALUES ('800', 'EN', 'CKX Tech Women\'s Snowmobile Jacket', '', '', '<p><ul><li><b>OUTERSHELL:</b></li><li>Nylon Taslan 500 denier, with DUPONT CORDURA nylon reinforcement on the shoulders</li><li>Waterproof and breathable coating</li><li>Insulation: 6 oz body, 4 oz sleeves</li><li>YKK 2-way zipper #8 in front and YKK zipper #5 for all pockets. All zippers with CKX tabs</li><li>3M reflective piping and stripe</li><li>2 chest pockets, 2 bottom pockets, 1 sleeve pocket and 1 inside pocket</li><li>Elastic rope at the waist and bottom, for more adjustment and protection against wind and cold</li><li>Velcro adjustable cuffs, with knitted cuff inside for more protection</li><li>Double flap in front of jacket</li><li><b>Removable liner: can be worn separately</b></li><li>100% knitted anti-pilling fleece jacket for extra warmth</li><li>CKX embroidery at the chest</li><li>2 side pockets</li><li>Elastic cuffs</li></ul><p><b>Sizes and colors are limited on this closeout jacket.</b></p>', '', '', '', '', '');
INSERT INTO cscart_product_descriptions (`product_id`, `lang_code`, `product`, `shortname`, `short_description`, `full_description`, `meta_keywords`, `meta_description`, `search_words`, `page_title`, `age_warning_message`) VALUES ('749', 'EN', 'PalmOne Zire 72 Special Edition Handheld Silver', '', '', '<b>Features</b><br /><b>&middot;&nbsp;</b>Expansion slot that supports MMC, SD, and SDIO memory cards<br /><b>&middot;&nbsp;</b>Palm Desktop Software for Windows and Mac and Software Essentials CD included<br /><b>&middot;&nbsp;</b>Bright, 320x320 transflective TFT color display supports more than 65,000 colors<br /><b>&middot;&nbsp;</b>312 MHz Intel PXA270 processor, Palm OS v5.2.8, 32 MB RAM (24 MB actual storage)<br /><b>&middot;&nbsp;</b>Integrated 1.2 MP digital camera that also shoots video<br /><br />The PalmOne Zire 72 Special Edition Handheld Organizer works as hard as it plays. The built-in 1.2 megapixel camera and MP3 allows you to take pictures, capture photos and video clips (expansion card required), and listen to your favorite tunes&#8212;all while you\'re on the go. Or, create and edit Word- and Excel-compatible files, synchronize with Outlook and get organized (compatible with Windows only). You can also get wireless e-mail and Internet access with built-in Bluetooth (Requires a compatible Bluetooth-enabled mobile phone and an ISP, both sold separately). Features a high-resolution 320x320 color screen, expansion slot and voice memo recording. Imported.<br /><br />Building on the success of PalmOne\'s Zire 71, the Zire 72 is the first Palm-based handheld that can capture digital video with sound and shoot digital still photos. This special silver version of the Zire 72 also features bright 320 x 320-pixel color screen for optimal playback of video and photos as well as voice recording capability and an MP3 player for listening to your own soundtrack. Other features include Bluetooth wireless connectivity, a 32 MB memory, Secure Digital card expansion, and a fast 312 Mhz Intel PXA270 processor. And, of course, the Zire 72 features Palm\'s suite of information management applications and the ability to edit Word- and Excel-compatible files and synchronize with Microsoft Outlook (Windows only). It\'s also available in the original blue version. <p><b>Upgrade Features</b><br /> The Zire 72 offers the following improvements to the Zire 71: <ul><li>1-megapixel image resolution (1280 x 960 pixels); the Zire 71 had a maximum 640 x 480 resolution. </li><li>32 MB of memory (24.7 MB user available); the Zire 71 had only a 16 MB memory </li><li>Video capture with sound; the Zire 71 only shot still images. <li>Digital zoom for closer image capture and in-handheld editing.  <li>Voice recording capability. </li><li>Wireless Bluetooth connectivity (the Zire 71 connected to your PC only via the HotSync cable) </li><li>At 4.8 ounces, it\'s 10-percent less weighty than the 5.3-ounce Zire 71. </li><li>Palm OS 5.2.8 (versus 5.2.1 for the Zire 71).</li></ul><b>Built-in Camera</b><br /> The back of the Zire 72 holds the built-in still and video camera, which does not require you to slide the back of the PDA to activate it (like the Zire 71 did). You can shoot video with sound turned on or off at 320 x 240 pixel resolution and 15 frames per second. Just  use the handheld screen to frame the video, tap the \"record\" button on the display, then save your video to an optional expansion card after tapping the \"stop\" button. <p> For still photography, it features a 1.2-megapixel CMOS sensor with a fixed focus range of about five feet and a 2x digital zoom. It captures up to 1280 x 960 pixel images, as well as 640 x 480, 320 x 240, and 160 x 120 resolution modes.  The camera also offers such customized image setting controls as white balance, brightness, saturation, contrast, and sharpness. You can also add date stamp or effects like sepia, black and white, and blue.</p><p><b>Audio</b><br /> The included RealPlayer for Palm OS enables you to listen to MP3 music files stored on optional expansion cards via the built-in speaker on the Zire 72 or, for stereo sound, using optional stereo headphones or ear buds.</p><p> With the built-in digital voice recorder, you can create voice memos, then synchronize them to your desktop PC and e-mail them to friends and colleagues. <p><b>Display</b><br /> The Palm Zire 72 features a 16-bit, 320 x 320 bright transflective TFT color display, which supports more than 65,000 colors. </p><p><b>Connectivity and Expansion</b><br /> With the built-in wireless Bluetooth connectivity, you can synchronize the Zire 72 with Bluetooth-enabled computer from across the room (within a range of 10 meters, or approximately 30 feet). But that\'s just the start. Using a compatible Bluetooth-enabled phone, you can send and receive e-mail and connect to the web, send multimedia (MMS) or text (SMS) messages, and even automatically dial any number in your handheld\'s Contact\'s application. You can also synchronize data the \"old-fashioned\" way via the mini-USB connection at the base of the handheld. </p><p> The Zire 72 uses Multimedia Card and Secure Digital expansion cards, which instantly add software applications, additional memory, large databases, and more without taking up built-in memory space. </p><p><b>Operating System and Software</b><br /> The Zire 72 is powered by Palm OS 5.2.8, which provides higher performance, enhanced multimedia features, support for Bluetooth connectivity and networking, and enterprise-class security. It useses the intuitive and easy-to-learn Graffiti 2 writing software to input data into the handheld (as well as an on-screen keyboard). Windows users can synchronize calendar, contacts, tasks and notes with Microsoft Outlook. The Palm OS features the following organizer applications:  <ul><li>Contacts: Lets you store several addresses for each contact, and it adds new contact fields for more phone numbers, multiple e-mail addresses, instant messenger IDs, and a website for your contacts. </li><li>Calendar: Use the new Agenda view to see upcoming calendar events, tasks due and important e-mail, and color-code your events to provide an easy way to reference your Calendar in the Agenda, Day, Week, and Month views. Take more notes, or synchronize more details from your desktop, into the larger Memos and Notes fields on the handheld. </li><li>Tasks: Use tasks with alarms and repeating tasks to set reminders for important commitments. </li></ul> You\'ll use  Graffiti 2 allows you to enter data quickly into your Palm&#170; handheld&#209;but it\'s even more intuitive and easier to learn <p> Along with the standard Palm software, you\'ll receive a Software Essentials CD-ROM containing PalmOne\'s VersaMail, Web Pro, Messages (SMS/MMS), Palm Reader, Documents To Go Standard Edition, Acrobat Reader, Solitaire, powerOne Personal Calculator, and Audible Player for palmOne handhelds (Windows only). </p><p><b>Compatibility</b><br /> The Palm Zire 72 is compatible with PCs running Windows 98, NT 4.0, 2000, Me, and XP, and with Macs running Mac OS 9, version 9.1 or higher, or Mac OS X, version 10.2 or 10.3. </p><p><b>What\'s in the Box</b><br /> This package contains the Zire 72 Silver Edition handheld, built-in rechargeable battery, carrying case, mini-USB HotSync cable, power cable, stylus, CD-ROM with Palm Desktop 4.1 software for Windows and Macs (as well as bonus software), and printed Getting Started guide. The rechargeable lithium-ion battery that has a battery life of between 3 and 4.5 hours depending on screen brightness settings and usage.</p><br /><br />', '', '', '', '', '');
INSERT INTO cscart_product_descriptions (`product_id`, `lang_code`, `product`, `shortname`, `short_description`, `full_description`, `meta_keywords`, `meta_description`, `search_words`, `page_title`, `age_warning_message`) VALUES ('909', 'EN', 'NEC Multisync LCD1980FXI 19', '', '', 'The 19\" NEC MultiSync LCD1980FXi flat-panel monitor delivers a smart investment to your desktop while revolutionizing your visual experience. This ultra-thin-frame model, which is ideal for multi-monitor configurations, features XtraView+ technology for wide-angle views up to 178?????? and AmbiBright, which automatically adjusts the backlight depending on ambient lighting brightness.', '', '', '', '', '');
INSERT INTO cscart_product_descriptions (`product_id`, `lang_code`, `product`, `shortname`, `short_description`, `full_description`, `meta_keywords`, `meta_description`, `search_words`, `page_title`, `age_warning_message`) VALUES ('899', 'EN', 'NEC MultiSync LCD1915X 19', '', '', 'NEC LCD1915X monitor has been engineered to produce crisp, brilliant images that enrich games, photos and the Internet. The LCD1915X further enhances your time in front of the computer with comforting features such as a spacious screen and tilt and swivel flexibility as well as the ability to work seamlessly in either digital or analog environments.', '', '', '', '', '');
INSERT INTO cscart_product_descriptions (`product_id`, `lang_code`, `product`, `shortname`, `short_description`, `full_description`, `meta_keywords`, `meta_description`, `search_words`, `page_title`, `age_warning_message`) VALUES ('903', 'EN', 'NEC MultiSync FE770 17', '', '', 'NEC-Mitsubishi (FE770-BK) 17\" 1280x1024 ClearFlat- Black', '', '', '', '', '');
INSERT INTO cscart_product_descriptions (`product_id`, `lang_code`, `product`, `shortname`, `short_description`, `full_description`, `meta_keywords`, `meta_description`, `search_words`, `page_title`, `age_warning_message`) VALUES ('761', 'EN', 'Nike Celso Thong', '', '', 'These waterproof thongs by Nike are perfect for the beach or to wear by the pool.', '', '', '', '', '');
INSERT INTO cscart_product_descriptions (`product_id`, `lang_code`, `product`, `shortname`, `short_description`, `full_description`, `meta_keywords`, `meta_description`, `search_words`, `page_title`, `age_warning_message`) VALUES ('764', 'EN', 'Nike SP-3 Golf Shoe - White/Black', '', '', 'NIKE SP-3 GOLF SHOE -- If a typical saddle golf shoe got together with an athletic shoe and made lil\' shoe babies you would get the SP-3 Saddle. It\'s the perfect combination of athletic feel with a golf shoe look. With the Traction at Contact outsole you\'ll experience stability like never before. That\'s important when you hit from some of the places that I do. Water resistant synthetic uppers.', '', '', '', '', '');
INSERT INTO cscart_product_descriptions (`product_id`, `lang_code`, `product`, `shortname`, `short_description`, `full_description`, `meta_keywords`, `meta_description`, `search_words`, `page_title`, `age_warning_message`) VALUES ('1139', 'EN', 'BenQ PB7100 DLP Video Projector', '', '', '<b>Features</b><br /><b>&middot;&nbsp;</b>DLP&#8482; Technology, Superior Digital Picture Quality that won\'t fade over time<br /><b>&middot;&nbsp;</b>2000:1 - Ultra-High Contrast Ratio<br /><b>&middot;&nbsp;</b>HDTV Compatible<br /><b>&middot;&nbsp;</b>DCMS - \"Dynamic Color Management System\" for more vibrant and true-to-life color reproduction<br /><b>&middot;&nbsp;</b>3-Year Limited Warranty, Free 1st year Xpress Xchange Service<br /><br />The BenQ PB7100 digital projector is an SVGA digital projector with a 2000:1 contrast ratio at 1,800 ANSI lumens.<br /><br />The BenQ PB7100 DLP projector combines versatile input performance, sophisticated  yet easy-to-use controls, and vivid image output. Featuring 800 x 600 native resolution, the PB7100 provides 1,800 ANSI lumens of brightness paired with a high 2,000:1 contrast ratio for clear delivery in any environment.<p>  With a flexible projection distance (2.6 to 32.8 feet) and variable image size (17 to 235 inches), the PB7100 is adaptable to most room sizes. Presentation controls such as digital zoom, freeze, mute and PIP performance are accessed though the included remote, which features a built-in laser pointer and wireless mouse. The PB7100 offers versatile signal input with auto signal detection, and is even HDTV ready.</p><p>  The PB7100 comes with everything you\'ll need to get started, including a soft carrying case and cables. It is backed by a three year warranty with one year of fast exchange service.</p><p><b>What\'s in the Box</b><br />PB 7100 projector, user guide, quick start card, remote control, AAA batteries, 3:2 power plug adapter, VGA cable, soft carry case, power cord, video cable, S-video cable, PC-PC audio cable, RCA-PC audio cable, HDTV cable (PC to RCA jack x 3), warranty information; Mac adapter not included</p><br /><br />', '', '', '', '', '');
INSERT INTO cscart_product_descriptions (`product_id`, `lang_code`, `product`, `shortname`, `short_description`, `full_description`, `meta_keywords`, `meta_description`, `search_words`, `page_title`, `age_warning_message`) VALUES ('1142', 'EN', 'BenQ PB7210 Portable DLP Video Projector', '', '', '<b>Features</b><br /><b>&middot;&nbsp;</b>5-segment color wheel, 8 preset performance modes, picture-in-picture<br /><b>&middot;&nbsp;</b>Portable design, weighs just 5.9 pounds<br /><b>&middot;&nbsp;</b>DLP technology from Texas Instruments for superior image<br /><b>&middot;&nbsp;</b>2,200 ANSI lumens for high brightness and clarity<br /><b>&middot;&nbsp;</b>Ultra-high 2,000:1 contrast ratio, whisper-quiet 30 dB operation<br /><br />BenQ\'s DLP-based PB7210 digital projector weighs a commuter-friendly 5.9 pounds and has the quality and the features to handle business presentations and home cinema viewing with equal finesse. You (and your clients or friends) will enjoy superior brightness and clarity from the projector\'s high 2,200 ANSI lumens of brightness and ultra-high 2,000:1 contrast ratio. And the PB7210\'s whisper-quiet (30 dB) operation means hardware noise will never upstage your program material.<p>  In a DLP projector, the most important optical component in controlling color reproduction is the color wheel, which rotates through the three primary colors (red, green, and blue) in front of a mirror in the projector housing in order to focus these colors into a displayed image. The PB7210, like most DLP projectors, contains a fourth \"white\" color-wheel segment to brighten images. The projector also uses a unique fifth \"yellow\" color segment for both greater realism in the yellow range and smoother, more pleasing image quality overall. The brighter yellows enhance the projector\'s color balance for greater visual appeal.</p><p>  The PB7210\'s preset modes let you manually select just the right settings for any given presentation or environment--even in home-theaters. \"Cinema mode\" optimizes projection settings for movie viewing; \"economic mode\" adjusts power levels to conserve lamp life.</p><p>  The projector is compatible with the most popular video signals, including HDTV (ATSC), standard-definition NTSC, and SECAM. Connections include PC-RGB analog D-sub, a direct-digital DVI (digital visual interface), S-video, composite-video, and RS-232. BenQ covers the projector with a three-year limited warranty, including free first-year QXchange service.</p><p><b>What\'s in the Box</b><br /> Projector, a user\'s manual, a remote control, a soft carry case, a quick-start guide, a manual CD, a warranty information booklet, AAA batteries, a VGA cable, a VGA component-video cable, an S-video cable, a PC audio cable, an RCA PC audio cable, a USB cable, an AC power cord (UK/US/EU), and a 3-2 converter<br /><br />BenQ\'s BP7210 SVGA Projector DLP, 2200 Lumens, 2000:1 Contrast Ratio! The PB7210 can be used for a number of applications including classrooms, boardrooms, and even basic home theater systems. With a 2000:1 contrast ratio at 2200 ANSI lumens and XGA resolution, the PB7210 gives you more. The PB7210 also utilizes proprietary BenQ video-processing technology to support the latest DLP(tm) chip set from Texas Instruments. It is HDTV-compatible (480p, 576p, 720p and 1080i) with direct YPbPr/component (through VGA port), S-Video and composite video inputs. The new DDR DLP chipsets produce flawless pictures that won\'t fade or degrade over time, and the optical engine lifetime exceeds 100,000 hours while maintaining the images\' original clarity.</p><br /><br />', '', '', '', '', '');
INSERT INTO cscart_product_descriptions (`product_id`, `lang_code`, `product`, `shortname`, `short_description`, `full_description`, `meta_keywords`, `meta_description`, `search_words`, `page_title`, `age_warning_message`) VALUES ('1153', 'EN', 'BenQ FP71G BLK 17 In LCD 450:1 Cr Alog 12MS Rt Black', '', '', 'Fastest Response Time!  BenQ FP71G 17-in LCD Monitor  The supremely elegant BenQ FP71G 17-inch LCD monitor features an incredibly fast 12ms response time&#133;the fastest achievable to date.  And that&#146;s is great news for gamers and video buffs!  Such an astonishingly swift response time allows this high-performance monitor to offer exceptionally fluid, flicker-free video with no other visual artifacts.  As a result, the FP71G offers dynamic game and movie scenes displayed at 75 frames per second without breaks.  This ultra-slim monitor boasts 1280 x 1024 SCGA resolution, 0.264mm pixel pitch, 450:1 contrast ratio and 260cd/m2 brightness for strikingly realistic images and compelling, easy-to-read text.  For a sensational view while playing games, watching movies or performing all your computing tasks, the BenQ FP71G 17-inch LCD is the ideal choice.', '', '', '', '', '');
INSERT INTO cscart_product_descriptions (`product_id`, `lang_code`, `product`, `shortname`, `short_description`, `full_description`, `meta_keywords`, `meta_description`, `search_words`, `page_title`, `age_warning_message`) VALUES ('1163', 'EN', 'Apple iMac G5 Desktop with 17', '', '', 'iMac G5 Desktop, PowerPC G5 2GHz Processor, 512MB RAM, 160GB Hard Drive, 8X DVD+/-RW SuperDrive, Built-in 17-inch LCD Monitor, Mac OS X Tiger v10.4', '', '', '', '', '');
INSERT INTO cscart_product_descriptions (`product_id`, `lang_code`, `product`, `shortname`, `short_description`, `full_description`, `meta_keywords`, `meta_description`, `search_words`, `page_title`, `age_warning_message`) VALUES ('1165', 'EN', 'Apple iMac G5 Desktop with 17', '', '', 'What if you could fit your whole life  all your music, all your photos, all your movies, all your email  in a computer as fun and useful as an iPod? You can, with a 17-inch widescreen iMac G5. The entire computer, including G5-based logic board, slot-loading optical drive, hard disk, speakers and power supply, dwells inside the enchanting display. Modern living starts at an affordable price.<br /><br /><b>The Display is the Computer</b><br />Apple designers removed the extraneous, miniaturized the necessary, souped up the performance and concealed the result in immaculate perfection. The iMac G5 hangs suspended from a graceful anodized aluminum stand and its widescreen display lets you retouch photos and surf the web while you chat with friends or scan email  wirelessly, thanks to built-in AirPort technology  and see everything at the same time. <br /><br /><b>Technology Democratized</b><br />The iMac G5 brings the same innovative system architecture in Apple professional desktops to the home. The G5 processor makes everything zippier  connecting to email or the web, creating movies, songs and DVDs, arranging photos or playing music. Choose a 1.8GHz G5 processor that&#146;s ready to run modern 64-bit applications under Mac OS X Tiger: the world&#146;s most advanced, stable and secure operating system. What&#146;s more, the G5 speeds up Mac OS X and all the other included software, such as iLife &#146;05, Quicken 2005 and World Book.<br /><br /><b>All-in-One Ease</b><br />iMac G5 tucks away modern amenities, such as a slot-loading Combo drive, inside its two-inch thin body. Back up your iTunes collection or make a mix CD for that special someone. Naturally, you can pop in your DVD movies and watch them in 16:10 widescreen letterbox format on the gorgeous LCD display. Delight in pristine audio from fully integrated stereo speakers. Cleverly pointed down, they bounce sound waves off your desk, counter or table into your ears.<br /><br />', '', '', '', '', '');
INSERT INTO cscart_product_descriptions (`product_id`, `lang_code`, `product`, `shortname`, `short_description`, `full_description`, `meta_keywords`, `meta_description`, `search_words`, `page_title`, `age_warning_message`) VALUES ('1172', 'EN', 'Nokia 6620 Phone - Next Generation (AT&amp;T)', '', '', ' Compatible with AT&amp;T cell phone service, the Nokia 6620 sports a ton of cool options and high-end functionality, including: a digital VGA camera with 640 x 480 resolution, 2X digital zoom and night mode; a video recorder that can record in varying resolutions and features RealPlayer playback; and high speed EDGE (up to 118 Kbps) mobile Internet connectivity; 12 MB of memory, (plus 32 MB more from the included MMC card); as well as a variety of organizer and phone calling capabilities. It\'s all wrapped up in a cool new design with a high-resolution, 176x208 pixel, 65,000-color screen. <p><b>Calling Features</b><br /> Used simply as a phone, the 6620 features a 5-way joystick for easy navigation to a variety of handy features, including  call timers, redial, missed call indicator, call log, voice activated dialing, any-key answer, auto-redial, speed dial, mute control, no-answer transfer, vibrating ring, differential ring, voice mail button, voice mail indicator, signal strength indicator, a phone book capacity of 500 entries, and more. Nokia also supports TTY/TDD (Telecommunication Device for the Deaf), and hearing aid support for the Nokia LPS-3 Loopset (adapter and Loopset sold separately).</p><p><b>Messaging and Internet</b><br /> The phone\'s high speed EDGE browser provides high-speed data transmission (up to 118 Kbps) via EGPRS, and also supports  WML, xHTML, and even full HTML, with multiple formatting options. You\'ll also get ECML digital wallet support, for safe and quick financial transactions, plus the usual advanced picture messaging where you can send MMS (multimedia messaging service) packets containing combined image, video, text, and voice clips to compatible phones or PCs. Predictive text input and text message templates round out the package, along with the ability to expand your phone\'s functionality by downloading Symbian and Java applications of a very wide variety.  </p><p><b>Organizer</b><br /> The Nokia 6620\'s organizer features include a full calendar and to-do list, and an alarm clock with a snooze function, among others. You can sync up your organizer data with your PC wirelessly via your Bluetooth connection.</p><p><b>Cameras, Fun, and Games</b><br /> The high-functioning video recorder included with the 6620 provides a choice of either 176 x 144 or 128 x 96 pixel resolution, plus a 2X digital zoom, an audio on/off option, and true, RealPlayer playback. The still camera with 640 x 480 resolution, 2X digital zoom, a self timer, and night portrait mode. You can view your photos on the 65,000 color display, or send them to your computer or via MMS to a friend with your Internet connection. There\'s also a stereo MP3 player, 24-chord polyphonic ring tones, games, and more. The 6620 is equipped with 12 MB of built-in flash memory and an external multimedia card (MMC) slot for user data (one 32 MB MMC included).</p><p><b>Vital Statistics</b><br /> The Nokia 6620 weighs 4.37 ounces and measures 4.28 x 2.29 x 0.93 inches. Its Lithium Ion batteries are rated at 180 minutes minimum digital talk time, and 240 hours minimum digital standby time. It runs on GSM 800/1800/1900 MHz, using the Symbian Operating System 7.0s, Series 60 platform, version 2. The phone comes with a one year limited warranty.</p><p><b>In the Box</b><br /> Nokia 6620 cell phone, rapid travel charger, 32MB MMC card, hands-free headset, SIM card</p>', '', '', '', '', '');
INSERT INTO cscart_product_descriptions (`product_id`, `lang_code`, `product`, `shortname`, `short_description`, `full_description`, `meta_keywords`, `meta_description`, `search_words`, `page_title`, `age_warning_message`) VALUES ('1188', 'EN', 'Nokia Shorty Phone (Virgin Mobile)', '', '', 'With a sleek design that is sure to turn heads, plus a built-in flashlight, polyphonic ringtones, a speakerphone, and more, the Nokia Shorty is one cool companion. Plus, you\'ll get the most out of your Virgin Mobile service -- cool stuff like VirginXtras content -- with this handset.<p><b>Design</b><br /> The phone features a candy bar design with a 96 x 65 monochrome display and an internal antenna. Most of the phone\'s features and on-screen menus are controlled by a center toggle on the control pad. You can also choose from optional, interchangeable faceplates to dress up the Shorty to match your style or mood.</p><p><b>Calling Features</b><br /> The Shorty\'s built-in address book can store up to 250 entries for quick and easy management of your contacts. The phone comes with built-in polyphonic ringtones plus a vibrating alert, while a built-in speakerphone lets you talk handsfree while you\'re on the go. There\'s even a voice dialing feature that lets you call up to 25 people by simply speaking their names.</p><p><b>Messaging, Internet and Tools</b><br /> The Shorty covers the messaging basics with support for sending and receiving text messages easily and quickly (Virgin Mobile text messaging charges apply). T9 text entry, which is a technology that makes it easier for people to enter words and text on handsets, is built into the unit-- a plus for mobile email and text messaging users.</p><p>  The phone fully supports Virgin Mobile\'s wireless content service, VirginXtras. Use the pay-per-use service to download ringtones, vote in TV-based polls via the MTV area of your phone, or get jokes and updates from Comedy Central. Pick a celebrity voice to answer your voicemail, or get a Sponge Bob thought of the day. Need to jog your memory? Use Virgin\'s wacky song ID service. Press the Song ID command, point your Shorty towards a song that\'s playing in the room, and within minutes a text message appears identifying the song\'s title.</p><p>  The Shorty ships with a number of handy tools including a calendar, a calculator and an alarm clock. There\'s also a voice memo application for recording short notes (up to 60 seconds per note).</p><p><b>Entertainment</b><br /> Three pre-loaded games come with the Shorty, and more are available from the VirginXtras service. You\'ll also get a kick out of the phone\'s built-in flashlight -- great for getting in the door after nights on the town.</p><p><b>Vital Statistics</b><br /> The Nokia Shorty weighs 3.1 ounces and measures 4.03 x 1.66 x .85 inches. Its lithium-ion battery is rated at up to 4.6 hours of digital talk time, and up to 211 hours of digital standby time. It runs on the CDMA 1900 frequency. The phone comes with a one year limited warranty.</p><p><b>What\'s in the Box</b><br /> Nokia Shorty handset, AC charger, lithium-ion battery, user\'s manual.</p>', '', '', '', '', '');
INSERT INTO cscart_product_descriptions (`product_id`, `lang_code`, `product`, `shortname`, `short_description`, `full_description`, `meta_keywords`, `meta_description`, `search_words`, `page_title`, `age_warning_message`) VALUES ('1285', 'EN', 'Reebok Men\'s To The Zone Mid', '', '', 'The Reebok To The Zone mid-cut basketball shoe features a synthetic/leather upper with a ventilated tongue that adds breathability. A Velcro&#174; strap across the forefoot helps secure the foot. EVA midsole, TPU midfoot shank provides support. Non-marking rubber/crystal rubber outsole. Wt. 14.0 oz.', '', '', '', '', '');
INSERT INTO cscart_product_descriptions (`product_id`, `lang_code`, `product`, `shortname`, `short_description`, `full_description`, `meta_keywords`, `meta_description`, `search_words`, `page_title`, `age_warning_message`) VALUES ('1287', 'EN', 'Celtics Reebok Men\'s NBA Fusion Sleeveless Tee', '', '', 'Loose fit, 4.2 oz. 100% Play Dry&#8482; polyester circular knit tee with flatback mesh insets. Screenprinted center front team logo. Imported.', '', '', '', '', '');
INSERT INTO cscart_product_descriptions (`product_id`, `lang_code`, `product`, `shortname`, `short_description`, `full_description`, `meta_keywords`, `meta_description`, `search_words`, `page_title`, `age_warning_message`) VALUES ('1291', 'EN', 'Eastbay Men\'s Dazzle Short', '', '', '100% polyester game-time dazzle. Quality four-needle stitched waistband. Braided drawcord tacked and center backed so it won\'t pull out. Embroidered logo at left leg. Women\'s/Youth: 8\" inseam. Men\'s: 9\" inseam. Imported.', '', '', '', '', '');
INSERT INTO cscart_product_descriptions (`product_id`, `lang_code`, `product`, `shortname`, `short_description`, `full_description`, `meta_keywords`, `meta_description`, `search_words`, `page_title`, `age_warning_message`) VALUES ('1360', 'EN', 'Slip N Slide Bounce and Splash', '', '', '<b>Features</b><br /><b>&middot;&nbsp;</b>24-ft long<br /><b>&middot;&nbsp;</b>Huge inflated slide<br /><b>&middot;&nbsp;</b>Pool at the end<br /><br />', '', '', '', '', '');
INSERT INTO cscart_product_descriptions (`product_id`, `lang_code`, `product`, `shortname`, `short_description`, `full_description`, `meta_keywords`, `meta_description`, `search_words`, `page_title`, `age_warning_message`) VALUES ('1553', 'EN', 'Adidas Mens ClimaCool Mesh Polos', '', '', 'ClimaCool is softer than cotton and resists pilling better than other natural and synthetic fibers. The shape and placement of ClimaCool fibers help move moisture quickly to the outer surface, where it evaporates away from the body.<br /><br /><b>Adidas Mens ClimaCool Mesh Polos feature:</b>\n\n<ul><li>100% polyester Coolmax Extreme - UV protection </li><li>ClimaCool is a superior moisture management technology designed to regulate skin temperature, improve the flow of air and dry faster </li><li>ClimaCool is proven to reduce skin temperature and heart rate during exercise </li><li>Two-button short sleeve polo</li></ul>', '', '', '', '', '');
INSERT INTO cscart_product_descriptions (`product_id`, `lang_code`, `product`, `shortname`, `short_description`, `full_description`, `meta_keywords`, `meta_description`, `search_words`, `page_title`, `age_warning_message`) VALUES ('1555', 'EN', 'Adidas Mens ClimaCool Short Sleeve Mock', '', '', 'ClimaCool is softer than cotton and resists pilling better than other natural and synthetic fibers. The shape and placement of ClimaCool fibers help move moisture quickly to the outer surface, where it evaporates away from the body.<br /><b>Adidas Mens ClimaCool Short Sleeve Mocks feature:</b><ul><li>100% polyester Coolmax Extreme - UV protection</li><li>ClimaCool is a superior moisture management technology designed to regulate skin temperature, improve the flow of air and dry faster    </li><li>ClimaCool is proven to reduce skin temperature and heart rate during exercise</li><li>Short sleeve mock</li><li>Coolmax Extreme rib knit mock</li><li>Set-in sleeve</li><li>Jacquard mesh side panels for added breathability</li><li>Open hem sleeves</li></ul>', '', '', '', '', '');
INSERT INTO cscart_product_descriptions (`product_id`, `lang_code`, `product`, `shortname`, `short_description`, `full_description`, `meta_keywords`, `meta_description`, `search_words`, `page_title`, `age_warning_message`) VALUES ('1556', 'EN', 'adidas Men\'s Avantis Jersey', '', '', 'The adidas Avantis Jersey is ClimaLiteÂ® 100% polyester V-neck soccer jersey with raglan sleeves, piping and embroidered brandmark. Imported.', '', '', '', '', '');
INSERT INTO cscart_product_descriptions (`product_id`, `lang_code`, `product`, `shortname`, `short_description`, `full_description`, `meta_keywords`, `meta_description`, `search_words`, `page_title`, `age_warning_message`) VALUES ('1557', 'EN', 'Adidas Mens ClimaCool Jacquard Argyle Polo', '', '', 'ClimaCool is softer than cotton and resists pilling better than other natural and synthetic fibers. The shape and placement of ClimaCool fibers help move moisture quickly to the outer surface, where it evaporates away from the body.<br /><br /><b>Adidas Mens ClimaCool Jacquard Argyle Polos feature:</b><ul><li>100% polyester Coolmax Extreme - UV protection</li><li>ClimaCool is a superior moisture management technology designed to regulate skin temperature, improve the flow of air and dry faster  </li><li>ClimaCool is proven to reduce skin temperature and heart rate during exercise</li><li>Coolmax Extreme rib knit collar</li><li>Two button placket</li><li>Set-in sleeve</li><li>Jacquard mesh under arm gussets for added breathability</li><li>Open hem sleeves</li><li>Extended back length with vent hem</li><li><b>adidas Flag</b> embroidered at back yoke</li></ul>', '', '', '', '', '');
INSERT INTO cscart_product_descriptions (`product_id`, `lang_code`, `product`, `shortname`, `short_description`, `full_description`, `meta_keywords`, `meta_description`, `search_words`, `page_title`, `age_warning_message`) VALUES ('1560', 'EN', 'adidas Camp Tee', '', '', '90% cotton/10% polyester with full back adidas brandmark. Imported.', '', '', '', '', '');
INSERT INTO cscart_product_descriptions (`product_id`, `lang_code`, `product`, `shortname`, `short_description`, `full_description`, `meta_keywords`, `meta_description`, `search_words`, `page_title`, `age_warning_message`) VALUES ('1552', 'EN', 'Champion Tagless Ringer Tee - T-Shirt', '', '', 'T1396 Champion Tagless Ringer Tee. Features: 100% cotton, 1x1 rib set-in contrasting collar and cuffs; \"C\" logo on left sleeve; shoulder-to-shoulder tape; tubular body.  Great for sports or everyday wear. Machine Wash.', '', '', '', '', '');
INSERT INTO cscart_product_descriptions (`product_id`, `lang_code`, `product`, `shortname`, `short_description`, `full_description`, `meta_keywords`, `meta_description`, `search_words`, `page_title`, `age_warning_message`) VALUES ('1542', 'EN', 'Adidas Women\'s Attune II Running Shoe', '', '', '<b>Features</b><br /><b>&middot;&nbsp;</b>Nylon mesh upper with synthetic leather trims for durability<br /><b>&middot;&nbsp;</b>Carbon rubber outsole with flex grooves for durability and optimum forefoot flexibility<br /><b>&middot;&nbsp;</b>Durable, well-cushioned training shoe practical for high mileage on any surface<br /><b>&middot;&nbsp;</b>AdiPRENE?Â® midsole with EVA inlay provides comfort and protection from harmful impact forces; reflective materials for safety in low-light conditions<br /><br />', '', '', '', '', '');
INSERT INTO cscart_product_descriptions (`product_id`, `lang_code`, `product`, `shortname`, `short_description`, `full_description`, `meta_keywords`, `meta_description`, `search_words`, `page_title`, `age_warning_message`) VALUES ('1537', 'EN', 'Adidas Women\'s Daroga Mesh Casual Shoe', '', '', '<b>Features</b><br /><b>&middot;&nbsp;</b>Mesh nylon upper combines light weight and breathability<br /><b>&middot;&nbsp;</b>High-traction rubber outsole<br /><b>&middot;&nbsp;</b>Unroll this open, breathable, high-traction performer to wear as a comfortable shoe or step into it like a clog around camp -- the perfect shoe to pack when pack space is limited<br /><b>&middot;&nbsp;</b>Die-cut EVA midsole for lightweight comfort; airmesh lining for comfort and breathability; Ortholite antimicrobial moisture-wicking sock liner<br /><br />', '', '', '', '', '');
INSERT INTO cscart_product_descriptions (`product_id`, `lang_code`, `product`, `shortname`, `short_description`, `full_description`, `meta_keywords`, `meta_description`, `search_words`, `page_title`, `age_warning_message`) VALUES ('1533', 'EN', 'Adidas Santiossage', '', '', 'What to wear when you\'re finished wearing the other team thin. A massage slide by Adidas that gives your feet a great fit and extra pampering. Features a PVC upper, hook-and-loop adjustment, massage knobs &amp; a Polyurethane footbed.', '', '', '', '', '');
INSERT INTO cscart_product_descriptions (`product_id`, `lang_code`, `product`, `shortname`, `short_description`, `full_description`, `meta_keywords`, `meta_description`, `search_words`, `page_title`, `age_warning_message`) VALUES ('1529', 'EN', 'Puma Women\'s Anjan Leather', '', '', 'Soft leather upper with EVA midsole and rubber outsole.', '', '', '', '', '');
INSERT INTO cscart_product_descriptions (`product_id`, `lang_code`, `product`, `shortname`, `short_description`, `full_description`, `meta_keywords`, `meta_description`, `search_words`, `page_title`, `age_warning_message`) VALUES ('1530', 'EN', 'PUMA WO\'S BASIC FLIP FLOP - WHITE', '', '', 'Super soft EVA footbed and sleek thong strap provide comfort for everday wear. Imported.  Fit: True to size.', '', '', '', '', '');
INSERT INTO cscart_product_descriptions (`product_id`, `lang_code`, `product`, `shortname`, `short_description`, `full_description`, `meta_keywords`, `meta_description`, `search_words`, `page_title`, `age_warning_message`) VALUES ('1526', 'EN', 'Puma Men\'s Liga Suede', '', '', 'One of Puma\'s most distinctive and historic products, the Puma Liga Suede was introduced in 1978 and has become one of the industry\'s most popular indoor soccer shoes. Smooth suede and leather upper offers comfort, support and style. Rubber outsole delivers dependable traction.', '', '', '', '', '');
INSERT INTO cscart_product_descriptions (`product_id`, `lang_code`, `product`, `shortname`, `short_description`, `full_description`, `meta_keywords`, `meta_description`, `search_words`, `page_title`, `age_warning_message`) VALUES ('1527', 'EN', 'Puma Men\'s GV Special', '', '', 'An original tennis shoe that\'s both comfortable and stylish. Combination nubuck and nylon mesh upper with one-piece solid polyurethane midsole/outsole.', '', '', '', '', '');
INSERT INTO cscart_product_descriptions (`product_id`, `lang_code`, `product`, `shortname`, `short_description`, `full_description`, `meta_keywords`, `meta_description`, `search_words`, `page_title`, `age_warning_message`) VALUES ('1524', 'EN', 'Puma Men\'s Speed Cat M', '', '', 'The ideal shoe for motorsport enthusiasts and a lifestyle statement at the same time (not fireproof). The Puma Speed Cat features a soft Nubuck upper for comfort and great-looking style. Oil-resistant, non-slippery rubber outsole keeps you on your toes, ready to go. This cat\'s ready to pounce!', '', '', '', '', '');
INSERT INTO cscart_product_descriptions (`product_id`, `lang_code`, `product`, `shortname`, `short_description`, `full_description`, `meta_keywords`, `meta_description`, `search_words`, `page_title`, `age_warning_message`) VALUES ('1509', 'EN', 'SolidWorks for Designers Release 2005', '', '', 'SolidWorks for Designers Release 2005 is a textbook written with the tutorial point of view with learn-by-doing as the theme. About 35 mechanical engineering industry examples are used as tutorials in this book and an additional 25 as exercises to ensure that the user can relate his knowledge of this book with the actual mechanical industry designs.  <p>This textbook consists of 13 logically sequenced chapters covering the Part, Assembly, and Drawing modes of SolidWorks 2005. Every chapter begins with a command section that provides detailed explanation of the commands and tools in SolidWorks 2005. The command section is followed by tutorials that are created using these commands. This approach allows the user to use this textbook initially as a learning tool and then later use it as a reference material.</p><p>Special graphics are provided on the commands or tools that are new in SolidWorks 2005 or are enhanced in this release. This allows the reader to recognize all the new additions and enhancements in SolidWorks 2005.</p><p>The author provides free technical support to all the users of this textbook. The users can contact techsupport@cadcim.com for any technical query they have.</p><p>The author provides the following teachings aids free to faculty using this textbook.</p><p>&#183; Customizable PowerPoint Presentations for every chapter in this textbook. You can easily customize these PowerPoint Presentations based on the requirements of the course you are teaching.</p><p>&#183; Instructor&#146;s guide with solutions to all review questions and steps to complete all the exercises.  </p><p>&#183; Part, Assembly, and Drawing files of all tutorials and exercises used in this textbook.  </p><p>&#183; Course outline. The course outline clearly indicates which sections are to be taught in the introduction or basic class and which sections are for advanced class. This allows you to easily select the topics to be taught in your course.</p><p>&#183; Student projects.</p><p>&#183; Class tests that you can use as the \"end of the course\" tests.</p><p>Please contact the author at stickoo@calumet.purdue.edu or tickoo@cadcim.com to access all these teaching aids.</p>', '', '', '', '', '');
INSERT INTO cscart_product_descriptions (`product_id`, `lang_code`, `product`, `shortname`, `short_description`, `full_description`, `meta_keywords`, `meta_description`, `search_words`, `page_title`, `age_warning_message`) VALUES ('1507', 'EN', 'The PMP Exam: How to Pass on Your First Try 2005', '', '', 'Here is the most definitive and up-to-date self study guide for the Project Management Professional (PMP) certification exam from the Project Management Institute. This single volume has been used successfully by project managers around the world, and it contains everything you need to pass the PMP Exam, including all exam topics, insider secrets, complete explanations of all PMP subjects, test tricks and tips, and hundreds of highly realistic sample questions. Additionally, the book is loaded with exercises that will strengthen your understanding of the PMP concepts and prepare you to pass the exam on your first try with ease.', '', '', '', '', '');
INSERT INTO cscart_product_descriptions (`product_id`, `lang_code`, `product`, `shortname`, `short_description`, `full_description`, `meta_keywords`, `meta_description`, `search_words`, `page_title`, `age_warning_message`) VALUES ('1505', 'EN', 'Adobe Acrobat 7.0 Classroom in a Book (Classroom in a Book)', '', '', '<p>If you&#39;re like most Acrobat users--creative, business, and engineering pros who work with complex electronic documents--you can ill afford to miss a beat in your production workflow. Then again, you can ill afford being left behind when it comes to mastering the newest version of the important tool on your desktop, Adobe Acrobat 7. Not to worry: Adobe has brought the classroom to you in this handy volume, completely revised to cover all that&#39;s new and different in Acrobat 7. Through a series of self-paced lessons (each of which builds on the last and includes hands-on projects that the you can create using the files on the accompanying CD-ROM), this guide acquaints you with all of Acrobat 7&#39;s features for creating, reviewing, editing, commenting on, restructuring, and preflighting PDF files, including the newest: a tool for creating 3D objects, improved security, new tools for repairing errors in print preflight, structured bookmarks, the ability to export comments to Word docs, and more. Professional tips and techniques are scattered throughout!</p>', '', '', '', '', '');
INSERT INTO cscart_product_descriptions (`product_id`, `lang_code`, `product`, `shortname`, `short_description`, `full_description`, `meta_keywords`, `meta_description`, `search_words`, `page_title`, `age_warning_message`) VALUES ('1503', 'EN', 'The Art of Computer Programming, Volumes 1-3 Boxed Set', '', '', 'Knuth\'s multivolume work, widely  recognized as the definitive description of classical computer science, is now available in an attractive, boxed set. The three volumes included in this set have each been revised recently to reflect developments in the field. As earlier editions clearly demonstrated, they comprise an invaluable resource in programming theory and practice for students, researchers, and practitioners alike. Countless readers have spoken about the profound personal influence of Knuth\'s work.  Scientists have marveled at the beauty and elegance of his analysis, while ordinary programmers have successfully applied his \"cookbook\" solutions to their day-to-day problems. All have admired Knuth for the breadth, clarity, accuracy, and good humor found in his books.  <p>See descriptions of each individual volume for more information.</p>', '', '', '', '', '');
INSERT INTO cscart_product_descriptions (`product_id`, `lang_code`, `product`, `shortname`, `short_description`, `full_description`, `meta_keywords`, `meta_description`, `search_words`, `page_title`, `age_warning_message`) VALUES ('1501', 'EN', 'Linux Kernel Development (2nd Edition)', '', '', '<p>The Linux kernel is one of the most important and far-reaching open-source projects. That is why Novell Press is excited to bring you the second edition of <i>Linux Kernel Development</i>, Robert Love&#39;s widely acclaimed insider&#39;s look at the Linux kernel. This authoritative, practical guide helps developers better understand the Linux kernel through updated coverage of all the major subsystems as well as new features associated with the Linux 2.6 kernel. You&#39;ll be able to take an in-depth look at Linux kernel from both a theoretical and an applied perspective as you cover a wide range of topics, including algorithms, system call interface, paging strategies and kernel synchronization. Get the top information right from the source in <i>Linux Kernel Development</i>.</p><br /><br /><b>Download Description</b><br />Linux Kernel Development details the design and implementation of the Linux kernel, presenting the content in a manner that is beneficial to those writing and developing kernel code. While the book discusses topics that are theoretical, it does so with the goal of assisting programmers so they better understand the topics and become more efficient and productive in their coding.The book discusses the major subsystems and features of the Linux kernel, including design and implementation, their purpose and goals, and their interfaces. Important computer science and operating system design details are also addressed. The book covers the Linux kernel from both angles - theoretical and applied - which should appeal to both types of readers.The author is involved in Linux kernel development, so the latest kernel version is detailed, as the author has access to the not-yet-released development releases.Specific topics covered will include: all the important algorithms, relevant subsystems, process management, scheduling, time management and timers, system call interface, memory addressing, memory management, paging strategies, caching layers, VFS, kernel synchronization, and signals.<br /><br />', '', '', '', '', '');
INSERT INTO cscart_product_descriptions (`product_id`, `lang_code`, `product`, `shortname`, `short_description`, `full_description`, `meta_keywords`, `meta_description`, `search_words`, `page_title`, `age_warning_message`) VALUES ('1498', 'EN', 'The Zen of CSS Design : Visual Enlightenment for the Web (Voices That Matter)', '', '', 'Proving once and for all that standards-compliant design does not equal dull design, this inspiring tome uses examples from the landmark CSS Zen Garden site as the foundation for discussions on how to create beautiful, progressive CSS-based Web sites. By using the Zen Garden sites as examples of how CSS design techniques and approaches can be applied to specific Web challenges, authors Dave Shea and Molly Holzschlag provide an eye-opening look at the range of design methods made possible by CSS (Cascading Style Sheets). By the time you\'ve finished perusing the volume, you\'ll have a new understanding of the  graphically rich, fully accessible sites that CSS design facilitates. In sections on design, layout, imagery, typography, effects, and themes, Dave and Molly take you through every phase of the design process--from striking a sensible balance between text and graphics to creating eye-popping special effects (no scripting required).', '', '', '', '', '');
INSERT INTO cscart_product_descriptions (`product_id`, `lang_code`, `product`, `shortname`, `short_description`, `full_description`, `meta_keywords`, `meta_description`, `search_words`, `page_title`, `age_warning_message`) VALUES ('1496', 'EN', 'PM FASTrack: PMP exam simulation software, Version 4.3', '', '', 'RMC Publications, Inc. is please to announce its new version 4.3 of PM FASTrack, PMP exam simulation software, complete with updated questions and additional functionality.  <p>PM FASTrack is a robust exam simulation program that lets you discover the gaps in your knowledge before you take the PMP exam. It contains 1,300 questions - simulates the range and depth of questions that may be found on the PMP exam. This can\'t be found in a book.</p><p>You can take hundreds of exams in 4 testing modes including Knowledge Area, Process Group and by keyword as well as a Super PMP Exam - the hardest questions.</p><p>Apply and test your knowledge. The PM FASTrack software automatically scores your answers and gives you reports to help you analyze your progress. Questions are written and sorted like the PMP exam.</p>', '', '', '', '', '');
INSERT INTO cscart_product_descriptions (`product_id`, `lang_code`, `product`, `shortname`, `short_description`, `full_description`, `meta_keywords`, `meta_description`, `search_words`, `page_title`, `age_warning_message`) VALUES ('1493', 'EN', 'Goodnight Moon (Board Book)', '', '', '<b>CS-Cart.com</b><br />Perhaps the perfect children\'s bedtime book, <i>Goodnight Moon</i> is a short poem of goodnight wishes from a young rabbit preparing for--or attempting to postpone--his own slumber. He says goodnight to every object in sight and within earshot, including the \"quiet old lady whispering hush.\" Clement Hurd\'s illustrations are simple and effective, alternating between small ink drawings and wide, brightly colored views of the little rabbit\'s room. <p>Finding all of the items mentioned throughout the book within the pictures is a good bedtime activity--a reappearing little mouse is particularly pesky. By the end of the little rabbit\'s goodnight poem, the story has quieted to a whisper, and the drawings have darkened with nightfall. As you turn the last page, you can expect a sleepy smile and at least a yawn or two. (Picture book)<br /><br /><b>Book Description</b><br /></p><p>In a great green room, tucked away in bed, is a little bunny. \"Goodnight room, goodnight moon.\" And to all the familiar things in the softly lit room--to the picture of the three little bears sitting in chairs, to the clocks and his socks, to the mittens and the kittens, to everything one by one--he says goodnight.</p><p>In this classic of modern children\'s literature, beloved by generations of readers and listeners, the quiet poetry of the words and the gentle, lulling illustrations combine to make a perfect book for the end of the day.</p><br /><br />', '', '', '', '', '');
INSERT INTO cscart_product_descriptions (`product_id`, `lang_code`, `product`, `shortname`, `short_description`, `full_description`, `meta_keywords`, `meta_description`, `search_words`, `page_title`, `age_warning_message`) VALUES ('1492', 'EN', 'Charlie and the Chocolate Factory (Puffin Novels)', '', '', '<b>CS-Cart.com</b><br />For the first time in a decade, Willy Wonka, the reclusive and eccentric chocolate maker, is opening his doors to the public--well, five members of the public to be exact. The lucky five who find a Golden Ticket in their Wonka chocolate bars will receive a private tour of the factory, given by Mr. Wonka himself. For young Charlie Bucket, this a dream come true. And, when he finds a dollar bill in the street, he can\'t help but buy two Wonka\'s Whipple-Scrumptious Fudgemallow Delights--even though his impoverished family could certainly use the extra dollar for food. But as Charlie unwraps the second chocolate bar, he sees the glimmer of gold just under the wrapper! The very next day, Charlie, along with his unworthy fellow winners Mike Teavee, Veruca Salt, Violet Beauregarde, and Augustus Gloop, steps through the factory gates to discover whether or not the rumors surrounding the Chocolate Factory and its mysterious owner are true. What they find is that the gossip can\'t compare to the extraordinary truth, and for Charlie, life will never be the same again. <i>Charlie and the Chocolate Factory</i>, another unforgettable masterpiece from the legendary Roald Dahl, never fails to delight, thrill, and utterly captivate. <i>(Ages 9 to 12)</i><br /><br /><b>Book Description</b><br />What happens when the five luckiest children in the entire world walk through the doors of Willy Wonka&#8217;s famous, mysterious chocolate factory? What happens when, one by one, the children disobey Mr. Wonka&#8217;s orders? In Dahl&#8217;s most popular story, the nasty are punished and the good are deliciously, sumptuously rewarded.<br /><br />', '', '', '', '', '');
INSERT INTO cscart_product_descriptions (`product_id`, `lang_code`, `product`, `shortname`, `short_description`, `full_description`, `meta_keywords`, `meta_description`, `search_words`, `page_title`, `age_warning_message`) VALUES ('1490', 'EN', 'Girls in Pants: The Third Summer of the Sisterhood (Sisterhood of Traveling Pants)', '', '', '<b>CS-Cart.com</b><br />Ages 12 and up. Best buds Tibby, Carmen, Lena and Bridget are back with their magical pair of shared jeans in <i>Girls in Pants: The Third Summer of the Sisterhood.</i> Each summer brings new and difficult challenges, as the perennially separated friends discover afresh this last season before college. Tibby struggles with the idea of close friend Brian becoming her boyfriend, and their fragile relationship is soon tested by a tragedy in her immediate family. Carmen doesn&#146;t know how to react when she finds out that her middle-aged mom is pregnant, and Bridget is unpleasantly surprised to be reunited with the boy who broke her heart two summers ago. Finally, Lena, still coming to terms with the loss of her first love, tries to convince her strict father that art school is a better career path than Greek restaurant management. But through every crisis, each girl is assured of the love and support of the created sisterhood when she pulls on the denim armor of the cherished, and by now, a bit fragrant (\"Rule # 1. You must never wash the Pants.\") Traveling Pants. <p>  Full of homey platitudes about life, love and the pursuit of perfect jeans, <i>Girls in Pants</i> occasionally reads like a lengthy <i>Chicken Soup for the Teenage Soul</i> entry. But often that&#146;s precisely the kind of friendly reassurance female readers are looking for, and fans of the wildly popular series who&#146;ve journeyed every summer with the \"Septembers\" will find much to laugh and cry about in this concluding volume. <i>--Jennifer Hubert</i></p><br /><br /><b>Book Description</b><br />The Pants first came to us at the perfect moment. That is, when we were splitting up for the first time. It was two summers ago when they first worked their magic, and last summer when they shook up our lives once again. You see, we don&#8217;t wear the Pants year-round. We let them rest so they are extra powerful when summer comes. (There was the time this spring when Carmen wore them to her mom&#8217;s wedding, but that was a special case.)<br /><br />Now we&#8217;re facing our last summer together. In September we go to college. And it&#8217;s not like one of those TV shows where all of us magically turn up at the same college. We&#8217;re going to four different colleges in four different cities (but all within four hours of one another&#8212;that was our one rule). We&#8217;re headed off to start our real lives. <br /><br />Tomorrow night at Gilda&#8217;s we&#8217;ll launch the Pants on their third summer voyage. Tomorrow begins the time of our lives. It&#8217;s when we&#8217;ll need our Pants the most.<br /><br />', '', '', '', '', '');
INSERT INTO cscart_product_descriptions (`product_id`, `lang_code`, `product`, `shortname`, `short_description`, `full_description`, `meta_keywords`, `meta_description`, `search_words`, `page_title`, `age_warning_message`) VALUES ('1488', 'EN', 'Encyclopedia Prehistorica: Dinosaurs', '', '', 'From the world\'s preeminent paper engineers comes an awe-inspiring tribute to the world\'s most beloved extinct animals and their 180-million-year reign on the planet!   <p>More than 35 complex and stunning pop-ups include a massive T. Rex that springs out, flashing a startling jawful of jagged teeth.  Turn the page and a ravishing raptor unfurls and appears to fly off the edge of the book.</p><p>This breathtaking pop-up book offers up-to-the-minute information on more than 50 dinosaur species.  Six multi-layered spreads each feature one spectacular, large pop-up and several booklets of smaller pop-ups and text.</p>', '', '', '', '', '');
INSERT INTO cscart_product_descriptions (`product_id`, `lang_code`, `product`, `shortname`, `short_description`, `full_description`, `meta_keywords`, `meta_description`, `search_words`, `page_title`, `age_warning_message`) VALUES ('1485', 'EN', 'Harry Potter and the Goblet of Fire (Book 4 Audio CD) (Harry Potter (J.K. Rowling))', '', '', '<b>CS-Cart.com</b><br />In <i>Harry Potter and the Goblet of Fire</i>, J.K. Rowling offers up equal parts danger and delight--and any number of dragons, house-elves, and death-defying challenges. Now 14, her orphan hero has only two more weeks with his Muggle relatives before returning to Hogwarts School of Witchcraft and Wizardry. Yet one night a vision harrowing enough to make his lightning-bolt-shaped scar burn has Harry on edge and contacting his godfather-in-hiding, Sirius Black. Happily, the prospect of attending the season\'s premier sporting event, the Quidditch World Cup, is enough to make Harry momentarily forget that Lord Voldemort and his sinister familiars--the Death Eaters--are out for murder.<p>  Readers, we will cast a giant invisibility cloak over any more plot and reveal only that You-Know-Who is very much after Harry and that this year there will be no Quidditch matches between Gryffindor, Ravenclaw, Hufflepuff, and Slytherin. Instead, Hogwarts will vie with two other magicians\' schools, the stylish Beauxbatons and the icy Durmstrang, in a Triwizard Tournament. Those chosen to compete will undergo three supreme tests. Could Harry be one of the lucky contenders?</p><p>  But Quidditch buffs need not go into mourning: we get our share of this great game at the World Cup. Attempting to go incognito as Muggles, 100,000 witches and wizards converge on a \"nice deserted moor.\" As ever, Rowling magicks up the details that make her world so vivid, and so comic. Several spectators\' tents, for instance, are entirely unquotidian. One is a minipalace, complete with live peacocks; another has three floors and multiple turrets. And the sports paraphernalia on offer includes rosettes \"squealing the names of the players\" as well as \"tiny models of Firebolts that really flew, and collectible figures of famous players, which strolled across the palm of your hand, preening themselves.\" Needless to say, the two teams are decidedly different, down to their mascots. Bulgaria is supported by the beautiful veela, who instantly enchant everyone--including Ireland\'s supporters--over to their side. Until, that is, thousands of tiny cheerleaders engage in some pyrotechnics of their own: \"The leprechauns had risen into the air again, and this time, they formed a giant hand, which was making a very rude sign indeed at the veela across the field.\"</p><p>  Long before her fourth installment appeared, Rowling warned that it would be darker, and it\'s true that every exhilaration is equaled by a moment that has us fearing for Harry\'s life, the book\'s emotions running as deep as its dangers. Along the way, though, she conjures up such new characters as Alastor \"Mad-Eye\" Moody, a Dark Wizard catcher who may or may not be getting paranoid in his old age, and Rita Skeeter, who beetles around Hogwarts in search of stories. (This <i>Daily Prophet</i> scoop artist has a Quick-Quotes Quill that turns even the most innocent assertion into tabloid innuendo.) And at her bedazzling close, Rowling leaves several plot strands open, awaiting book 5. This fan is ready to wager that the author herself is part veela--her pen her wand, her commitment to her world complete. (Ages 9 and older) <i>--Kerry Fried</i></p><br /><br /><b>Book Description</b><br />Read by Jim Dale<br /><br />Running time:&#160;&#160;20 hrs., 30 mins. 17 CDs.<br /><br />Harry Potter returns to Hogwarts for his fourth year of magical adventures in Harry Potter and the Goblet of Fire.&#160;&#160;This year Harry turns 14 and becomes interested in girls -- one in particular.&#160;&#160;And with Dark Magic comes danger, as someone close to Harry dies.&#160;&#160;You\'ll have to listen to learn more!&#160;&#160;The audio is available on July 8th. <br /><br />', '', '', '', '', '');
INSERT INTO cscart_product_descriptions (`product_id`, `lang_code`, `product`, `shortname`, `short_description`, `full_description`, `meta_keywords`, `meta_description`, `search_words`, `page_title`, `age_warning_message`) VALUES ('1481', 'EN', 'Eldest (Inheritance, Book 2)', '', '', 'Darkness falls&#8230;despair abounds&#8230;evil reigns&#8230;<br />Eragon and his dragon, Saphira, have just saved the rebel state from destruction by the mighty forces of King Galbatorix, cruel ruler of the Empire.  Now Eragon must travel to Ellesmera, land of the elves, for further training in the skills of the Dragon Rider: magic and swordsmanship.  Soon he is on the journey of a lifetime, his eyes open to awe-inspring new places and people, his days filled with fresh adventure. But chaos and betrayal plague him at every turn, and nothing is what it seems. Before long, Eragon doesn&#8217;t know whom he can trust.<br />Meanwhile, his cousin Roran must fight a new battle&#8211;one that might put Eragon in even graver danger.<br />Will the king&#8217;s dark hand strangle all resistance? Eragon may not escape with even his life. . . .<br /><br />Praise for <i>Eragon</i>:<br />&#8220;Unusual, powerful . . . fresh and fluid. An impressive start to a writing career that&#8217;s sure to flourish.&#8221; &#8211;<i>Booklist</i>, Starred<br />&#8220;Christopher Paolini make[s] literary magic with his precocious debut.&#8221; &#8211;<i>People</i><br />&#8220;The new &#8216;It&#8217; book of children&#8217;s lit.&#8221; &#8211;<i>U.S. News &amp; World Report</i><br />&#8220;An auspicious beginning to both career and series.&#8221; &#8211;<i>Publishers Weekly</i><br /><br />A #1 New York Times Bestseller<br />A #1 Publishers Weekly Bestseller<br />A USA Today Bestseller<br />A Wall Street Journal Bestseller<br />A Book Sense Book of the Year<br />A #1 Book Sense Selection', '', '', '', '', '');
INSERT INTO cscart_product_descriptions (`product_id`, `lang_code`, `product`, `shortname`, `short_description`, `full_description`, `meta_keywords`, `meta_description`, `search_words`, `page_title`, `age_warning_message`) VALUES ('1480', 'EN', 'Harry Potter Hardcover Boxed Set (Books 1-4)', '', '', '<b>CS-Cart.com</b><br />Young wizard-in-training Harry Potter has had his hands full during his  first four years at Hogwarts School of Witchcraft and Wizardry. As if excelling  on and off the Quidditch field isn\'t enough, Harry has heard evil voices in the  walls, saved lives, and fended off convicts. Only time will tell how Harry will  manage the certain dangers in store for him over the next few years. The first  four titles of J.K. Rowling\'s magical, witty, exciting adventures are now  available in a gift set, perfect for the legions of children whose big brothers  and sisters (and parents) have made off with their copies. These gripping  fantasy novels are on the road to becoming classics--don\'t wait to collect these  lovely hardcover editions, illustrated by the talented Mary GrandPreacute;.  Each boxed set includes <i>Harry Potter and the Sorcerer\'s Stone</i>, <i>Harry  Potter and the Chamber of Secrets</i>, <i>Harry Potter and the Prisoner of  Azkaban</i>, and <i>Harry Potter and the Goblet of Fire</i>. (Ages 8 and older)  <i>--Emilie Coulter</i><br /><br /><b>Book Description</b><br />Fabulous Box Set Containing Harry Potter And The Sorcerer\'s Stone, Harry Potter And The Chamber Of Secrets, Harry Potter And The Prisoner Of Azkaban, And Harry Potter And The Goblet Of Fire!<br /><br /><b>Book Description</b><br />Canadian boxed set edition of the first three Harry Potter titles. Same cover art as the British editions.<br /><br />', '', '', '', '', '');
INSERT INTO cscart_product_descriptions (`product_id`, `lang_code`, `product`, `shortname`, `short_description`, `full_description`, `meta_keywords`, `meta_description`, `search_words`, `page_title`, `age_warning_message`) VALUES ('29746', 'EN', 'Asus A8N-SLI Deluxe NVIDIA nForce4 SLI Motherboard', '', '', '<b>Product Description</b><br /><br />Representing motherboard engineering at its best, the performance of A8N-SLI Deluxe is not for the faint of heart. The NVIDIA SLI (Scalable Link Interface) technology enables two PCI-Express cards on this motherboard to provide extreme performance over the edge. Enjoy the latest games with most visual effects; go ahead with the most graphics demanding multimedia utilities. Don\'t worry, this mobo is good enough for you, the question is, are you game enough for A8N-SLI. <br /><br /><b>64-bit CPU support </b><br />64-bit computing, the next generation technology to replace current 32-bit architecture, delivers advanced system performance, faster memory access and increased productivity. This motherboard provides excellent compatibility and flexibility by supporting either 64-bit or 32-bit architecture. <br /><br /><b>Socket 939 for AMD Athlon 64FX/Athlon 64 X2/Athlon 64</b><br />A8N-SLI supports AMD 939-pin Athlon 64 FX/ Athlon 64 processors with 1MB/512KB L2 cache which is based on 64-bit architecture. It features 2000/1600 MT/s HyperTransport Bus and dual-channel un-buffered DDR400 memory support. <br /><br /><b>Dual-Core CPU </b><br />Enjoy the extraordinary CPU power from the latest dual-core CPU. The advanced processing technology contains two physical CPU cores with individually dedicated L2 Caches to satisfy the rising demand for more powerful processing capability. (Refer to www.asus.com support site for AMD Athlon 64 X2 support list) <br /><br /><b>AMD Athlon 64 X2 Dual-Core processor </b><br />This motherboard supports AMD 939-pin Athlon 64 X2 Dual-Core processor with 1MBx2 or 512KBx2 L2 cache which is based on 64-bit architecture. It features better multithreaded / multitasking performance than Athlon 64 FX / Athlon 64.<br /><br style=\"font-weight: bold;\" /><b>NVIDIA nForce4 SLI MCP </b><br />NVIDIA SLI technology revolutionizes PC performance by combining multiple PCI Express GPUs in a single and scalable system! Gamers and hardcore enthusiasts know that dual GPUs mean increased, supercharged 3D graphics and performance. <br /><br style=\"font-weight: bold;\" /><b>PCI Express Architecture </b><br />PCI Express is the latest I/O interconnect technology that will replace the existing PCI. With a bus bandwidth 4 times higher than that of AGP 8X interface, PCI Express x16 bus performs much better in applications such as 3D gaming. The PCI Express x1 interface creates new usages on desktop PCs e.g., TV tuner, 1394b, and high-speed RAID systems. <br /><br /><b>SATA 3Gb/s</b><br />A8N-SLI supports next-generation SATA hard drives based on the new SATA 3Gb/s storage specification. Furthermore, the chipset has two dedicated SATA controllers delivering more scalable performance and doubles the bus bandwidth for fast hard drive data retrieval and saves. <br /><br /><b>Dual RAID </b><br />The nForce4 chipset incorporated four Serial ATA and two parallel connectors with high performance RAID functions in RAID 0, RAID 1, RAID 0+1 and JBOD. The Silicon Image controller provides another four Serial ATA connectors for RAID 0, RAID 1, RAID 10, and RAID 5 functions. The A8N-SLI Deluxe is the ideal solution to enhance hard disk performance and data back up protection without the cost of add-on cards. <br /><br /><b>Dual Gigabit LAN &amp; AI NET2 </b><br />The integrated dual Gigabit LAN design allows a PC to serve as a network gateway for managing traffic between two separate networks. This capability ensures rapid transfer of data from WAN to LAN without any added arbitration or latency. ASUS AI NET2 remotely detects cable connection the second you turn on the system, and any faulty connections are reported back up to 100 meters at 1 meter accuracy. <br /><br /><b>NV Firewall </b><br />NV ActiveArmor enhances network security while delivers the highest system performance by offloading CPU-intensive packet filtering tasks in hardware. NV Firewall provides professional-grade traffic inspection capabilities, instanton protection, advanced management features and is easy to use and setup via a user friendly wizard. <br /><br /><b>AI NOS </b><br />Boost performance when you need it the most! Applications such as 3D games and video editing demand a huge chunk of system resource. Inject \"nitrous oxide\" into your CPU! The patented AI NOS (Non-delay Overclocking System) technology intelligently detects system load and automatically boosts performance for the most demanding tasks. Unlike other dynamic overclocking techniques, AI NOS reacts much faster to satisfy your unending need for speeds. <br /><br style=\"font-weight: bold;\" /><b>AI Audio (8-channel Audio) </b><br />A8N-SLI has eight channels of audio output with Coaxial and optical S/PDIF connector designed to maximize your auditory experience. AI Audio also provides \"Jack Sensing\" and \"UAJ\" functions. \"Jack Sensing\" automatically detects and notifies user of any inappropriate connection. \"UAJ\" function enables both input and output functions each jacks, thus eliminates the confusion of Line-in, Line-out and Mic jacks once and for all! <br /><br /><b>ASUS Q-Fan </b><br />ASUS Q-Fan technology intelligently adjusts both CPU fan and chassis fan speeds according to system loading to ensure quiet, cool and efficient operation. <br /><br style=\"font-weight: bold;\" /><b>IEEE 1394 interface </b><br />IEEE 1394 interface provides high speed digital interface for audio/video appliances such as digital television, digital video camcorders, storage peripherals &amp; other PC portable devices. <br /><br /><b>Max. 10 USB 2.0 ports supports </b><br />USB 2.0 is the latest connectivity standard for next generation components and peripherals. Backwards compatible with current USB 1.1 peripherals, USB 2.0 delivers transfer speeds up to 40 times faster at 480Mb/s, for easy connectivity and ultra-fast data transfers. <br /><br /><b>Multi-language BIOS </b><br />The multi-language BIOS allows you to select the language of your choice from the available options. The localized BIOS setup menu helps you configure your system easier and faster. <br /><br /><b>ASUS CrashFree BIOS2 </b><br />The CrashFree BIOS2 feature now includes the BIOS auto-recovery function in a support CD. Users can reboot their system through the support CD when a bootable disk is not available, and go through the simple BIOS auto-recovery process. ASUS motherboards now enable users to enjoy this protection feature without the need to pay for an optional ROM. <br /><br /><b>S/PDIF-out on Back I/O Port </b><br />This motherboard provides convenient connectivity to external home theater audio systems via an optical or coaxial S/PDIF-out (SONY-PHILIPS Digital Interface) jack. It allows to transfer digital audio without converting to analog format and keeps the best signal quality. <br /><br /><br /><br /><b>Product Description</b><br />The NVIDIA SLI (Scalable Link Interface) technology enables two PCI-Express cards on this motherboard to provide extreme performance. Enjoy the latest games with most visual effects and the most demanding graphics multimedia utilities. Back Panel I/O PORTS - 1 Optical &amp; 1 Coaxial S/PDIF Output, PS/2 Keyboard port, PS/2 Mouse port, Parallel port, 2x RJ45 ports, IEEE-1394a/FireWire port, 4x USB 2.0 ports, 8-Channel Audio I/O Slots - 2x PCI Express x16 slots, 2x PCI Express x1 slots, 3x 32-bit PCI slots', '', '', '', '', '');
INSERT INTO cscart_product_descriptions (`product_id`, `lang_code`, `product`, `shortname`, `short_description`, `full_description`, `meta_keywords`, `meta_description`, `search_words`, `page_title`, `age_warning_message`) VALUES ('29745', 'EN', 'Aspire Black/Black X-Plorer ATX Mid-Tower Case with Clear Side, Fan Controller, Front USB and Firewire Port', '', '', '<b>Product Description</b><br />This multi-functional thermally advantaged Aspire X-Plorer mid tower is designed based on Intel recommended \"Chassis Air Guide Design Guide\" to achieve high lever thermal performance. With a built-in air duct on side panel to funnel cool air towards the processor and other system components passively without fan, X-Plorer is aimed to bring out the best performance for systems based on high-end processors. There are 2 x80mm built-in fans with option of 2 additional fan space, plus the built-in air duct on side panel, the X-Plorer provides the supreme cooling solution to handle the toughest task for your system. The great features - front LCD temperature readout, front fan speed controller, front USB2.0 and FireWire ports and the incomparable cooling solution that X-Plores delivers can only be found in very few of the expensive chassis in the market. X-Plorer is versatile to accommodate your personal style and perform extreme needs for today\'s technology and any future expansion. For those who like the look and great features of X-Navigator but prefer something more compact and affordable, the X-Plorer is your perfect choice.<br /><br style=\"font-weight: bold;\" /><b>Technical Details</b><br /><br /><ul><li>Form Factor: ATX Mid-Tower</li><li>Compatible Motherboards: ATX</li><li>Compatible Motherboards: Micro ATX</li><li>Bezel Type: Swing Out</li><li>Bezel Type: LED Illuminated</li></ul>', '', '', '', '', '');
INSERT INTO cscart_product_descriptions (`product_id`, `lang_code`, `product`, `shortname`, `short_description`, `full_description`, `meta_keywords`, `meta_description`, `search_words`, `page_title`, `age_warning_message`) VALUES ('29744', 'EN', 'Antec Super LanBoy Aluminum Tower Case', '', '', '<b>Product Description</b><br />From the Manufacturer<br />Hear that? It\'s a LAN party calling your name. So take your game on the road with the Antec Super LanBoy Aluminum Tower Case. Its durable anodized aluminum body packs nine drive bays, two low-speed 120-millimeter fans to keep your hot computer components nice and cool -- one fan even features a mesmerizing blue illumination, so your computer looks like the life of the party. Don\'t forget the windowed side panel that lets you show off your drool-inducing rig. With the Super LanBoy, travel is easy and everyone will impressed with your hip, stylish computer outfit -- all you need to provide is the video game skills.<br /><br />What\'s in the Box<br />Super LanBoy aluminum tower case and carrying strap. <br /><br />Product Description<br />Includes: case-carrying strap. Antec Super LANBOY - This mini tower case doesn\'t just hold your computer components, it shows them off in style! The flashy aluminum frame features a large side windows that shows off your inner components and any optional lighting effects. Antec starts you off in that respect with a front 120mm low-speed fan that features cool blue LED illumination. It also features 9 drive bays that can handle your multiple hard drives, optical drives, fan controllers, and more. 1 Low-Speed 120mm Front Fan w/ Blue LEDs Fan Specs - (RPM) 1,200 / (CFM) 38.94 / (dBA) 24.85 9 Drive Bays - (external) Three 5.25, Two 3.5 / (internal) Four 3.5 Rubber Grommets to absorb drive vibration Compatible with any ATX12V power supply Case Dimensions - 16.5 (h) x 17.1 (d) x 8.2 (w) Main Board Size - 12 (w) x 9.6 (l) Unit Weight - 8.8 lbs.<br /><br /><b>Technical Details</b><br /><br /><ul><li>Nine drive bays provide plenty of space</li><li>Durable anodized aluminum body</li><li>Two low-speed, 120-millimeter fans</li><li>Windowed side panel shows off your components</li><li>Hip, stylish, and easy to transport</li><br /></ul>', '', '', '', '', '');
INSERT INTO cscart_product_descriptions (`product_id`, `lang_code`, `product`, `shortname`, `short_description`, `full_description`, `meta_keywords`, `meta_description`, `search_words`, `page_title`, `age_warning_message`) VALUES ('29743', 'EN', 'Diablo Tek Demon IV ATX Mid-Tower Case with Clear Side, Front USB &amp; Audio Ports and 450-Watt Power Supply', '', '', '<b>Product Description</b> Dramatically Low Price! Build a Mean Performance Devil with DiabloTek! This Demon computer case, with its fierce, take-no-prisoners design, makes a powerful impression. ItÂ€Â™s the perfect case for gamers looking to strike fear into the hearts of their opponents or for PC users who want to add a dash of flair to their system. The durable, lightweight Demon computer case features 10 bays (four 5.25\" and six 3.5\") for remarkable expandability. With four front USB ports, the Demon computer case provides double the accessibility of most other cases on the market. It accommodates up to five cooling fans.', '', '', '', '', '');
INSERT INTO cscart_product_descriptions (`product_id`, `lang_code`, `product`, `shortname`, `short_description`, `full_description`, `meta_keywords`, `meta_description`, `search_words`, `page_title`, `age_warning_message`) VALUES ('29751', 'EN', 'AMD Athlon-64 X2 Dual-Core 4200+ Processor Socket 939 ( ADA4200BVBOX )', '', '', '<b>From the manufacturer</b><br style=\"font-weight: bold;\" /><b>Take multi-tasking to a whole new level with the AMD Athlon 64 X2 Dual-Core Processor </b><br style=\"font-weight: bold;\" /><br />The AMD Athlon 64 X2 Dual-Core processor puts the power of dual-core technology on the desktop. Dual-core processors contain two processing cores, residing on one chip, that perform calculations on two streams of data, thereby increasing efficiency and speed while running multiple programs and the new generation of multi-threaded software. <br /><br />For the end-user this means a significant increase in response and performance when running multiple applications simultaneously. The AMD Athlon 64 X2 Dual-Core processor outperforms the highest-performing AMD Athlon 64 4000+ single-core processor on multi-tasking benchmarks by up to 30%. <br /><br /><b>Better Multi-Tasking Means Increased Office Productivity </b><br /><br />Productivity in todayÂ€Â™s workplace requires smooth, efficient and seamless multi-tasking. The AMD Athlon 64 X2 Dual-Core processor delivers TRUE multi-tasking, allowing users to switch from one program to another without pausing for the computer to catch up and reducing annoying processing pauses. The end result is an increase in office productivity performance of 22% on average. <br /><br style=\"font-weight: bold;\" /><b>Setting the Pace in Digital Media </b><br /><br />Digital media software demands simultaneous processing of data streams, the perfect use for the incredible multi-tasking power of the AMD64 dual-core technology. Dual-core technology is like having two processors working together, each one taking care of different applications, so power-users actually experience greater performance when multiple applications are running. Digital media enthusiasts can usher in the next generation of digital media software for amazing high-definition video and photo editing, content creation, and audio mixing. With the AMD Athlon 64 X2 Dual-Core processor, your PC will perform up to 80% faster than a single-core AMD Athlon 64 4000+ processor on the latest power-hungry digital media software applications. <br /><br /><b>Smooth and Efficient Upgrades </b><br /><br />Additionally, the elegant design of the AMD64 architecture allowed for the planning of dual-core processors from the ground up, which means that the AMD Athlon 64 X2 Dual-Core processor is designed to fit in the same 939-pin infrastructure as single-core processors. All that is required is a BIOS update, saving our partners the costs of redesigns and obsolete inventory. <br /><br /><b>All the Proven Benefits of AMD64 Technology </b><br /><br /><b>Enhanced Virus Protection with Windows XP Service Pack 2 </b><br /><br />Enhanced Virus Protection is a feature of AMD64 technology. Enhanced Virus Protection feature in AMD64 processors, in conjunction with certain operating systems help to prevent the spread of certain viruses, like MSBlaster and Slammer, significantly reducing the cost and down-time associated with similar viruses and improving the protection of computers and personal information against certain PC viruses1. <br /><br /><b>AMD Athlon 64 Processor Architecture Performance </b><br /><br />HyperTransport technology can increase overall system performance by removing I/O bottlenecks, increasing system bandwidth, and reducing system latency. A fully integrated DDR memory controller helps speed access to memory by offering the processor a direct connection to the main memory. As a result, end users can enjoy quicker application loading and extraordinary application performance. <br /><br /><b>Ready for the 64-bit future </b><br /><br />Like all the processors in the AMD Athlon 64 family, the AMD Athlon 64 X2 Dual-Core processor is designed for people who want to stay at the forefront of technology and for those who depend on their PCs to keep them connected, informed, and entertained. Systems based on AMD Athlon 64 processors are able to deliver leading-edge performance for demanding productivity and entertainment software today and in the future. <br /><br />With AMD64 technology, the AMD Athlon 64 processor is fully compatible with existing software, while enabling a seamless transition to 64-bit applications. Both 32- and 64-bit applications can run virtually simultaneously and transparently on the same platform. AMD64 technology enables new, cinematic computing experiences and capabilities, in addition to increased performance. AMD64 technology allows end users to take advantage of new innovations such as real-time encryption, more life-like games, accurate speech interfaces, cinema-quality graphic effects, and easy-to-use video and audio editing.', '', '', '', '', '');
INSERT INTO cscart_product_descriptions (`product_id`, `lang_code`, `product`, `shortname`, `short_description`, `full_description`, `meta_keywords`, `meta_description`, `search_words`, `page_title`, `age_warning_message`) VALUES ('29747', 'EN', 'Biostar K8M800-M78 Socket754 MBB w/Sempron 2800+ CPU-New', '', '', '<b>Product Description</b><br />Upgrade today with this Biostar K8M800 Socket 754 Motherboard and AMD Sempron 2800+ combo package! This Biostar K8M800 supports up to 2 GB DDR RAM, it features a AC\' 97 CMI9739A Audio, VIA VT6103 10/100 Ethernet, and an Integrated Serial ATA controller. There\'s plenty of room for expansion with one 8 x AGP slot, three PCI slots and one CNR slot. The included AMD Sempron 2800+ processor features 2.0 GHz, 333 MHz bus speed and is already attached! Order today!<br /><br /><b>Technical Details</b><br /><br /><ul><li>VIA K8M800/VT8237R / Socket 754 / ATX form factor / Supports DDR-266/333/400 / AC\' 97 CMI9739A Audio</li><li>10/100 Ethernet / Integrated VT8235/VT8237R Serial ATA controller / Data Transfer Rates up to 1.5 GB/s</li><li>Expansion Slots: / One (1) 8 x AGP slot / Three (3) PCI slots / One (1) CNR slot / Two (2) 184-pin DIMM sockets</li><li>I/O Ports: / Two (2) PS/2 ports / Two (2) USB 2.0 ports / One (1) 9-pin Serial port / One (1) 15-pin VGA port</li><li>One (1) 15-pin Game port / One (1) Parallel port / RJ-45 Ethernet jack / Mic in, Line in, Line out jacks</li><br /></ul>', '', '', '', '', '');
INSERT INTO cscart_product_descriptions (`product_id`, `lang_code`, `product`, `shortname`, `short_description`, `full_description`, `meta_keywords`, `meta_description`, `search_words`, `page_title`, `age_warning_message`) VALUES ('29748', 'EN', 'Intel Desktop Board D945PAW - mainboard - microBTX - 945P ( BOXD945PAWLK )', '', '', '<b>Product Description</b><br />The Intel Desktop Board D945PAW delivers new levels of performance and flexibility to the Digital Office and Digital Home. Based on the Intel 945P Express Chipset, this board supports dual-core processing, Intel EM64T and PCI Express Graphics.<br /><br /><b>Technical Details</b><br /><br /><ul><li>Hardware Platform: PC</li><li>processor_maximum: 1</li><li>compatible_processor_types: Celeron D, Pentium D, Pentium 4</li><li>System Bus Speed: 1066</li><li>chipset_type: Intel 945P Express</li><br /></ul>', '', '', '', '', '');
INSERT INTO cscart_product_descriptions (`product_id`, `lang_code`, `product`, `shortname`, `short_description`, `full_description`, `meta_keywords`, `meta_description`, `search_words`, `page_title`, `age_warning_message`) VALUES ('29749', 'EN', 'FIC K7MNF-64 nVidia nForce 2 Socket A mATX MB w/Snd, VID LAN', '', '', '<b>Product Description</b><br />Get the speed and power of this FIC K7MNF-64 motherboard! It features the nVidia nForce 2 chipset and supports 266/333/400 MHz Front Side Bus (FSB). Two 184-pin DIMM sockets provides support up to 2 GB of DDR RAM. A Realtek ALC655 AC\'97 audio codec, 10/100 Ethernet controller, and video are integrated. Expansion is handled with an 8x AGP slot and three PCI slots. This mATX motherboard supports AMD Duron, Athlon XP and Sempron Socket A processors with 266/333/400 MHz FSBs. Install this motherboard inside your case and add the RAM, CPU and the rest!<br /><b>Technical Details</b><br /><br /><ul><li>nVidia nForce 2 chipset / Socket A / mATX form factor (also called micro-ATX or uATX) w/20-pin ATX power connector and 4-pin ATX12V power connector</li><li>266/333/400 MHz Front Side Bus (FSB) / Supports up to 2 GB RAM 266/333/400 (aka: PC2100/PC2700/PC3200)</li><li>Integrated video / Realtek ALC655 AC\'97 audio codec / Integrated 10/100 Ethernet controller</li><li>Contains: FIC K7MNF-64 motherboard ONLY (Plain Packed)</li><br /></ul>', '', '', '', '', '');
INSERT INTO cscart_product_descriptions (`product_id`, `lang_code`, `product`, `shortname`, `short_description`, `full_description`, `meta_keywords`, `meta_description`, `search_words`, `page_title`, `age_warning_message`) VALUES ('29750', 'EN', 'Intel SE7210TP1-E Socket 478 ATX Server Motherboard with Video, SATA RAID', '', '', '<b>Product Description</b><br />The Intel SE7210TP1-E Server board features the Intel E7210 chipset, Hyper-Threading Technology and supports Intel Pentium 4 or Celeron Socket 478 processors operating at 400/533/800 bus speeds. Four 184-pin DIMM sockets provides support for up to 4 gigabytes of DDR RAM. Video is supplied with the integrated ATI Rage XL chipset while the Intel Pro/1000 network delivers the speed and reliability for your network connectivity! Other features include a 32-bit/33MHz PCI slot, three 64-bit/66MHz PCI-X sockets and Serial ATA ports supporting RAID Levels 0 and 1. For power and reliability to growing businesses, this Intel SE7210TP1-E Server board delivers excellent performance for entry-level applications. Order now!<br /><b>Technical Details</b><br /><br /><ul><li>Intel E7210 chipset / Socket 478 / 400, 533, 800 MHz Front Side Bus</li><li>ATX Form Factor / Supports up to 4 GB PC2100,2700, 3200 DDR SDRAM</li><li>Two (2) Serial ATA (SATA) controllers w/supports for RAID Levels 0 and 1</li><li>ATI Rage XL integrated video w/8 MB video memory / Intel Pro/1000 Server Network connection</li><li>Motherboard ONLY (no cables, drivers, I/O shield, manual, etc.)</li><br /></ul>', '', '', '', '', '');
INSERT INTO cscart_product_descriptions (`product_id`, `lang_code`, `product`, `shortname`, `short_description`, `full_description`, `meta_keywords`, `meta_description`, `search_words`, `page_title`, `age_warning_message`) VALUES ('29752', 'EN', 'Intel - Processor - 1 X Intel Celeron D 346 3.06 Ghz ( 533 Mhz ) - LGA775 Socket', '', '', '<b>Product Description</b><br />Intel Celeron D Processor 346 - This desktop processor features the Execute Disable Bit. It\'s a level of security for your computer that\'s built right into the CPU. It protects you from certain malicious \"buffer overflow\" attacks. Attacks that can screw up your PC and damage your data. The Celeron D Processor 346 also features Intel EM64T. It stands for Extended Memory 64 Technology, which accesses larger amounts of memory and will support 64-bit extended operating systems.<br /><br /><b>Technical Details</b><br /><br /><ul><li>2.8 GHz</li><li>90nm LGA775</li><li>256KB of L2 Cache</li><li>533 MHz FSB</li><br /></ul>', '', '', '', '', '');
INSERT INTO cscart_product_descriptions (`product_id`, `lang_code`, `product`, `shortname`, `short_description`, `full_description`, `meta_keywords`, `meta_description`, `search_words`, `page_title`, `age_warning_message`) VALUES ('29753', 'EN', 'AMD Athlon 64 processor 3200+ Socket 939 ( ADA3200BPBOX )', '', '', '<b>Product Description</b><br />Whether it is for business, school or play, with the AMD Athlon 64 processor, you can address your current and future computing needs. The new Athlon 64 stands for the next generation of AMD Athlon Technology. This processor is designed to deliver outstanding levels of performance and customer-focused innovation to hom and business users alike. The Athlon 64 is the pioneer windows-compatible 64-bit PC processor with HyperTransport. Extended cache memory for enhanced performance on large memory workloads Doubles the number of processor registers and dramatically increases the system memory addressability Integrated memory controller with peak memory bandwidth of up to 6.4 GB/sec, supporting PC3200, PC2700, PC2100, or PC1600 DDR SDRAM Native execution of 32-bit software, allowing today\'s PC software to provide leading-edge performance while enabling a seamless migration to 64-bit software Combines high-speed memory access and I/O connectivity to help ensure that end users can fully take advantage of a broadband connection to streaming video and audio, and a riveting online gaming experience Compatibility with Microsoft Windows XP, Windows 98, Windows ME, Windows NT, Windows 2000, as well as Linux and other PC operating systems For Desktop PC with compatible motherboard<br /><br /><b>Technical Details</b><br /><br /><ul><li>939 Pin architecture</li><li>Industry-leading performance for today\'s software</li><li>Built-in support for future 64-bit applications with AMD64 technology</li><li>Guard your data with AMD Enhanced Virus Protection for Microsoft Windows XP SP2</li><li>HyperTransport technology and an integrated DDR memory controller for maximum performance and system efficiency</li><br /></ul>', '', '', '', '', '');
INSERT INTO cscart_product_descriptions (`product_id`, `lang_code`, `product`, `shortname`, `short_description`, `full_description`, `meta_keywords`, `meta_description`, `search_words`, `page_title`, `age_warning_message`) VALUES ('29754', 'EN', 'Intel BX80546PG3000E P4 3.0E Ghz 1MB Cache 800 Fsb', '', '', '<b>Product Description</b><br />Based on Intel NetBurst microarchitecture, the Pentium 4 processor delivers significant performance gains for use in personal computing, business solutions and all your processing needs.The Intel Pentium 4 processor for business desktop PCs delivers the enhanced productivity, performance and stability demanded by today\'s business workers and IT managers. Whether it\'s Web services, security or Microsoft Windows XP; high-performance Pentium 4 processors can enrich the business solutions and applications you\'re deploying today or tomorrow. Plus, the stability and reliability of the Intel platform can make IT qualification efforts efficient and fast. The Pentium 4 processor is designed to give you superior performance for digital imaging and video, digital music, 3D gaming, and more. In addition, the Pentium 4 processor provides you with enough power to handle innovations on the horizon such as DVD authoring and MPEG4 video.<br /><b><br />Technical Details</b><br /><br /><ul><li>Model: BX80546PG3000E</li><li>Item Package Quantity: 1</li><li>Hardware Platform: PC</li><li>Processor Count: 1</li><li>Computer Cpu Manufacturer: Intel</li><br /></ul>', '', '', '', '', '');
INSERT INTO cscart_product_descriptions (`product_id`, `lang_code`, `product`, `shortname`, `short_description`, `full_description`, `meta_keywords`, `meta_description`, `search_words`, `page_title`, `age_warning_message`) VALUES ('29755', 'EN', 'Processor - Intel Pentium 4 641 - 3.2GHZ ( 800 Mhz ) - L2 2MB - Socket 775 - Box', '', '', '<b>Product Description</b><br />Get advanced performance for today\'s productivity, digital imaging, music and entertainment applications. The Intel Pentium 4 Processor provides the performance, quality, and reliability demanded by consumer and business customers.<br /><b><br />Technical Details</b><br /><br /><ul><li>Model: BX80552641</li><li>Item Package Quantity: 1</li><li>Hardware Platform: PC</li><li>Processor Count: 1</li><li>Computer Cpu Manufacturer: Intel</li><br /></ul>', '', '', '', '', '');
INSERT INTO cscart_product_descriptions (`product_id`, `lang_code`, `product`, `shortname`, `short_description`, `full_description`, `meta_keywords`, `meta_description`, `search_words`, `page_title`, `age_warning_message`) VALUES ('29756', 'EN', 'Ultra 1024MB PC3200 DDR 400MHz Memory', '', '', '<b>Product Description </b><br />High-performance computing requires high-performance memory. For those who have been waiting for faster access times - crucial for high-level graphics programs - Ultra DDR memory maximizes system operation, and lets you get the most from your applications. If you\'re looking for the best DDR memory, at the best prices, Ultra is the only choice.<br /><b><br />Technical Details</b><br /><br /><ul><li>Memory Size: 1024MB</li><li>Memory Speed: 400MHz PC3200</li><li>Memory Type: DDR</li><li>Pins: 184</li><br /></ul>', '', '', '', '', '');
INSERT INTO cscart_product_descriptions (`product_id`, `lang_code`, `product`, `shortname`, `short_description`, `full_description`, `meta_keywords`, `meta_description`, `search_words`, `page_title`, `age_warning_message`) VALUES ('29757', 'EN', 'Kingston 512 MB 333 MHZ DDR-PC2700 DIMM CL2.5 PC Memory', '', '', '<b>From the Manufacturer</b><br />DDR (Double Data Rate) SDRAM memory is an evolutionary product built upon the foundation of older PC100/PC133 memory technology. Unlike SDRAM memory that supports one operation per the computer\'s clock cycle, DDR SDRAM memory can do two operations per clock cycle, thereby doubling the memory bandwidth over the corresponding single-data-rate SDRAM. <br /><br />Kingston Technology Company is an active me MBer of JEDEC, the computer industry\'s standards body which developed and finalized the specifications for the DDR SDRAM modules. Kingston\'s Director of Technology sits on the Board of Directors of JEDEC, and Kingston\'s engineers actively participate in the memory technology subcommittees working on current- and next- generation memory products. Kingston\'s DDR development efforts closely involve leading semiconductor, processor, chipset and motherboard manufacturers as well as PC OEMs. <br /><br />As a result of its aggressive product development efforts, Kingston was the module industry\'s first-to-market with a complete line of PC1600 DDR memory modules in 2000. Then, in 2001, Kingston was first-to-market with the newest PC2100 DDR DIMMs and PC1600/2100 DDR SO-DIMMs for OEM customers for future DDR notebooks and communications products; Kingston ended 2001 by shipping PC2700 DDR DIMMs to the system builders preparing to launch 333 MHz DDR platforms in 2002. Kingston launched 400 MHz PC3200 DDR modules in November 2002 for the gaming and enthusiast markets. <br /><br />Along with JEDEC and other partners, Kingston\'s engineers are actively working on future DDR memory products. <br /><br />DDR - The New Mainstream Memory Technology <br />DDR memory has been selected by the computer industry to be the mainstream memory technology for 2002 onward. DDR memory will be used in many different platforms, including desktop PCs, servers, notebooks, compact- and sub-compact computers, and networking/communications platforms. <br /><br />DDR memory was selected because of its increased performance as well as its low-cost premium over SDRAM, since DDR can easily be manufactured by existing semiconductor fabrication plants and can be built and tested without significant capital investments. DDR memory delivers increased memory bandwidth and performance over SDRAM memory for many business, multimedia, and entertainment applications. In the second half of 2002, DDR memory represented over 50% of the memory market.', '', '', '', '', '');
INSERT INTO cscart_product_descriptions (`product_id`, `lang_code`, `product`, `shortname`, `short_description`, `full_description`, `meta_keywords`, `meta_description`, `search_words`, `page_title`, `age_warning_message`) VALUES ('29758', 'EN', 'Corsair Value Select memory - 1 GB - DIMM 184-pin - DDR ( VS1GB400C3 )', '', '', '<b>Product Description </b><br />Corsair Value Select line provides quality, tested, compatible desktop memory at competitive prices. The Value Select line is qualified for major current desktop systems.', '', '', '', '', '');
INSERT INTO cscart_product_descriptions (`product_id`, `lang_code`, `product`, `shortname`, `short_description`, `full_description`, `meta_keywords`, `meta_description`, `search_words`, `page_title`, `age_warning_message`) VALUES ('29759', 'EN', 'eVGA NVIDIA e-GeForce FX 5500 256 MB, 128 bit DDR AGP 8X VGA/DVI/TV Video Card (256-A8-N313-LX)', '', '', '<b>Product Description</b><br />The NVIDIA GeForce FX 5500 Chip, is a GPU that will unleash stunning 3D worlds for the mainstream. Powered by the same advanced technology and features as the rest of the FX family, the e-GeForce FX 5500 delivers studio-quality color and amazing cinematic gaming effects. With 256MB of video memory and the latest NVIDIA Technology, such as the CineFX Engine, and High-Precision Graphics, the e-GeForce FX 5500 offers a lot in a small package.<br /><b>Technical Details</b><br /><br /><ul><li>CineFX Engine</li><li>Intellisample</li><li>Multi-display Option</li><li>Digital Vibrance Control</li><li>MPEG2 Decode Acceleration</li><br /></ul>', '', '', '', '', '');
INSERT INTO cscart_product_descriptions (`product_id`, `lang_code`, `product`, `shortname`, `short_description`, `full_description`, `meta_keywords`, `meta_description`, `search_words`, `page_title`, `age_warning_message`) VALUES ('29760', 'EN', 'ATI Technologies Radeon 7000 Graphics Card 32MB', '', '', '<b>Product Description </b><br />Stealth S60 delivers enhanced 3D and 2D graphics performance for today\'s demanding games and applications.', '', '', '', '', '');
INSERT INTO cscart_product_descriptions (`product_id`, `lang_code`, `product`, `shortname`, `short_description`, `full_description`, `meta_keywords`, `meta_description`, `search_words`, `page_title`, `age_warning_message`) VALUES ('29761', 'EN', 'Diamond Viper ATI X1600 PRO PCI Express 512MB Video Card ( X1600PCIE512SB )', '', '', '<b>Product Description</b><br />The Radeon X1600 is designed to deliver outstanding entertainment and 3D graphics through its unique ultra-threaded core architecture and ATI\'s Avivo video and display technology. The Radeon X1600 is a perfect way to connect your PC and consumer electronic devices together for an ideal home entertainment and gaming system.<br /><br /><b>From the manufacturer</b><br style=\"font-weight: bold;\" /><b>THE GAME IS ON! - Outstanding Digital Entertainment and 3D Graphics </b><br /><br />Diamond\'s ATI X1600 is designed to deliver optimum entertainment and 3D graphics through its unique 12 pixel pipelinearchitecture which includes an ultra threaded engine and AvivoÂ„Â¢ video and display technology. Radeon X1600 is an ideal product for the working demands and entertainment pleasures of tomorrow. Includes twelve pixel shader processors, dual display support, Direct X 9.0 and Open GL 2.0 support. 512MB DDR 2 memory, PCI Express bus type, 500mhz core clock speed, 390mhz memory clock speed, and a fancooler. DVI, VGA, and TV-Out. System requirements include Pentium 4 or Athlon 64 processor, 512MB of system memory, 420 Watt ATX power supply, cd-rom or dvd-rom drive, Windows 2000 or later. Ships with quick install guide, ATI catalyst drivers, Diamond Tools, Dvd Playback software, 3D Mark\'03, DVI to VGA adapter, RCA Composite Video Adapter, HDTV Composite Adapter, S-Video Cable, RCA Composite Video Cable. <br /><br /><b>Features at a glance </b><br /><br /><br /><ul><li>DirectX 9.0 and OpenGL 2.0 </li><li>CATALYST Software Drivers </li><li>12 Pixel Pipelines Architecture </li><li>8 Vertex Shader </li><li>SMARTSHADER Technology </li><li>VIDEOSHADER Technology </li><li>SMOOTHVISION Technology </li><li>HYPER Z III+ Technology </li><li>Dual Display Support </li><br /></ul><br /><br /><b>CrossFire: </b><br /><br /><br /><ul><li>Combined Multi-GPU power for a new dimension of graphics capability </li><li>High-performance processor sharing </li><li>High compatibility with games, graphics cards, motherboards, and third party component </li><li>Crossfire only available on motherboards that support dual PCI-Express x16 slot </li><br /></ul><br /><br /><b>Avivo: </b><br /><br /><br /><ul><li>Video and Display Perfection </li><li>True-to-Life Image Reproduction </li><li>Sharp video and photos, smooth video playback </li><li>Universal connectivity for TVs and display</li><br /></ul>', '', '', '', '', '');
INSERT INTO cscart_product_descriptions (`product_id`, `lang_code`, `product`, `shortname`, `short_description`, `full_description`, `meta_keywords`, `meta_description`, `search_words`, `page_title`, `age_warning_message`) VALUES ('29768', 'EN', 'Actiontec External USB Home DSL Modem (Bell South) ()', '', '', '<strong>Product Description</strong><br /> What if you were able to connect to the Internet up to 25 times faster than with a standard modem, never miss a phone call, and never log off? With the Actiontec Home DSL Modem all of this is possible. The Home DSL Modem will make the entire Internet a seamless extension of your PC, or even your entire home network, without interrupting normal voice calls or faxes.', '', '', '', '', '');
INSERT INTO cscart_product_descriptions (`product_id`, `lang_code`, `product`, `shortname`, `short_description`, `full_description`, `meta_keywords`, `meta_description`, `search_words`, `page_title`, `age_warning_message`) VALUES ('29769', 'EN', 'Best Data CMX300 SmartOne Cable Modem', '', '', '<strong>Product Description</strong><br /> The Best Data Smart One CMX300 Cable Modem is a high-performance, CableLabs-certified device that ensures service providers achieve seamless installation and proven performance.With the USB port, you get plug and play installation, no complicated hardware settings to adjust and you don\'t even have to open your computer to obtain high-speed Internet access.', '', '', '', '', '');
INSERT INTO cscart_product_descriptions (`product_id`, `lang_code`, `product`, `shortname`, `short_description`, `full_description`, `meta_keywords`, `meta_description`, `search_words`, `page_title`, `age_warning_message`) VALUES ('29776', 'EN', 'HP LaserJet 1020 Printer (Q5911A#ABA)', '', '', '<strong>From the Manufacturer</strong><br /> The new HP LaserJet 1020 printer is HP\'s most affordable and compact laser printer for the cost-conscious business professional. This industrial-strength model delivers fast print speeds and a quick first page out. With HP\'s legendary reliability, high-quality printing, and easy compatibility, this printer offers the features you need for business. It\'s simple to set up and maintain. Plus, it prints up to 15 pages a minute and gets the first page out in about 10 seconds (actual speed will vary).<p>  <strong>Features:</strong> </p><ul><li>Smoothly process documents containing text, images, and graphics with the 234MHz processor and 2MB of memory   </li>    <li>Get your jobs printed quickly: up to 15 pages per minute  </li>    <li>Waste less time standing at the printer: the first page emerges in less than 10 seconds with HP\'s \"instantly on\" technology  </li>    <li>Get professional-looking documents with the sharp FastRes 1200 dpi effective print quality and HP\'s Resolution Enhancement technology (REt) </li>    <li>Conserve desk space with the compact design that\'s suitable for a desk or shelf   </li>    <li>Tailor your media handling to your office needs with the 150-sheet input tray, single-sheet, priority input slot for specialty paper, and 125-sheet output bin (all of which hold up to legal size paper) </li>    <li>Set up fast with the convenient Hi-Speed USB 2.0 connection   </li>    <li>Stay on top of toner replacement with HP SureSupply: receive alerts when a cartridge is low, monitor its remaining life, and enjoy easy online ordering or check stock and prices at nearby stores </li>    <li>Access printing supplies in just one click: sign up at our My Printing Supplies Store and save a list of your printers for hassle-free toner and paper reordering </li></ul><p>  </p><p>  <strong>Economical Choice</strong><br /> Expect a lot from so little. With FastRes 1200 dpi effective print quality and the reliable HP LaserJet print cartridge, the HP LaserJet 1020 produces crisp, clean text for your business documents. The printer also includes HP Resolution Enhancement technology (REt), a suite of proprietary image-enhancement technologies. Working with the image-writing systems in the print cartridge, FastRes 1200 and HP REt ensure continuous, professional-quality printing.</p><p> Print high quality at low cost. The host-based print driver is designed to quickly translate application output into high-quality raster print images. This driver handles print jobs using your PC\'s processor and memory rather than the printer\'s, which lets you print more complex jobs without the cost of additional printer memory.</p><p>  <strong>Compact Performer</strong><br /> Conserve space. The compact design saves valuable workspace for the efficiency-minded micro and small business user and is suitable for a desk, shelf, or other small, convenient spot.</p><p> Increase office efficiency. The printer boasts print speeds of up to 15 pages per minute (ppm) letter (14 ppm A4), and, thanks to Instant-on Technology, the printer delivers a first page out in less than 10 seconds.</p><p> Enjoy media flexibility. A 150-sheet input tray, a single-sheet priority input slot for specialty paper, and a 125-sheet output bin provide the flexibility to print the documents you need. The printer supports plain paper up to legal size, as well as envelopes, transparencies, card stock, postcards, and labels.</p><p>  <strong>Effortless Results</strong><br /> Just plug it in. Convenient, Hi-Speed USB 2.0 connectivity helps you quickly set up the printer. With support for WindowsÂ® 98 SE, Me, 2000, and XP 32-bit, the printer fits right into your existing environment.</p><p> Easily access and replace supplies. Carefully designed together with the printer, the HP LaserJet print cartridge is simple to use, featuring Ultraprecise toner and the imaging drum in one unit. Print cartridge installation and replacement is quick and convenient and just one cartridge makes supplies management easy.</p><p> <strong>HP reliability</strong><br /> Reduce costs with the HP LaserJet printing system. Secure real-time savings and boost productivity to lower overall printing costs. The whole printing system--your printer, HP LaserJet Q2612A Black Print Cartridge with Ultraprecise toner, and HP paper--is precisely engineered for optimal quality and reliability. Every HP LaserJet print cartridge must meet strict quality standards to deliver reliable results.</p><p> Take advantage of HP\'s legendary dependability. Rely on this low-maintenance printer to deliver top-level business documents day in and day out. A robust 5,000-page monthly duty cycle supports the printing needs of even the busiest user.</p><strong>What\'s in the Box</strong><br /> HP LaserJet 1020 printer, HP LaserJet Q2612A Black Print Cartridge, Getting Started Guide, CD (includes software and user\'s guide), power cord; USB cable not included <br /><br />       <strong>Product Description</strong><br /> The HP LaserJet 1020 Printer, an excellent laser printer for the cost-conscious user, delivers high-quality LaserJet printing in a compact size, and at a price you can afford.', '', '', '', '', '');
INSERT INTO cscart_product_descriptions (`product_id`, `lang_code`, `product`, `shortname`, `short_description`, `full_description`, `meta_keywords`, `meta_description`, `search_words`, `page_title`, `age_warning_message`) VALUES ('29777', 'EN', 'HP LaserJet 1022 Printer (Q5912A#ABA)', '', '', '<strong>Product Description</strong><br />   HP LASERJET 1022 PRINTER     <br /><br />       <strong>Product Description</strong><br />   <strong>Box Contents: HP LaserJet 1022 Printer, HP Black Print Cartridge, HP Image Zone Express Photo and Imaging Software on CD-ROM, Setup Poster, User\'s Guide, Power Supply, Power Cord</strong> <br /> The HP LaserJet 1022 Printer is a very affordable, compact, and reliable laser printer with the quality to enhance the professional appearance of your business and you. It achieves print speeds of up to 19 pages per minute (ppm) letter, and delivers the first page in less than 8 seconds thanks to Instant-on Technology -- so your print job is finished before many printers have even begun. Expect professional quality with 1200 dpi. With the reliable HP LaserJet print cartridge and 1200 dots per inch (dpi) print resolution, the printer produces crisp, clean output for all of your business documents. HP Resolution Enhancement technology (REt), working with the Ultraprecise toner formula and HP image writing systems in the cartridge, ensures reliable quality with sharp text and clear lines. Media types accepted - Paper (plain, LaserJet, photo, rough), envelopes, transparencies, labels, cardstock, postcards, vellum Sizes - Letter, legal, executive, postcards, envelopes (No. 10, Monarch) Memory - 8 MB (non-upgradeable) Connectivity - Hi-Speed USB port Also connects to HP Jetdirect external print server, HP wireless print server, and HP bt1300 Wireless Printer Adapter (optional) Macintosh compatible Dimensions(WxDxH) - 14.6 x 14.3 x 9.5 Weight - 12.1 lb Uses HP Q2612A cartridge HP USA One-year limited warranty', '', '', '', '', '');
INSERT INTO cscart_product_feature_variant_descriptions (`variant_id`, `variant`, `description`, `page_title`, `meta_keywords`, `meta_description`, `lang_code`) VALUES ('1', 'CD', '', '', '', '', 'EN');
INSERT INTO cscart_product_feature_variant_descriptions (`variant_id`, `variant`, `description`, `page_title`, `meta_keywords`, `meta_description`, `lang_code`) VALUES ('2', 'DVD', '', '', '', '', 'EN');
INSERT INTO cscart_product_feature_variant_descriptions (`variant_id`, `variant`, `description`, `page_title`, `meta_keywords`, `meta_description`, `lang_code`) VALUES ('16', 'palmOne', '', '', '', '', 'EN');
INSERT INTO cscart_product_feature_variant_descriptions (`variant_id`, `variant`, `description`, `page_title`, `meta_keywords`, `meta_description`, `lang_code`) VALUES ('15', 'Sanyo', '', '', '', '', 'EN');
INSERT INTO cscart_product_feature_variant_descriptions (`variant_id`, `variant`, `description`, `page_title`, `meta_keywords`, `meta_description`, `lang_code`) VALUES ('14', 'Nokia', '', '', '', '', 'EN');
INSERT INTO cscart_product_feature_variant_descriptions (`variant_id`, `variant`, `description`, `page_title`, `meta_keywords`, `meta_description`, `lang_code`) VALUES ('13', 'Sony', '', '', '', '', 'EN');
INSERT INTO cscart_product_feature_variant_descriptions (`variant_id`, `variant`, `description`, `page_title`, `meta_keywords`, `meta_description`, `lang_code`) VALUES ('7', 'mp3', '', '', '', '', 'EN');
INSERT INTO cscart_product_feature_variant_descriptions (`variant_id`, `variant`, `description`, `page_title`, `meta_keywords`, `meta_description`, `lang_code`) VALUES ('8', 'wma', '', '', '', '', 'EN');
INSERT INTO cscart_product_feature_variant_descriptions (`variant_id`, `variant`, `description`, `page_title`, `meta_keywords`, `meta_description`, `lang_code`) VALUES ('9', 'wav', '', '', '', '', 'EN');
INSERT INTO cscart_product_feature_variant_descriptions (`variant_id`, `variant`, `description`, `page_title`, `meta_keywords`, `meta_description`, `lang_code`) VALUES ('12', 'Reebok', '', '', '', '', 'EN');
INSERT INTO cscart_product_feature_variant_descriptions (`variant_id`, `variant`, `description`, `page_title`, `meta_keywords`, `meta_description`, `lang_code`) VALUES ('11', 'Nike', '', '', '', '', 'EN');
INSERT INTO cscart_product_feature_variant_descriptions (`variant_id`, `variant`, `description`, `page_title`, `meta_keywords`, `meta_description`, `lang_code`) VALUES ('10', 'Adidas', '', '', '', '', 'EN');
INSERT INTO cscart_product_feature_variant_descriptions (`variant_id`, `variant`, `description`, `page_title`, `meta_keywords`, `meta_description`, `lang_code`) VALUES ('17', 'Panasonic', '', '', '', '', 'EN');
INSERT INTO cscart_product_feature_variant_descriptions (`variant_id`, `variant`, `description`, `page_title`, `meta_keywords`, `meta_description`, `lang_code`) VALUES ('18', 'Toshiba', '', '', '', '', 'EN');
INSERT INTO cscart_product_feature_variants (`variant_id`, `feature_id`, `url`, `position`) VALUES ('1', '1', '', '0');
INSERT INTO cscart_product_feature_variants (`variant_id`, `feature_id`, `url`, `position`) VALUES ('2', '1', '', '0');
INSERT INTO cscart_product_feature_variants (`variant_id`, `feature_id`, `url`, `position`) VALUES ('16', '5', '', '60');
INSERT INTO cscart_product_feature_variants (`variant_id`, `feature_id`, `url`, `position`) VALUES ('15', '5', '', '50');
INSERT INTO cscart_product_feature_variants (`variant_id`, `feature_id`, `url`, `position`) VALUES ('14', '5', '', '40');
INSERT INTO cscart_product_feature_variants (`variant_id`, `feature_id`, `url`, `position`) VALUES ('13', '5', '', '30');
INSERT INTO cscart_product_feature_variants (`variant_id`, `feature_id`, `url`, `position`) VALUES ('7', '6', '', '0');
INSERT INTO cscart_product_feature_variants (`variant_id`, `feature_id`, `url`, `position`) VALUES ('8', '6', '', '10');
INSERT INTO cscart_product_feature_variants (`variant_id`, `feature_id`, `url`, `position`) VALUES ('9', '6', '', '20');
INSERT INTO cscart_product_feature_variants (`variant_id`, `feature_id`, `url`, `position`) VALUES ('12', '5', '', '20');
INSERT INTO cscart_product_feature_variants (`variant_id`, `feature_id`, `url`, `position`) VALUES ('11', '5', '', '10');
INSERT INTO cscart_product_feature_variants (`variant_id`, `feature_id`, `url`, `position`) VALUES ('10', '5', '', '0');
INSERT INTO cscart_product_feature_variants (`variant_id`, `feature_id`, `url`, `position`) VALUES ('17', '5', '', '70');
INSERT INTO cscart_product_feature_variants (`variant_id`, `feature_id`, `url`, `position`) VALUES ('18', '5', '', '80');
INSERT INTO cscart_product_features (`feature_id`, `feature_type`, `categories_path`, `parent_id`, `display_on_product`, `display_on_catalog`, `status`, `position`, `comparison`) VALUES ('1', 'S', '', '0', '1', '1', 'A', '10', 'N');
INSERT INTO cscart_product_features (`feature_id`, `feature_type`, `categories_path`, `parent_id`, `display_on_product`, `display_on_catalog`, `status`, `position`, `comparison`) VALUES ('2', 'T', '', '0', '1', '1', 'A', '20', 'N');
INSERT INTO cscart_product_features (`feature_id`, `feature_type`, `categories_path`, `parent_id`, `display_on_product`, `display_on_catalog`, `status`, `position`, `comparison`) VALUES ('4', 'T', '', '0', '1', '1', 'A', '30', 'N');
INSERT INTO cscart_product_features (`feature_id`, `feature_type`, `categories_path`, `parent_id`, `display_on_product`, `display_on_catalog`, `status`, `position`, `comparison`) VALUES ('5', 'E', '93,152,153,85,122,99,86,156,157,158,159,161,164,162,113,114,116,115,87,139,90,92,89,111,95,97,96,119,124,121,120,129,141,136,155', '7', '1', '1', 'A', '40', 'N');
INSERT INTO cscart_product_features (`feature_id`, `feature_type`, `categories_path`, `parent_id`, `display_on_product`, `display_on_catalog`, `status`, `position`, `comparison`) VALUES ('6', 'M', '93,152,153,85,122,99,86,156,157,158,159,161,164,162,113,114,116,115,87,139,90,92,89,111,95,97,96,119,124,121,120,129,141,136,155', '7', '1', '1', 'A', '50', 'N');
INSERT INTO cscart_product_features (`feature_id`, `feature_type`, `categories_path`, `parent_id`, `display_on_product`, `display_on_catalog`, `status`, `position`, `comparison`) VALUES ('7', 'G', '93,152,153,85,122,99,86,156,157,158,159,161,164,162,113,114,116,115,87,139,90,92,89,111,95,97,96,119,124,121,120,129,141,136,155', '0', '1', '1', 'A', '0', 'N');
INSERT INTO cscart_product_features_descriptions (`feature_id`, `description`, `full_description`, `prefix`, `suffix`, `lang_code`) VALUES ('1', 'Format', '', '', '', 'EN');
INSERT INTO cscart_product_features_descriptions (`feature_id`, `description`, `full_description`, `prefix`, `suffix`, `lang_code`) VALUES ('2', 'Size', '', '', '', 'EN');
INSERT INTO cscart_product_features_descriptions (`feature_id`, `description`, `full_description`, `prefix`, `suffix`, `lang_code`) VALUES ('4', 'ISBN', '', '', '', 'EN');
INSERT INTO cscart_product_features_descriptions (`feature_id`, `description`, `full_description`, `prefix`, `suffix`, `lang_code`) VALUES ('5', 'Manufacturer', '', '', '', 'EN');
INSERT INTO cscart_product_features_descriptions (`feature_id`, `description`, `full_description`, `prefix`, `suffix`, `lang_code`) VALUES ('6', 'Audio formats', '', '', '', 'EN');
INSERT INTO cscart_product_features_descriptions (`feature_id`, `description`, `full_description`, `prefix`, `suffix`, `lang_code`) VALUES ('7', 'New features', '', '', '', 'EN');
INSERT INTO cscart_product_features_values (`feature_id`, `product_id`, `variant_id`, `value`, `value_int`, `lang_code`) VALUES ('1', '1028', NULL, 'DVD', NULL, 'EN');
INSERT INTO cscart_product_features_values (`feature_id`, `product_id`, `variant_id`, `value`, `value_int`, `lang_code`) VALUES ('4', '1480', NULL, '8274657491', NULL, 'EN');
INSERT INTO cscart_product_features_values (`feature_id`, `product_id`, `variant_id`, `value`, `value_int`, `lang_code`) VALUES ('4', '1481', NULL, '8274656491', NULL, 'EN');
INSERT INTO cscart_product_features_values (`feature_id`, `product_id`, `variant_id`, `value`, `value_int`, `lang_code`) VALUES ('4', '1485', NULL, '6374633291', NULL, 'EN');
INSERT INTO cscart_product_features_values (`feature_id`, `product_id`, `variant_id`, `value`, `value_int`, `lang_code`) VALUES ('4', '1488', NULL, '5279652291', NULL, 'EN');
INSERT INTO cscart_product_features_values (`feature_id`, `product_id`, `variant_id`, `value`, `value_int`, `lang_code`) VALUES ('4', '1490', NULL, '82947659038', NULL, 'EN');
INSERT INTO cscart_product_features_values (`feature_id`, `product_id`, `variant_id`, `value`, `value_int`, `lang_code`) VALUES ('4', '1492', NULL, '9285837465', NULL, 'EN');
INSERT INTO cscart_product_features_values (`feature_id`, `product_id`, `variant_id`, `value`, `value_int`, `lang_code`) VALUES ('4', '1493', NULL, '77563928582', NULL, 'EN');
INSERT INTO cscart_product_features_values (`feature_id`, `product_id`, `variant_id`, `value`, `value_int`, `lang_code`) VALUES ('4', '1496', NULL, '98547283746', NULL, 'EN');
INSERT INTO cscart_product_features_values (`feature_id`, `product_id`, `variant_id`, `value`, `value_int`, `lang_code`) VALUES ('4', '1498', NULL, '46372746592', NULL, 'EN');
INSERT INTO cscart_product_features_values (`feature_id`, `product_id`, `variant_id`, `value`, `value_int`, `lang_code`) VALUES ('4', '1501', NULL, '1246586573', NULL, 'EN');
INSERT INTO cscart_product_features_values (`feature_id`, `product_id`, `variant_id`, `value`, `value_int`, `lang_code`) VALUES ('4', '1503', NULL, '87463847522', NULL, 'EN');
INSERT INTO cscart_product_features_values (`feature_id`, `product_id`, `variant_id`, `value`, `value_int`, `lang_code`) VALUES ('4', '1505', NULL, '34225634890', NULL, 'EN');
INSERT INTO cscart_product_features_values (`feature_id`, `product_id`, `variant_id`, `value`, `value_int`, `lang_code`) VALUES ('4', '1507', NULL, '65783943343', NULL, 'EN');
INSERT INTO cscart_product_features_values (`feature_id`, `product_id`, `variant_id`, `value`, `value_int`, `lang_code`) VALUES ('4', '1509', NULL, '1673857390573', NULL, 'EN');
INSERT INTO cscart_product_features_values (`feature_id`, `product_id`, `variant_id`, `value`, `value_int`, `lang_code`) VALUES ('1', '1045', '2', '', NULL, 'EN');
INSERT INTO cscart_product_features_values (`feature_id`, `product_id`, `variant_id`, `value`, `value_int`, `lang_code`) VALUES ('1', '1030', '2', '', NULL, 'EN');
INSERT INTO cscart_product_features_values (`feature_id`, `product_id`, `variant_id`, `value`, `value_int`, `lang_code`) VALUES ('1', '1034', '2', '', NULL, 'EN');
INSERT INTO cscart_product_features_values (`feature_id`, `product_id`, `variant_id`, `value`, `value_int`, `lang_code`) VALUES ('1', '1035', '2', '', NULL, 'EN');
INSERT INTO cscart_product_features_values (`feature_id`, `product_id`, `variant_id`, `value`, `value_int`, `lang_code`) VALUES ('5', '745', '16', '', NULL, 'EN');
INSERT INTO cscart_product_features_values (`feature_id`, `product_id`, `variant_id`, `value`, `value_int`, `lang_code`) VALUES ('5', '1188', '14', '', NULL, 'EN');
INSERT INTO cscart_product_features_values (`feature_id`, `product_id`, `variant_id`, `value`, `value_int`, `lang_code`) VALUES ('5', '1172', '14', '', NULL, 'EN');
INSERT INTO cscart_product_features_values (`feature_id`, `product_id`, `variant_id`, `value`, `value_int`, `lang_code`) VALUES ('5', '1285', '12', '', NULL, 'EN');
INSERT INTO cscart_product_features_values (`feature_id`, `product_id`, `variant_id`, `value`, `value_int`, `lang_code`) VALUES ('5', '776', '11', '', NULL, 'EN');
INSERT INTO cscart_product_features_values (`feature_id`, `product_id`, `variant_id`, `value`, `value_int`, `lang_code`) VALUES ('5', '764', '11', '', NULL, 'EN');
INSERT INTO cscart_product_features_values (`feature_id`, `product_id`, `variant_id`, `value`, `value_int`, `lang_code`) VALUES ('5', '761', '11', '', NULL, 'EN');
INSERT INTO cscart_product_features_values (`feature_id`, `product_id`, `variant_id`, `value`, `value_int`, `lang_code`) VALUES ('5', '778', '11', '', NULL, 'EN');
INSERT INTO cscart_product_features_values (`feature_id`, `product_id`, `variant_id`, `value`, `value_int`, `lang_code`) VALUES ('5', '1106', '16', '', NULL, 'EN');
INSERT INTO cscart_product_features_values (`feature_id`, `product_id`, `variant_id`, `value`, `value_int`, `lang_code`) VALUES ('5', '1104', '16', '', NULL, 'EN');
INSERT INTO cscart_product_features_values (`feature_id`, `product_id`, `variant_id`, `value`, `value_int`, `lang_code`) VALUES ('5', '823', '12', '', NULL, 'EN');
INSERT INTO cscart_product_features_values (`feature_id`, `product_id`, `variant_id`, `value`, `value_int`, `lang_code`) VALUES ('5', '1287', '12', '', NULL, 'EN');
INSERT INTO cscart_product_features_values (`feature_id`, `product_id`, `variant_id`, `value`, `value_int`, `lang_code`) VALUES ('5', '1537', '10', '', NULL, 'EN');
INSERT INTO cscart_product_features_values (`feature_id`, `product_id`, `variant_id`, `value`, `value_int`, `lang_code`) VALUES ('5', '1542', '10', '', NULL, 'EN');
INSERT INTO cscart_product_features_values (`feature_id`, `product_id`, `variant_id`, `value`, `value_int`, `lang_code`) VALUES ('5', '1533', '10', '', NULL, 'EN');
INSERT INTO cscart_product_features_values (`feature_id`, `product_id`, `variant_id`, `value`, `value_int`, `lang_code`) VALUES ('5', '1555', '10', '', NULL, 'EN');
INSERT INTO cscart_product_features_values (`feature_id`, `product_id`, `variant_id`, `value`, `value_int`, `lang_code`) VALUES ('5', '1553', '10', '', NULL, 'EN');
INSERT INTO cscart_product_features_values (`feature_id`, `product_id`, `variant_id`, `value`, `value_int`, `lang_code`) VALUES ('6', '1052', '7', '', NULL, 'EN');
INSERT INTO cscart_product_features_values (`feature_id`, `product_id`, `variant_id`, `value`, `value_int`, `lang_code`) VALUES ('6', '1052', '8', '', NULL, 'EN');
INSERT INTO cscart_product_features_values (`feature_id`, `product_id`, `variant_id`, `value`, `value_int`, `lang_code`) VALUES ('6', '1050', '8', '', NULL, 'EN');
INSERT INTO cscart_product_features_values (`feature_id`, `product_id`, `variant_id`, `value`, `value_int`, `lang_code`) VALUES ('6', '1050', '9', '', NULL, 'EN');
INSERT INTO cscart_product_features_values (`feature_id`, `product_id`, `variant_id`, `value`, `value_int`, `lang_code`) VALUES ('6', '1054', '7', '', NULL, 'EN');
INSERT INTO cscart_product_features_values (`feature_id`, `product_id`, `variant_id`, `value`, `value_int`, `lang_code`) VALUES ('6', '1054', '8', '', NULL, 'EN');
INSERT INTO cscart_product_features_values (`feature_id`, `product_id`, `variant_id`, `value`, `value_int`, `lang_code`) VALUES ('6', '1069', '8', '', NULL, 'EN');
INSERT INTO cscart_product_features_values (`feature_id`, `product_id`, `variant_id`, `value`, `value_int`, `lang_code`) VALUES ('6', '1069', '9', '', NULL, 'EN');
INSERT INTO cscart_product_features_values (`feature_id`, `product_id`, `variant_id`, `value`, `value_int`, `lang_code`) VALUES ('6', '1065', '8', '', NULL, 'EN');
INSERT INTO cscart_product_features_values (`feature_id`, `product_id`, `variant_id`, `value`, `value_int`, `lang_code`) VALUES ('6', '1065', '9', '', NULL, 'EN');
INSERT INTO cscart_product_features_values (`feature_id`, `product_id`, `variant_id`, `value`, `value_int`, `lang_code`) VALUES ('6', '1066', '7', '', NULL, 'EN');
INSERT INTO cscart_product_features_values (`feature_id`, `product_id`, `variant_id`, `value`, `value_int`, `lang_code`) VALUES ('6', '1066', '8', '', NULL, 'EN');
INSERT INTO cscart_product_features_values (`feature_id`, `product_id`, `variant_id`, `value`, `value_int`, `lang_code`) VALUES ('6', '1066', '9', '', NULL, 'EN');
INSERT INTO cscart_product_features_values (`feature_id`, `product_id`, `variant_id`, `value`, `value_int`, `lang_code`) VALUES ('6', '1067', '7', '', NULL, 'EN');
INSERT INTO cscart_product_features_values (`feature_id`, `product_id`, `variant_id`, `value`, `value_int`, `lang_code`) VALUES ('6', '1067', '8', '', NULL, 'EN');
INSERT INTO cscart_product_features_values (`feature_id`, `product_id`, `variant_id`, `value`, `value_int`, `lang_code`) VALUES ('6', '1067', '9', '', NULL, 'EN');
INSERT INTO cscart_product_features_values (`feature_id`, `product_id`, `variant_id`, `value`, `value_int`, `lang_code`) VALUES ('6', '1061', '7', '', NULL, 'EN');
INSERT INTO cscart_product_features_values (`feature_id`, `product_id`, `variant_id`, `value`, `value_int`, `lang_code`) VALUES ('6', '1061', '8', '', NULL, 'EN');
INSERT INTO cscart_product_features_values (`feature_id`, `product_id`, `variant_id`, `value`, `value_int`, `lang_code`) VALUES ('6', '1061', '9', '', NULL, 'EN');
INSERT INTO cscart_product_features_values (`feature_id`, `product_id`, `variant_id`, `value`, `value_int`, `lang_code`) VALUES ('6', '1060', '7', '', NULL, 'EN');
INSERT INTO cscart_product_features_values (`feature_id`, `product_id`, `variant_id`, `value`, `value_int`, `lang_code`) VALUES ('6', '1062', '7', '', NULL, 'EN');
INSERT INTO cscart_product_features_values (`feature_id`, `product_id`, `variant_id`, `value`, `value_int`, `lang_code`) VALUES ('5', '1557', '10', '', NULL, 'EN');
INSERT INTO cscart_product_features_values (`feature_id`, `product_id`, `variant_id`, `value`, `value_int`, `lang_code`) VALUES ('5', '1556', '10', '', NULL, 'EN');
INSERT INTO cscart_product_features_values (`feature_id`, `product_id`, `variant_id`, `value`, `value_int`, `lang_code`) VALUES ('5', '1560', '10', '', NULL, 'EN');
INSERT INTO cscart_product_features_values (`feature_id`, `product_id`, `variant_id`, `value`, `value_int`, `lang_code`) VALUES ('5', '886', '13', '', NULL, 'EN');
INSERT INTO cscart_product_features_values (`feature_id`, `product_id`, `variant_id`, `value`, `value_int`, `lang_code`) VALUES ('5', '879', '13', '', NULL, 'EN');
INSERT INTO cscart_product_features_values (`feature_id`, `product_id`, `variant_id`, `value`, `value_int`, `lang_code`) VALUES ('5', '869', '13', '', NULL, 'EN');
INSERT INTO cscart_product_features_values (`feature_id`, `product_id`, `variant_id`, `value`, `value_int`, `lang_code`) VALUES ('5', '743', '13', '', NULL, 'EN');
INSERT INTO cscart_product_features_values (`feature_id`, `product_id`, `variant_id`, `value`, `value_int`, `lang_code`) VALUES ('5', '749', '16', '', NULL, 'EN');
INSERT INTO cscart_product_features_values (`feature_id`, `product_id`, `variant_id`, `value`, `value_int`, `lang_code`) VALUES ('5', '1094', '15', '', NULL, 'EN');
INSERT INTO cscart_product_features_values (`feature_id`, `product_id`, `variant_id`, `value`, `value_int`, `lang_code`) VALUES ('5', '1091', '15', '', NULL, 'EN');
INSERT INTO cscart_product_features_values (`feature_id`, `product_id`, `variant_id`, `value`, `value_int`, `lang_code`) VALUES ('5', '1096', '15', '', NULL, 'EN');
INSERT INTO cscart_product_features_values (`feature_id`, `product_id`, `variant_id`, `value`, `value_int`, `lang_code`) VALUES ('5', '885', '17', '', NULL, 'EN');
INSERT INTO cscart_product_features_values (`feature_id`, `product_id`, `variant_id`, `value`, `value_int`, `lang_code`) VALUES ('5', '887', '17', '', NULL, 'EN');
INSERT INTO cscart_product_features_values (`feature_id`, `product_id`, `variant_id`, `value`, `value_int`, `lang_code`) VALUES ('5', '863', '17', '', NULL, 'EN');
INSERT INTO cscart_product_features_values (`feature_id`, `product_id`, `variant_id`, `value`, `value_int`, `lang_code`) VALUES ('5', '867', '18', '', NULL, 'EN');
INSERT INTO cscart_product_features_values (`feature_id`, `product_id`, `variant_id`, `value`, `value_int`, `lang_code`) VALUES ('5', '890', '18', '', NULL, 'EN');
INSERT INTO cscart_product_filter_descriptions (`filter_id`, `lang_code`, `filter`) VALUES ('1', 'EN', 'Price');
INSERT INTO cscart_product_filter_descriptions (`filter_id`, `lang_code`, `filter`) VALUES ('2', 'EN', 'Manufacturer');
INSERT INTO cscart_product_filter_descriptions (`filter_id`, `lang_code`, `filter`) VALUES ('3', 'EN', 'Audio formats');
INSERT INTO cscart_product_filter_ranges (`range_id`, `feature_id`, `filter_id`, `from`, `to`, `position`) VALUES ('1', '0', '1', '0.00', '50.00', '0');
INSERT INTO cscart_product_filter_ranges (`range_id`, `feature_id`, `filter_id`, `from`, `to`, `position`) VALUES ('2', '0', '1', '50.00', '100.00', '10');
INSERT INTO cscart_product_filter_ranges (`range_id`, `feature_id`, `filter_id`, `from`, `to`, `position`) VALUES ('3', '0', '1', '100.00', '150.00', '20');
INSERT INTO cscart_product_filter_ranges_descriptions (`range_id`, `lang_code`, `range_name`) VALUES ('1', 'EN', '%0:price% - %50:price%');
INSERT INTO cscart_product_filter_ranges_descriptions (`range_id`, `lang_code`, `range_name`) VALUES ('2', 'EN', '%50:price% - %100:price%');
INSERT INTO cscart_product_filter_ranges_descriptions (`range_id`, `lang_code`, `range_name`) VALUES ('3', 'EN', '%100:price% - %150:price%');
INSERT INTO cscart_product_filters (`filter_id`, `categories_path`, `feature_id`, `position`, `field_type`, `show_on_home_page`, `status`) VALUES ('1', '', '0', '0', 'P', 'Y', 'A');
INSERT INTO cscart_product_filters (`filter_id`, `categories_path`, `feature_id`, `position`, `field_type`, `show_on_home_page`, `status`) VALUES ('2', '87,139,90,92,89', '5', '0', '', 'Y', 'A');
INSERT INTO cscart_product_filters (`filter_id`, `categories_path`, `feature_id`, `position`, `field_type`, `show_on_home_page`, `status`) VALUES ('3', '', '6', '0', '', 'Y', 'A');
INSERT INTO cscart_product_option_variants (`variant_id`, `option_id`, `position`, `modifier`, `modifier_type`, `weight_modifier`, `weight_modifier_type`, `point_modifier`, `point_modifier_type`, `status`) VALUES ('2117', '490', '10', '0.000', 'A', '0.000', 'A', '0.000', 'A', 'A');
INSERT INTO cscart_product_option_variants (`variant_id`, `option_id`, `position`, `modifier`, `modifier_type`, `weight_modifier`, `weight_modifier_type`, `point_modifier`, `point_modifier_type`, `status`) VALUES ('2096', '485', '10', '0.000', 'A', '0.000', 'A', '0.000', 'A', 'A');
INSERT INTO cscart_product_option_variants (`variant_id`, `option_id`, `position`, `modifier`, `modifier_type`, `weight_modifier`, `weight_modifier_type`, `point_modifier`, `point_modifier_type`, `status`) VALUES ('2091', '484', '10', '0.000', 'A', '0.000', 'A', '0.000', 'A', 'A');
INSERT INTO cscart_product_option_variants (`variant_id`, `option_id`, `position`, `modifier`, `modifier_type`, `weight_modifier`, `weight_modifier_type`, `point_modifier`, `point_modifier_type`, `status`) VALUES ('2065', '477', '10', '0.000', 'A', '0.000', 'A', '0.000', 'A', 'A');
INSERT INTO cscart_product_option_variants (`variant_id`, `option_id`, `position`, `modifier`, `modifier_type`, `weight_modifier`, `weight_modifier_type`, `point_modifier`, `point_modifier_type`, `status`) VALUES ('2049', '472', '10', '0.000', 'A', '0.000', 'A', '0.000', 'A', 'A');
INSERT INTO cscart_product_option_variants (`variant_id`, `option_id`, `position`, `modifier`, `modifier_type`, `weight_modifier`, `weight_modifier_type`, `point_modifier`, `point_modifier_type`, `status`) VALUES ('2052', '473', '10', '0.000', 'A', '0.000', 'A', '0.000', 'A', 'A');
INSERT INTO cscart_product_option_variants (`variant_id`, `option_id`, `position`, `modifier`, `modifier_type`, `weight_modifier`, `weight_modifier_type`, `point_modifier`, `point_modifier_type`, `status`) VALUES ('2086', '483', '10', '0.000', 'A', '0.000', 'A', '0.000', 'A', 'A');
INSERT INTO cscart_product_option_variants (`variant_id`, `option_id`, `position`, `modifier`, `modifier_type`, `weight_modifier`, `weight_modifier_type`, `point_modifier`, `point_modifier_type`, `status`) VALUES ('1961', '445', '10', '0.000', 'A', '0.000', 'A', '0.000', 'A', 'A');
INSERT INTO cscart_product_option_variants (`variant_id`, `option_id`, `position`, `modifier`, `modifier_type`, `weight_modifier`, `weight_modifier_type`, `point_modifier`, `point_modifier_type`, `status`) VALUES ('1959', '444', '10', '0.000', 'A', '0.000', 'A', '0.000', 'A', 'A');
INSERT INTO cscart_product_option_variants (`variant_id`, `option_id`, `position`, `modifier`, `modifier_type`, `weight_modifier`, `weight_modifier_type`, `point_modifier`, `point_modifier_type`, `status`) VALUES ('1954', '443', '10', '5.000', 'A', '0.000', 'A', '0.000', 'A', 'A');
INSERT INTO cscart_product_option_variants (`variant_id`, `option_id`, `position`, `modifier`, `modifier_type`, `weight_modifier`, `weight_modifier_type`, `point_modifier`, `point_modifier_type`, `status`) VALUES ('1943', '440', '10', '0.000', 'A', '0.000', 'A', '0.000', 'A', 'A');
INSERT INTO cscart_product_option_variants (`variant_id`, `option_id`, `position`, `modifier`, `modifier_type`, `weight_modifier`, `weight_modifier_type`, `point_modifier`, `point_modifier_type`, `status`) VALUES ('1864', '422', '10', '0.000', 'A', '0.000', 'A', '0.000', 'A', 'A');
INSERT INTO cscart_product_option_variants (`variant_id`, `option_id`, `position`, `modifier`, `modifier_type`, `weight_modifier`, `weight_modifier_type`, `point_modifier`, `point_modifier_type`, `status`) VALUES ('1878', '425', '10', '0.000', 'A', '0.000', 'A', '0.000', 'A', 'A');
INSERT INTO cscart_product_option_variants (`variant_id`, `option_id`, `position`, `modifier`, `modifier_type`, `weight_modifier`, `weight_modifier_type`, `point_modifier`, `point_modifier_type`, `status`) VALUES ('2122', '491', '10', '0.000', 'A', '0.000', 'A', '0.000', 'A', 'A');
INSERT INTO cscart_product_option_variants (`variant_id`, `option_id`, `position`, `modifier`, `modifier_type`, `weight_modifier`, `weight_modifier_type`, `point_modifier`, `point_modifier_type`, `status`) VALUES ('2151', '499', '10', '0.000', 'A', '0.000', 'A', '0.000', 'A', 'A');
INSERT INTO cscart_product_option_variants (`variant_id`, `option_id`, `position`, `modifier`, `modifier_type`, `weight_modifier`, `weight_modifier_type`, `point_modifier`, `point_modifier_type`, `status`) VALUES ('2156', '500', '10', '0.000', 'A', '0.000', 'A', '0.000', 'A', 'A');
INSERT INTO cscart_product_option_variants (`variant_id`, `option_id`, `position`, `modifier`, `modifier_type`, `weight_modifier`, `weight_modifier_type`, `point_modifier`, `point_modifier_type`, `status`) VALUES ('2178', '506', '10', '0.000', 'A', '0.000', 'A', '0.000', 'A', 'A');
INSERT INTO cscart_product_option_variants (`variant_id`, `option_id`, `position`, `modifier`, `modifier_type`, `weight_modifier`, `weight_modifier_type`, `point_modifier`, `point_modifier_type`, `status`) VALUES ('2183', '507', '10', '0.000', 'A', '0.000', 'A', '0.000', 'A', 'A');
INSERT INTO cscart_product_option_variants (`variant_id`, `option_id`, `position`, `modifier`, `modifier_type`, `weight_modifier`, `weight_modifier_type`, `point_modifier`, `point_modifier_type`, `status`) VALUES ('2196', '511', '10', '0.000', 'A', '0.000', 'A', '0.000', 'A', 'A');
INSERT INTO cscart_product_option_variants (`variant_id`, `option_id`, `position`, `modifier`, `modifier_type`, `weight_modifier`, `weight_modifier_type`, `point_modifier`, `point_modifier_type`, `status`) VALUES ('2209', '515', '10', '0.000', 'A', '0.000', 'A', '0.000', 'A', 'A');
INSERT INTO cscart_product_option_variants (`variant_id`, `option_id`, `position`, `modifier`, `modifier_type`, `weight_modifier`, `weight_modifier_type`, `point_modifier`, `point_modifier_type`, `status`) VALUES ('2213', '516', '10', '0.000', 'A', '0.000', 'A', '0.000', 'A', 'A');
INSERT INTO cscart_product_option_variants (`variant_id`, `option_id`, `position`, `modifier`, `modifier_type`, `weight_modifier`, `weight_modifier_type`, `point_modifier`, `point_modifier_type`, `status`) VALUES ('2485', '591', '10', '0.000', 'A', '0.000', 'A', '0.000', 'A', 'A');
INSERT INTO cscart_product_option_variants (`variant_id`, `option_id`, `position`, `modifier`, `modifier_type`, `weight_modifier`, `weight_modifier_type`, `point_modifier`, `point_modifier_type`, `status`) VALUES ('2480', '590', '10', '0.000', 'A', '0.000', 'A', '0.000', 'A', 'A');
INSERT INTO cscart_product_option_variants (`variant_id`, `option_id`, `position`, `modifier`, `modifier_type`, `weight_modifier`, `weight_modifier_type`, `point_modifier`, `point_modifier_type`, `status`) VALUES ('2497', '594', '10', '0.000', 'A', '0.000', 'A', '0.000', 'A', 'A');
INSERT INTO cscart_product_option_variants (`variant_id`, `option_id`, `position`, `modifier`, `modifier_type`, `weight_modifier`, `weight_modifier_type`, `point_modifier`, `point_modifier_type`, `status`) VALUES ('2523', '601', '10', '0.000', 'A', '0.000', 'A', '0.000', 'A', 'A');
INSERT INTO cscart_product_option_variants (`variant_id`, `option_id`, `position`, `modifier`, `modifier_type`, `weight_modifier`, `weight_modifier_type`, `point_modifier`, `point_modifier_type`, `status`) VALUES ('2518', '600', '10', '0.000', 'A', '0.000', 'A', '0.000', 'A', 'A');
INSERT INTO cscart_product_option_variants (`variant_id`, `option_id`, `position`, `modifier`, `modifier_type`, `weight_modifier`, `weight_modifier_type`, `point_modifier`, `point_modifier_type`, `status`) VALUES ('2819', '679', '10', '0.000', 'A', '0.000', 'A', '0.000', 'A', 'A');
INSERT INTO cscart_product_option_variants (`variant_id`, `option_id`, `position`, `modifier`, `modifier_type`, `weight_modifier`, `weight_modifier_type`, `point_modifier`, `point_modifier_type`, `status`) VALUES ('2824', '680', '10', '0.000', 'A', '0.000', 'A', '0.000', 'A', 'A');
INSERT INTO cscart_product_option_variants (`variant_id`, `option_id`, `position`, `modifier`, `modifier_type`, `weight_modifier`, `weight_modifier_type`, `point_modifier`, `point_modifier_type`, `status`) VALUES ('2836', '683', '10', '0.000', 'A', '0.000', 'A', '0.000', 'A', 'A');
INSERT INTO cscart_product_option_variants (`variant_id`, `option_id`, `position`, `modifier`, `modifier_type`, `weight_modifier`, `weight_modifier_type`, `point_modifier`, `point_modifier_type`, `status`) VALUES ('2839', '684', '10', '0.000', 'A', '0.000', 'A', '0.000', 'A', 'A');
INSERT INTO cscart_product_option_variants (`variant_id`, `option_id`, `position`, `modifier`, `modifier_type`, `weight_modifier`, `weight_modifier_type`, `point_modifier`, `point_modifier_type`, `status`) VALUES ('2841', '685', '10', '0.000', 'A', '0.000', 'A', '0.000', 'A', 'A');
INSERT INTO cscart_product_option_variants (`variant_id`, `option_id`, `position`, `modifier`, `modifier_type`, `weight_modifier`, `weight_modifier_type`, `point_modifier`, `point_modifier_type`, `status`) VALUES ('2846', '686', '10', '0.000', 'A', '0.000', 'A', '0.000', 'A', 'A');
INSERT INTO cscart_product_option_variants (`variant_id`, `option_id`, `position`, `modifier`, `modifier_type`, `weight_modifier`, `weight_modifier_type`, `point_modifier`, `point_modifier_type`, `status`) VALUES ('2857', '689', '10', '0.000', 'A', '0.000', 'A', '0.000', 'A', 'A');
INSERT INTO cscart_product_option_variants (`variant_id`, `option_id`, `position`, `modifier`, `modifier_type`, `weight_modifier`, `weight_modifier_type`, `point_modifier`, `point_modifier_type`, `status`) VALUES ('2862', '690', '10', '0.000', 'A', '0.000', 'A', '0.000', 'A', 'A');
INSERT INTO cscart_product_option_variants (`variant_id`, `option_id`, `position`, `modifier`, `modifier_type`, `weight_modifier`, `weight_modifier_type`, `point_modifier`, `point_modifier_type`, `status`) VALUES ('2869', '692', '10', '0.000', 'A', '0.000', 'A', '0.000', 'A', 'A');
INSERT INTO cscart_product_option_variants (`variant_id`, `option_id`, `position`, `modifier`, `modifier_type`, `weight_modifier`, `weight_modifier_type`, `point_modifier`, `point_modifier_type`, `status`) VALUES ('2874', '693', '10', '0.000', 'A', '0.000', 'A', '0.000', 'A', 'A');
INSERT INTO cscart_product_option_variants (`variant_id`, `option_id`, `position`, `modifier`, `modifier_type`, `weight_modifier`, `weight_modifier_type`, `point_modifier`, `point_modifier_type`, `status`) VALUES ('2894', '698', '10', '0.000', 'A', '0.000', 'A', '0.000', 'A', 'A');
INSERT INTO cscart_product_option_variants (`variant_id`, `option_id`, `position`, `modifier`, `modifier_type`, `weight_modifier`, `weight_modifier_type`, `point_modifier`, `point_modifier_type`, `status`) VALUES ('2917', '703', '10', '0.000', 'A', '0.000', 'A', '0.000', 'A', 'A');
INSERT INTO cscart_product_option_variants (`variant_id`, `option_id`, `position`, `modifier`, `modifier_type`, `weight_modifier`, `weight_modifier_type`, `point_modifier`, `point_modifier_type`, `status`) VALUES ('2974', '718', '10', '0.000', 'A', '0.000', 'A', '0.000', 'A', 'A');
INSERT INTO cscart_product_option_variants (`variant_id`, `option_id`, `position`, `modifier`, `modifier_type`, `weight_modifier`, `weight_modifier_type`, `point_modifier`, `point_modifier_type`, `status`) VALUES ('2977', '719', '10', '0.000', 'A', '0.000', 'A', '0.000', 'A', 'A');
INSERT INTO cscart_product_option_variants (`variant_id`, `option_id`, `position`, `modifier`, `modifier_type`, `weight_modifier`, `weight_modifier_type`, `point_modifier`, `point_modifier_type`, `status`) VALUES ('2982', '720', '10', '0.000', 'A', '0.000', 'A', '0.000', 'A', 'A');
INSERT INTO cscart_product_option_variants (`variant_id`, `option_id`, `position`, `modifier`, `modifier_type`, `weight_modifier`, `weight_modifier_type`, `point_modifier`, `point_modifier_type`, `status`) VALUES ('2986', '721', '10', '0.000', 'A', '0.000', 'A', '0.000', 'A', 'A');
INSERT INTO cscart_product_option_variants (`variant_id`, `option_id`, `position`, `modifier`, `modifier_type`, `weight_modifier`, `weight_modifier_type`, `point_modifier`, `point_modifier_type`, `status`) VALUES ('3001', '724', '10', '0.000', 'A', '0.000', 'A', '0.000', 'A', 'A');
INSERT INTO cscart_product_option_variants (`variant_id`, `option_id`, `position`, `modifier`, `modifier_type`, `weight_modifier`, `weight_modifier_type`, `point_modifier`, `point_modifier_type`, `status`) VALUES ('3005', '725', '10', '0.000', 'A', '0.000', 'A', '0.000', 'A', 'A');
INSERT INTO cscart_product_option_variants (`variant_id`, `option_id`, `position`, `modifier`, `modifier_type`, `weight_modifier`, `weight_modifier_type`, `point_modifier`, `point_modifier_type`, `status`) VALUES ('3008', '726', '10', '0.000', 'A', '0.000', 'A', '0.000', 'A', 'A');
INSERT INTO cscart_product_option_variants (`variant_id`, `option_id`, `position`, `modifier`, `modifier_type`, `weight_modifier`, `weight_modifier_type`, `point_modifier`, `point_modifier_type`, `status`) VALUES ('3012', '727', '10', '0.000', 'A', '0.000', 'A', '0.000', 'A', 'A');
INSERT INTO cscart_product_option_variants (`variant_id`, `option_id`, `position`, `modifier`, `modifier_type`, `weight_modifier`, `weight_modifier_type`, `point_modifier`, `point_modifier_type`, `status`) VALUES ('3017', '728', '10', '0.000', 'A', '0.000', 'A', '0.000', 'A', 'A');
INSERT INTO cscart_product_option_variants (`variant_id`, `option_id`, `position`, `modifier`, `modifier_type`, `weight_modifier`, `weight_modifier_type`, `point_modifier`, `point_modifier_type`, `status`) VALUES ('3021', '729', '10', '0.000', 'A', '0.000', 'A', '0.000', 'A', 'A');
INSERT INTO cscart_product_option_variants (`variant_id`, `option_id`, `position`, `modifier`, `modifier_type`, `weight_modifier`, `weight_modifier_type`, `point_modifier`, `point_modifier_type`, `status`) VALUES ('3034', '733', '10', '0.000', 'A', '0.000', 'A', '0.000', 'A', 'A');
INSERT INTO cscart_product_option_variants (`variant_id`, `option_id`, `position`, `modifier`, `modifier_type`, `weight_modifier`, `weight_modifier_type`, `point_modifier`, `point_modifier_type`, `status`) VALUES ('3039', '734', '10', '0.000', 'A', '0.000', 'A', '0.000', 'A', 'A');
INSERT INTO cscart_product_option_variants (`variant_id`, `option_id`, `position`, `modifier`, `modifier_type`, `weight_modifier`, `weight_modifier_type`, `point_modifier`, `point_modifier_type`, `status`) VALUES ('3045', '735', '10', '0.000', 'A', '0.000', 'A', '0.000', 'A', 'A');
INSERT INTO cscart_product_option_variants (`variant_id`, `option_id`, `position`, `modifier`, `modifier_type`, `weight_modifier`, `weight_modifier_type`, `point_modifier`, `point_modifier_type`, `status`) VALUES ('2087', '483', '20', '0.000', 'A', '0.000', 'A', '0.000', 'A', 'A');
INSERT INTO cscart_product_option_variants (`variant_id`, `option_id`, `position`, `modifier`, `modifier_type`, `weight_modifier`, `weight_modifier_type`, `point_modifier`, `point_modifier_type`, `status`) VALUES ('2066', '477', '20', '0.000', 'A', '0.000', 'A', '0.000', 'A', 'A');
INSERT INTO cscart_product_option_variants (`variant_id`, `option_id`, `position`, `modifier`, `modifier_type`, `weight_modifier`, `weight_modifier_type`, `point_modifier`, `point_modifier_type`, `status`) VALUES ('2050', '472', '20', '0.000', 'A', '0.000', 'A', '0.000', 'A', 'A');
INSERT INTO cscart_product_option_variants (`variant_id`, `option_id`, `position`, `modifier`, `modifier_type`, `weight_modifier`, `weight_modifier_type`, `point_modifier`, `point_modifier_type`, `status`) VALUES ('1955', '443', '20', '0.000', 'A', '0.000', 'A', '0.000', 'A', 'A');
INSERT INTO cscart_product_option_variants (`variant_id`, `option_id`, `position`, `modifier`, `modifier_type`, `weight_modifier`, `weight_modifier_type`, `point_modifier`, `point_modifier_type`, `status`) VALUES ('1944', '440', '20', '0.000', 'A', '0.000', 'A', '0.000', 'A', 'A');
INSERT INTO cscart_product_option_variants (`variant_id`, `option_id`, `position`, `modifier`, `modifier_type`, `weight_modifier`, `weight_modifier_type`, `point_modifier`, `point_modifier_type`, `status`) VALUES ('1865', '422', '20', '0.000', 'A', '0.000', 'A', '0.000', 'A', 'A');
INSERT INTO cscart_product_option_variants (`variant_id`, `option_id`, `position`, `modifier`, `modifier_type`, `weight_modifier`, `weight_modifier_type`, `point_modifier`, `point_modifier_type`, `status`) VALUES ('1879', '425', '20', '0.000', 'A', '0.000', 'A', '0.000', 'A', 'A');
INSERT INTO cscart_product_option_variants (`variant_id`, `option_id`, `position`, `modifier`, `modifier_type`, `weight_modifier`, `weight_modifier_type`, `point_modifier`, `point_modifier_type`, `status`) VALUES ('2118', '490', '20', '0.000', 'A', '0.000', 'A', '0.000', 'A', 'A');
INSERT INTO cscart_product_option_variants (`variant_id`, `option_id`, `position`, `modifier`, `modifier_type`, `weight_modifier`, `weight_modifier_type`, `point_modifier`, `point_modifier_type`, `status`) VALUES ('2152', '499', '20', '0.000', 'A', '0.000', 'A', '0.000', 'A', 'A');
INSERT INTO cscart_product_option_variants (`variant_id`, `option_id`, `position`, `modifier`, `modifier_type`, `weight_modifier`, `weight_modifier_type`, `point_modifier`, `point_modifier_type`, `status`) VALUES ('2179', '506', '20', '0.000', 'A', '0.000', 'A', '0.000', 'A', 'A');
INSERT INTO cscart_product_option_variants (`variant_id`, `option_id`, `position`, `modifier`, `modifier_type`, `weight_modifier`, `weight_modifier_type`, `point_modifier`, `point_modifier_type`, `status`) VALUES ('2197', '511', '20', '0.000', 'A', '0.000', 'A', '0.000', 'A', 'A');
INSERT INTO cscart_product_option_variants (`variant_id`, `option_id`, `position`, `modifier`, `modifier_type`, `weight_modifier`, `weight_modifier_type`, `point_modifier`, `point_modifier_type`, `status`) VALUES ('2210', '515', '20', '0.000', 'A', '0.000', 'A', '0.000', 'A', 'A');
INSERT INTO cscart_product_option_variants (`variant_id`, `option_id`, `position`, `modifier`, `modifier_type`, `weight_modifier`, `weight_modifier_type`, `point_modifier`, `point_modifier_type`, `status`) VALUES ('2214', '516', '20', '0.000', 'A', '0.000', 'A', '0.000', 'A', 'A');
INSERT INTO cscart_product_option_variants (`variant_id`, `option_id`, `position`, `modifier`, `modifier_type`, `weight_modifier`, `weight_modifier_type`, `point_modifier`, `point_modifier_type`, `status`) VALUES ('2481', '590', '20', '0.000', 'A', '0.000', 'A', '0.000', 'A', 'A');
INSERT INTO cscart_product_option_variants (`variant_id`, `option_id`, `position`, `modifier`, `modifier_type`, `weight_modifier`, `weight_modifier_type`, `point_modifier`, `point_modifier_type`, `status`) VALUES ('2486', '591', '20', '0.000', 'A', '0.000', 'A', '0.000', 'A', 'A');
INSERT INTO cscart_product_option_variants (`variant_id`, `option_id`, `position`, `modifier`, `modifier_type`, `weight_modifier`, `weight_modifier_type`, `point_modifier`, `point_modifier_type`, `status`) VALUES ('2498', '594', '20', '0.000', 'A', '0.000', 'A', '0.000', 'A', 'A');
INSERT INTO cscart_product_option_variants (`variant_id`, `option_id`, `position`, `modifier`, `modifier_type`, `weight_modifier`, `weight_modifier_type`, `point_modifier`, `point_modifier_type`, `status`) VALUES ('2519', '600', '20', '0.000', 'A', '0.000', 'A', '0.000', 'A', 'A');
INSERT INTO cscart_product_option_variants (`variant_id`, `option_id`, `position`, `modifier`, `modifier_type`, `weight_modifier`, `weight_modifier_type`, `point_modifier`, `point_modifier_type`, `status`) VALUES ('2820', '679', '20', '0.000', 'A', '0.000', 'A', '0.000', 'A', 'A');
INSERT INTO cscart_product_option_variants (`variant_id`, `option_id`, `position`, `modifier`, `modifier_type`, `weight_modifier`, `weight_modifier_type`, `point_modifier`, `point_modifier_type`, `status`) VALUES ('2837', '683', '20', '0.000', 'A', '0.000', 'A', '0.000', 'A', 'A');
INSERT INTO cscart_product_option_variants (`variant_id`, `option_id`, `position`, `modifier`, `modifier_type`, `weight_modifier`, `weight_modifier_type`, `point_modifier`, `point_modifier_type`, `status`) VALUES ('2842', '685', '20', '0.000', 'A', '0.000', 'A', '0.000', 'A', 'A');
INSERT INTO cscart_product_option_variants (`variant_id`, `option_id`, `position`, `modifier`, `modifier_type`, `weight_modifier`, `weight_modifier_type`, `point_modifier`, `point_modifier_type`, `status`) VALUES ('2858', '689', '20', '0.000', 'A', '0.000', 'A', '0.000', 'A', 'A');
INSERT INTO cscart_product_option_variants (`variant_id`, `option_id`, `position`, `modifier`, `modifier_type`, `weight_modifier`, `weight_modifier_type`, `point_modifier`, `point_modifier_type`, `status`) VALUES ('2870', '692', '20', '0.000', 'A', '0.000', 'A', '0.000', 'A', 'A');
INSERT INTO cscart_product_option_variants (`variant_id`, `option_id`, `position`, `modifier`, `modifier_type`, `weight_modifier`, `weight_modifier_type`, `point_modifier`, `point_modifier_type`, `status`) VALUES ('2895', '698', '20', '0.000', 'A', '0.000', 'A', '0.000', 'A', 'A');
INSERT INTO cscart_product_option_variants (`variant_id`, `option_id`, `position`, `modifier`, `modifier_type`, `weight_modifier`, `weight_modifier_type`, `point_modifier`, `point_modifier_type`, `status`) VALUES ('2918', '703', '20', '0.000', 'A', '0.000', 'A', '0.000', 'A', 'A');
INSERT INTO cscart_product_option_variants (`variant_id`, `option_id`, `position`, `modifier`, `modifier_type`, `weight_modifier`, `weight_modifier_type`, `point_modifier`, `point_modifier_type`, `status`) VALUES ('2975', '718', '20', '0.000', 'A', '0.000', 'A', '0.000', 'A', 'A');
INSERT INTO cscart_product_option_variants (`variant_id`, `option_id`, `position`, `modifier`, `modifier_type`, `weight_modifier`, `weight_modifier_type`, `point_modifier`, `point_modifier_type`, `status`) VALUES ('2978', '719', '20', '0.000', 'A', '0.000', 'A', '0.000', 'A', 'A');
INSERT INTO cscart_product_option_variants (`variant_id`, `option_id`, `position`, `modifier`, `modifier_type`, `weight_modifier`, `weight_modifier_type`, `point_modifier`, `point_modifier_type`, `status`) VALUES ('2983', '720', '20', '0.000', 'A', '0.000', 'A', '0.000', 'A', 'A');
INSERT INTO cscart_product_option_variants (`variant_id`, `option_id`, `position`, `modifier`, `modifier_type`, `weight_modifier`, `weight_modifier_type`, `point_modifier`, `point_modifier_type`, `status`) VALUES ('3006', '725', '20', '0.000', 'A', '0.000', 'A', '0.000', 'A', 'A');
INSERT INTO cscart_product_option_variants (`variant_id`, `option_id`, `position`, `modifier`, `modifier_type`, `weight_modifier`, `weight_modifier_type`, `point_modifier`, `point_modifier_type`, `status`) VALUES ('3013', '727', '20', '0.000', 'A', '0.000', 'A', '0.000', 'A', 'A');
INSERT INTO cscart_product_option_variants (`variant_id`, `option_id`, `position`, `modifier`, `modifier_type`, `weight_modifier`, `weight_modifier_type`, `point_modifier`, `point_modifier_type`, `status`) VALUES ('3022', '729', '20', '0.000', 'A', '0.000', 'A', '0.000', 'A', 'A');
INSERT INTO cscart_product_option_variants (`variant_id`, `option_id`, `position`, `modifier`, `modifier_type`, `weight_modifier`, `weight_modifier_type`, `point_modifier`, `point_modifier_type`, `status`) VALUES ('3035', '733', '20', '0.000', 'A', '0.000', 'A', '0.000', 'A', 'A');
INSERT INTO cscart_product_option_variants (`variant_id`, `option_id`, `position`, `modifier`, `modifier_type`, `weight_modifier`, `weight_modifier_type`, `point_modifier`, `point_modifier_type`, `status`) VALUES ('3044', '734', '20', '0.000', 'A', '0.000', 'A', '0.000', 'A', 'A');
INSERT INTO cscart_product_option_variants (`variant_id`, `option_id`, `position`, `modifier`, `modifier_type`, `weight_modifier`, `weight_modifier_type`, `point_modifier`, `point_modifier_type`, `status`) VALUES ('3049', '735', '20', '0.000', 'A', '0.000', 'A', '0.000', 'A', 'A');
INSERT INTO cscart_product_option_variants (`variant_id`, `option_id`, `position`, `modifier`, `modifier_type`, `weight_modifier`, `weight_modifier_type`, `point_modifier`, `point_modifier_type`, `status`) VALUES ('2088', '483', '30', '0.000', 'A', '0.000', 'A', '0.000', 'A', 'A');
INSERT INTO cscart_product_option_variants (`variant_id`, `option_id`, `position`, `modifier`, `modifier_type`, `weight_modifier`, `weight_modifier_type`, `point_modifier`, `point_modifier_type`, `status`) VALUES ('2067', '477', '30', '0.000', 'A', '0.000', 'A', '0.000', 'A', 'A');
INSERT INTO cscart_product_option_variants (`variant_id`, `option_id`, `position`, `modifier`, `modifier_type`, `weight_modifier`, `weight_modifier_type`, `point_modifier`, `point_modifier_type`, `status`) VALUES ('2053', '473', '30', '0.000', 'A', '0.000', 'A', '0.000', 'A', 'A');
INSERT INTO cscart_product_option_variants (`variant_id`, `option_id`, `position`, `modifier`, `modifier_type`, `weight_modifier`, `weight_modifier_type`, `point_modifier`, `point_modifier_type`, `status`) VALUES ('1962', '445', '30', '0.000', 'A', '0.000', 'A', '0.000', 'A', 'A');
INSERT INTO cscart_product_option_variants (`variant_id`, `option_id`, `position`, `modifier`, `modifier_type`, `weight_modifier`, `weight_modifier_type`, `point_modifier`, `point_modifier_type`, `status`) VALUES ('1945', '440', '30', '0.000', 'A', '0.000', 'A', '0.000', 'A', 'A');
INSERT INTO cscart_product_option_variants (`variant_id`, `option_id`, `position`, `modifier`, `modifier_type`, `weight_modifier`, `weight_modifier_type`, `point_modifier`, `point_modifier_type`, `status`) VALUES ('1866', '422', '30', '0.000', 'A', '0.000', 'A', '0.000', 'A', 'A');
INSERT INTO cscart_product_option_variants (`variant_id`, `option_id`, `position`, `modifier`, `modifier_type`, `weight_modifier`, `weight_modifier_type`, `point_modifier`, `point_modifier_type`, `status`) VALUES ('1880', '425', '30', '0.000', 'A', '0.000', 'A', '0.000', 'A', 'A');
INSERT INTO cscart_product_option_variants (`variant_id`, `option_id`, `position`, `modifier`, `modifier_type`, `weight_modifier`, `weight_modifier_type`, `point_modifier`, `point_modifier_type`, `status`) VALUES ('2119', '490', '30', '0.000', 'A', '0.000', 'A', '0.000', 'A', 'A');
INSERT INTO cscart_product_option_variants (`variant_id`, `option_id`, `position`, `modifier`, `modifier_type`, `weight_modifier`, `weight_modifier_type`, `point_modifier`, `point_modifier_type`, `status`) VALUES ('2123', '491', '30', '0.000', 'A', '0.000', 'A', '0.000', 'A', 'A');
INSERT INTO cscart_product_option_variants (`variant_id`, `option_id`, `position`, `modifier`, `modifier_type`, `weight_modifier`, `weight_modifier_type`, `point_modifier`, `point_modifier_type`, `status`) VALUES ('2153', '499', '30', '0.000', 'A', '0.000', 'A', '0.000', 'A', 'A');
INSERT INTO cscart_product_option_variants (`variant_id`, `option_id`, `position`, `modifier`, `modifier_type`, `weight_modifier`, `weight_modifier_type`, `point_modifier`, `point_modifier_type`, `status`) VALUES ('2180', '506', '30', '0.000', 'A', '0.000', 'A', '0.000', 'A', 'A');
INSERT INTO cscart_product_option_variants (`variant_id`, `option_id`, `position`, `modifier`, `modifier_type`, `weight_modifier`, `weight_modifier_type`, `point_modifier`, `point_modifier_type`, `status`) VALUES ('2198', '511', '30', '0.000', 'A', '0.000', 'A', '0.000', 'A', 'A');
INSERT INTO cscart_product_option_variants (`variant_id`, `option_id`, `position`, `modifier`, `modifier_type`, `weight_modifier`, `weight_modifier_type`, `point_modifier`, `point_modifier_type`, `status`) VALUES ('2211', '515', '30', '0.000', 'A', '0.000', 'A', '0.000', 'A', 'A');
INSERT INTO cscart_product_option_variants (`variant_id`, `option_id`, `position`, `modifier`, `modifier_type`, `weight_modifier`, `weight_modifier_type`, `point_modifier`, `point_modifier_type`, `status`) VALUES ('2482', '590', '30', '0.000', 'A', '0.000', 'A', '0.000', 'A', 'A');
INSERT INTO cscart_product_option_variants (`variant_id`, `option_id`, `position`, `modifier`, `modifier_type`, `weight_modifier`, `weight_modifier_type`, `point_modifier`, `point_modifier_type`, `status`) VALUES ('2499', '594', '30', '0.000', 'A', '0.000', 'A', '0.000', 'A', 'A');
INSERT INTO cscart_product_option_variants (`variant_id`, `option_id`, `position`, `modifier`, `modifier_type`, `weight_modifier`, `weight_modifier_type`, `point_modifier`, `point_modifier_type`, `status`) VALUES ('2520', '600', '30', '0.000', 'A', '0.000', 'A', '0.000', 'A', 'A');
INSERT INTO cscart_product_option_variants (`variant_id`, `option_id`, `position`, `modifier`, `modifier_type`, `weight_modifier`, `weight_modifier_type`, `point_modifier`, `point_modifier_type`, `status`) VALUES ('2821', '679', '30', '0.000', 'A', '0.000', 'A', '0.000', 'A', 'A');
INSERT INTO cscart_product_option_variants (`variant_id`, `option_id`, `position`, `modifier`, `modifier_type`, `weight_modifier`, `weight_modifier_type`, `point_modifier`, `point_modifier_type`, `status`) VALUES ('2838', '683', '30', '0.000', 'A', '0.000', 'A', '0.000', 'A', 'A');
INSERT INTO cscart_product_option_variants (`variant_id`, `option_id`, `position`, `modifier`, `modifier_type`, `weight_modifier`, `weight_modifier_type`, `point_modifier`, `point_modifier_type`, `status`) VALUES ('2843', '685', '30', '0.000', 'A', '0.000', 'A', '0.000', 'A', 'A');
INSERT INTO cscart_product_option_variants (`variant_id`, `option_id`, `position`, `modifier`, `modifier_type`, `weight_modifier`, `weight_modifier_type`, `point_modifier`, `point_modifier_type`, `status`) VALUES ('2859', '689', '30', '0.000', 'A', '0.000', 'A', '0.000', 'A', 'A');
INSERT INTO cscart_product_option_variants (`variant_id`, `option_id`, `position`, `modifier`, `modifier_type`, `weight_modifier`, `weight_modifier_type`, `point_modifier`, `point_modifier_type`, `status`) VALUES ('2871', '692', '30', '0.000', 'A', '0.000', 'A', '0.000', 'A', 'A');
INSERT INTO cscart_product_option_variants (`variant_id`, `option_id`, `position`, `modifier`, `modifier_type`, `weight_modifier`, `weight_modifier_type`, `point_modifier`, `point_modifier_type`, `status`) VALUES ('2896', '698', '30', '0.000', 'A', '0.000', 'A', '0.000', 'A', 'A');
INSERT INTO cscart_product_option_variants (`variant_id`, `option_id`, `position`, `modifier`, `modifier_type`, `weight_modifier`, `weight_modifier_type`, `point_modifier`, `point_modifier_type`, `status`) VALUES ('2919', '703', '30', '0.000', 'A', '0.000', 'A', '0.000', 'A', 'A');
INSERT INTO cscart_product_option_variants (`variant_id`, `option_id`, `position`, `modifier`, `modifier_type`, `weight_modifier`, `weight_modifier_type`, `point_modifier`, `point_modifier_type`, `status`) VALUES ('2979', '719', '30', '0.000', 'A', '0.000', 'A', '0.000', 'A', 'A');
INSERT INTO cscart_product_option_variants (`variant_id`, `option_id`, `position`, `modifier`, `modifier_type`, `weight_modifier`, `weight_modifier_type`, `point_modifier`, `point_modifier_type`, `status`) VALUES ('2984', '720', '30', '0.000', 'A', '0.000', 'A', '0.000', 'A', 'A');
INSERT INTO cscart_product_option_variants (`variant_id`, `option_id`, `position`, `modifier`, `modifier_type`, `weight_modifier`, `weight_modifier_type`, `point_modifier`, `point_modifier_type`, `status`) VALUES ('3002', '724', '30', '0.000', 'A', '0.000', 'A', '0.000', 'A', 'A');
INSERT INTO cscart_product_option_variants (`variant_id`, `option_id`, `position`, `modifier`, `modifier_type`, `weight_modifier`, `weight_modifier_type`, `point_modifier`, `point_modifier_type`, `status`) VALUES ('3009', '726', '30', '0.000', 'A', '0.000', 'A', '0.000', 'A', 'A');
INSERT INTO cscart_product_option_variants (`variant_id`, `option_id`, `position`, `modifier`, `modifier_type`, `weight_modifier`, `weight_modifier_type`, `point_modifier`, `point_modifier_type`, `status`) VALUES ('3023', '729', '30', '0.000', 'A', '0.000', 'A', '0.000', 'A', 'A');
INSERT INTO cscart_product_option_variants (`variant_id`, `option_id`, `position`, `modifier`, `modifier_type`, `weight_modifier`, `weight_modifier_type`, `point_modifier`, `point_modifier_type`, `status`) VALUES ('3036', '733', '30', '0.000', 'A', '0.000', 'A', '0.000', 'A', 'A');
INSERT INTO cscart_product_option_variants (`variant_id`, `option_id`, `position`, `modifier`, `modifier_type`, `weight_modifier`, `weight_modifier_type`, `point_modifier`, `point_modifier_type`, `status`) VALUES ('3043', '734', '30', '0.000', 'A', '0.000', 'A', '0.000', 'A', 'A');
INSERT INTO cscart_product_option_variants (`variant_id`, `option_id`, `position`, `modifier`, `modifier_type`, `weight_modifier`, `weight_modifier_type`, `point_modifier`, `point_modifier_type`, `status`) VALUES ('3048', '735', '30', '0.000', 'A', '0.000', 'A', '0.000', 'A', 'A');
INSERT INTO cscart_product_option_variants (`variant_id`, `option_id`, `position`, `modifier`, `modifier_type`, `weight_modifier`, `weight_modifier_type`, `point_modifier`, `point_modifier_type`, `status`) VALUES ('2097', '485', '40', '0.000', 'A', '0.000', 'A', '0.000', 'A', 'A');
INSERT INTO cscart_product_option_variants (`variant_id`, `option_id`, `position`, `modifier`, `modifier_type`, `weight_modifier`, `weight_modifier_type`, `point_modifier`, `point_modifier_type`, `status`) VALUES ('2089', '483', '40', '0.000', 'A', '0.000', 'A', '0.000', 'A', 'A');
INSERT INTO cscart_product_option_variants (`variant_id`, `option_id`, `position`, `modifier`, `modifier_type`, `weight_modifier`, `weight_modifier_type`, `point_modifier`, `point_modifier_type`, `status`) VALUES ('2054', '473', '40', '0.000', 'A', '0.000', 'A', '0.000', 'A', 'A');
INSERT INTO cscart_product_option_variants (`variant_id`, `option_id`, `position`, `modifier`, `modifier_type`, `weight_modifier`, `weight_modifier_type`, `point_modifier`, `point_modifier_type`, `status`) VALUES ('1956', '443', '40', '0.000', 'A', '0.000', 'A', '0.000', 'A', 'A');
INSERT INTO cscart_product_option_variants (`variant_id`, `option_id`, `position`, `modifier`, `modifier_type`, `weight_modifier`, `weight_modifier_type`, `point_modifier`, `point_modifier_type`, `status`) VALUES ('1946', '440', '40', '0.000', 'A', '0.000', 'A', '0.000', 'A', 'A');
INSERT INTO cscart_product_option_variants (`variant_id`, `option_id`, `position`, `modifier`, `modifier_type`, `weight_modifier`, `weight_modifier_type`, `point_modifier`, `point_modifier_type`, `status`) VALUES ('1867', '422', '40', '0.000', 'A', '0.000', 'A', '0.000', 'A', 'A');
INSERT INTO cscart_product_option_variants (`variant_id`, `option_id`, `position`, `modifier`, `modifier_type`, `weight_modifier`, `weight_modifier_type`, `point_modifier`, `point_modifier_type`, `status`) VALUES ('1881', '425', '40', '0.000', 'A', '0.000', 'A', '0.000', 'A', 'A');
INSERT INTO cscart_product_option_variants (`variant_id`, `option_id`, `position`, `modifier`, `modifier_type`, `weight_modifier`, `weight_modifier_type`, `point_modifier`, `point_modifier_type`, `status`) VALUES ('2154', '499', '40', '0.000', 'A', '0.000', 'A', '0.000', 'A', 'A');
INSERT INTO cscart_product_option_variants (`variant_id`, `option_id`, `position`, `modifier`, `modifier_type`, `weight_modifier`, `weight_modifier_type`, `point_modifier`, `point_modifier_type`, `status`) VALUES ('2181', '506', '40', '0.000', 'A', '0.000', 'A', '0.000', 'A', 'A');
INSERT INTO cscart_product_option_variants (`variant_id`, `option_id`, `position`, `modifier`, `modifier_type`, `weight_modifier`, `weight_modifier_type`, `point_modifier`, `point_modifier_type`, `status`) VALUES ('2184', '507', '40', '0.000', 'A', '0.000', 'A', '0.000', 'A', 'A');
INSERT INTO cscart_product_option_variants (`variant_id`, `option_id`, `position`, `modifier`, `modifier_type`, `weight_modifier`, `weight_modifier_type`, `point_modifier`, `point_modifier_type`, `status`) VALUES ('2199', '511', '40', '0.000', 'A', '0.000', 'A', '0.000', 'A', 'A');
INSERT INTO cscart_product_option_variants (`variant_id`, `option_id`, `position`, `modifier`, `modifier_type`, `weight_modifier`, `weight_modifier_type`, `point_modifier`, `point_modifier_type`, `status`) VALUES ('2212', '515', '40', '0.000', 'A', '0.000', 'A', '0.000', 'A', 'A');
INSERT INTO cscart_product_option_variants (`variant_id`, `option_id`, `position`, `modifier`, `modifier_type`, `weight_modifier`, `weight_modifier_type`, `point_modifier`, `point_modifier_type`, `status`) VALUES ('2483', '590', '40', '0.000', 'A', '0.000', 'A', '0.000', 'A', 'A');
INSERT INTO cscart_product_option_variants (`variant_id`, `option_id`, `position`, `modifier`, `modifier_type`, `weight_modifier`, `weight_modifier_type`, `point_modifier`, `point_modifier_type`, `status`) VALUES ('2521', '600', '40', '0.000', 'A', '0.000', 'A', '0.000', 'A', 'A');
INSERT INTO cscart_product_option_variants (`variant_id`, `option_id`, `position`, `modifier`, `modifier_type`, `weight_modifier`, `weight_modifier_type`, `point_modifier`, `point_modifier_type`, `status`) VALUES ('2822', '679', '40', '0.000', 'A', '0.000', 'A', '0.000', 'A', 'A');
INSERT INTO cscart_product_option_variants (`variant_id`, `option_id`, `position`, `modifier`, `modifier_type`, `weight_modifier`, `weight_modifier_type`, `point_modifier`, `point_modifier_type`, `status`) VALUES ('2840', '684', '40', '0.000', 'A', '0.000', 'A', '0.000', 'A', 'A');
INSERT INTO cscart_product_option_variants (`variant_id`, `option_id`, `position`, `modifier`, `modifier_type`, `weight_modifier`, `weight_modifier_type`, `point_modifier`, `point_modifier_type`, `status`) VALUES ('2844', '685', '40', '0.000', 'A', '0.000', 'A', '0.000', 'A', 'A');
INSERT INTO cscart_product_option_variants (`variant_id`, `option_id`, `position`, `modifier`, `modifier_type`, `weight_modifier`, `weight_modifier_type`, `point_modifier`, `point_modifier_type`, `status`) VALUES ('2860', '689', '40', '0.000', 'A', '0.000', 'A', '0.000', 'A', 'A');
INSERT INTO cscart_product_option_variants (`variant_id`, `option_id`, `position`, `modifier`, `modifier_type`, `weight_modifier`, `weight_modifier_type`, `point_modifier`, `point_modifier_type`, `status`) VALUES ('2872', '692', '40', '0.000', 'A', '0.000', 'A', '0.000', 'A', 'A');
INSERT INTO cscart_product_option_variants (`variant_id`, `option_id`, `position`, `modifier`, `modifier_type`, `weight_modifier`, `weight_modifier_type`, `point_modifier`, `point_modifier_type`, `status`) VALUES ('2897', '698', '40', '0.000', 'A', '0.000', 'A', '0.000', 'A', 'A');
INSERT INTO cscart_product_option_variants (`variant_id`, `option_id`, `position`, `modifier`, `modifier_type`, `weight_modifier`, `weight_modifier_type`, `point_modifier`, `point_modifier_type`, `status`) VALUES ('2976', '718', '40', '0.000', 'A', '0.000', 'A', '0.000', 'A', 'A');
INSERT INTO cscart_product_option_variants (`variant_id`, `option_id`, `position`, `modifier`, `modifier_type`, `weight_modifier`, `weight_modifier_type`, `point_modifier`, `point_modifier_type`, `status`) VALUES ('2985', '720', '40', '0.000', 'A', '0.000', 'A', '0.000', 'A', 'A');
INSERT INTO cscart_product_option_variants (`variant_id`, `option_id`, `position`, `modifier`, `modifier_type`, `weight_modifier`, `weight_modifier_type`, `point_modifier`, `point_modifier_type`, `status`) VALUES ('2987', '721', '40', '0.000', 'A', '0.000', 'A', '0.000', 'A', 'A');
INSERT INTO cscart_product_option_variants (`variant_id`, `option_id`, `position`, `modifier`, `modifier_type`, `weight_modifier`, `weight_modifier_type`, `point_modifier`, `point_modifier_type`, `status`) VALUES ('3007', '725', '40', '0.000', 'A', '0.000', 'A', '0.000', 'A', 'A');
INSERT INTO cscart_product_option_variants (`variant_id`, `option_id`, `position`, `modifier`, `modifier_type`, `weight_modifier`, `weight_modifier_type`, `point_modifier`, `point_modifier_type`, `status`) VALUES ('3014', '727', '40', '0.000', 'A', '0.000', 'A', '0.000', 'A', 'A');
INSERT INTO cscart_product_option_variants (`variant_id`, `option_id`, `position`, `modifier`, `modifier_type`, `weight_modifier`, `weight_modifier_type`, `point_modifier`, `point_modifier_type`, `status`) VALUES ('3018', '728', '40', '0.000', 'A', '0.000', 'A', '0.000', 'A', 'A');
INSERT INTO cscart_product_option_variants (`variant_id`, `option_id`, `position`, `modifier`, `modifier_type`, `weight_modifier`, `weight_modifier_type`, `point_modifier`, `point_modifier_type`, `status`) VALUES ('3037', '733', '40', '0.000', 'A', '0.000', 'A', '0.000', 'A', 'A');
INSERT INTO cscart_product_option_variants (`variant_id`, `option_id`, `position`, `modifier`, `modifier_type`, `weight_modifier`, `weight_modifier_type`, `point_modifier`, `point_modifier_type`, `status`) VALUES ('3042', '734', '40', '0.000', 'A', '0.000', 'A', '0.000', 'A', 'A');
INSERT INTO cscart_product_option_variants (`variant_id`, `option_id`, `position`, `modifier`, `modifier_type`, `weight_modifier`, `weight_modifier_type`, `point_modifier`, `point_modifier_type`, `status`) VALUES ('3047', '735', '40', '0.000', 'A', '0.000', 'A', '0.000', 'A', 'A');
INSERT INTO cscart_product_option_variants (`variant_id`, `option_id`, `position`, `modifier`, `modifier_type`, `weight_modifier`, `weight_modifier_type`, `point_modifier`, `point_modifier_type`, `status`) VALUES ('2090', '483', '50', '0.000', 'A', '0.000', 'A', '0.000', 'A', 'A');
INSERT INTO cscart_product_option_variants (`variant_id`, `option_id`, `position`, `modifier`, `modifier_type`, `weight_modifier`, `weight_modifier_type`, `point_modifier`, `point_modifier_type`, `status`) VALUES ('2051', '472', '50', '0.000', 'A', '0.000', 'A', '0.000', 'A', 'A');
INSERT INTO cscart_product_option_variants (`variant_id`, `option_id`, `position`, `modifier`, `modifier_type`, `weight_modifier`, `weight_modifier_type`, `point_modifier`, `point_modifier_type`, `status`) VALUES ('1957', '443', '50', '0.000', 'A', '0.000', 'A', '0.000', 'A', 'A');
INSERT INTO cscart_product_option_variants (`variant_id`, `option_id`, `position`, `modifier`, `modifier_type`, `weight_modifier`, `weight_modifier_type`, `point_modifier`, `point_modifier_type`, `status`) VALUES ('1947', '440', '50', '0.000', 'A', '0.000', 'A', '0.000', 'A', 'A');
INSERT INTO cscart_product_option_variants (`variant_id`, `option_id`, `position`, `modifier`, `modifier_type`, `weight_modifier`, `weight_modifier_type`, `point_modifier`, `point_modifier_type`, `status`) VALUES ('1882', '425', '50', '0.000', 'A', '0.000', 'A', '0.000', 'A', 'A');
INSERT INTO cscart_product_option_variants (`variant_id`, `option_id`, `position`, `modifier`, `modifier_type`, `weight_modifier`, `weight_modifier_type`, `point_modifier`, `point_modifier_type`, `status`) VALUES ('2120', '490', '50', '0.000', 'A', '0.000', 'A', '0.000', 'A', 'A');
INSERT INTO cscart_product_option_variants (`variant_id`, `option_id`, `position`, `modifier`, `modifier_type`, `weight_modifier`, `weight_modifier_type`, `point_modifier`, `point_modifier_type`, `status`) VALUES ('2155', '499', '50', '1.000', 'A', '0.000', 'A', '0.000', 'A', 'A');
INSERT INTO cscart_product_option_variants (`variant_id`, `option_id`, `position`, `modifier`, `modifier_type`, `weight_modifier`, `weight_modifier_type`, `point_modifier`, `point_modifier_type`, `status`) VALUES ('2182', '506', '50', '0.000', 'A', '0.000', 'A', '0.000', 'A', 'A');
INSERT INTO cscart_product_option_variants (`variant_id`, `option_id`, `position`, `modifier`, `modifier_type`, `weight_modifier`, `weight_modifier_type`, `point_modifier`, `point_modifier_type`, `status`) VALUES ('2484', '590', '50', '0.000', 'A', '0.000', 'A', '0.000', 'A', 'A');
INSERT INTO cscart_product_option_variants (`variant_id`, `option_id`, `position`, `modifier`, `modifier_type`, `weight_modifier`, `weight_modifier_type`, `point_modifier`, `point_modifier_type`, `status`) VALUES ('2522', '600', '50', '0.000', 'A', '0.000', 'A', '0.000', 'A', 'A');
INSERT INTO cscart_product_option_variants (`variant_id`, `option_id`, `position`, `modifier`, `modifier_type`, `weight_modifier`, `weight_modifier_type`, `point_modifier`, `point_modifier_type`, `status`) VALUES ('2823', '679', '50', '0.000', 'A', '0.000', 'A', '0.000', 'A', 'A');
INSERT INTO cscart_product_option_variants (`variant_id`, `option_id`, `position`, `modifier`, `modifier_type`, `weight_modifier`, `weight_modifier_type`, `point_modifier`, `point_modifier_type`, `status`) VALUES ('2845', '685', '50', '0.000', 'A', '0.000', 'A', '0.000', 'A', 'A');
INSERT INTO cscart_product_option_variants (`variant_id`, `option_id`, `position`, `modifier`, `modifier_type`, `weight_modifier`, `weight_modifier_type`, `point_modifier`, `point_modifier_type`, `status`) VALUES ('2861', '689', '50', '0.000', 'A', '0.000', 'A', '0.000', 'A', 'A');
INSERT INTO cscart_product_option_variants (`variant_id`, `option_id`, `position`, `modifier`, `modifier_type`, `weight_modifier`, `weight_modifier_type`, `point_modifier`, `point_modifier_type`, `status`) VALUES ('2873', '692', '50', '0.000', 'A', '0.000', 'A', '0.000', 'A', 'A');
INSERT INTO cscart_product_option_variants (`variant_id`, `option_id`, `position`, `modifier`, `modifier_type`, `weight_modifier`, `weight_modifier_type`, `point_modifier`, `point_modifier_type`, `status`) VALUES ('2898', '698', '50', '0.000', 'A', '0.000', 'A', '0.000', 'A', 'A');
INSERT INTO cscart_product_option_variants (`variant_id`, `option_id`, `position`, `modifier`, `modifier_type`, `weight_modifier`, `weight_modifier_type`, `point_modifier`, `point_modifier_type`, `status`) VALUES ('2980', '719', '50', '0.000', 'A', '0.000', 'A', '0.000', 'A', 'A');
INSERT INTO cscart_product_option_variants (`variant_id`, `option_id`, `position`, `modifier`, `modifier_type`, `weight_modifier`, `weight_modifier_type`, `point_modifier`, `point_modifier_type`, `status`) VALUES ('2988', '721', '50', '0.000', 'A', '0.000', 'A', '0.000', 'A', 'A');
INSERT INTO cscart_product_option_variants (`variant_id`, `option_id`, `position`, `modifier`, `modifier_type`, `weight_modifier`, `weight_modifier_type`, `point_modifier`, `point_modifier_type`, `status`) VALUES ('3010', '726', '50', '0.000', 'A', '0.000', 'A', '0.000', 'A', 'A');
INSERT INTO cscart_product_option_variants (`variant_id`, `option_id`, `position`, `modifier`, `modifier_type`, `weight_modifier`, `weight_modifier_type`, `point_modifier`, `point_modifier_type`, `status`) VALUES ('3015', '727', '50', '0.000', 'A', '0.000', 'A', '0.000', 'A', 'A');
INSERT INTO cscart_product_option_variants (`variant_id`, `option_id`, `position`, `modifier`, `modifier_type`, `weight_modifier`, `weight_modifier_type`, `point_modifier`, `point_modifier_type`, `status`) VALUES ('3038', '733', '50', '0.000', 'A', '0.000', 'A', '0.000', 'A', 'A');
INSERT INTO cscart_product_option_variants (`variant_id`, `option_id`, `position`, `modifier`, `modifier_type`, `weight_modifier`, `weight_modifier_type`, `point_modifier`, `point_modifier_type`, `status`) VALUES ('3041', '734', '50', '0.000', 'A', '0.000', 'A', '0.000', 'A', 'A');
INSERT INTO cscart_product_option_variants (`variant_id`, `option_id`, `position`, `modifier`, `modifier_type`, `weight_modifier`, `weight_modifier_type`, `point_modifier`, `point_modifier_type`, `status`) VALUES ('3046', '735', '50', '0.000', 'A', '0.000', 'A', '0.000', 'A', 'A');
INSERT INTO cscart_product_option_variants (`variant_id`, `option_id`, `position`, `modifier`, `modifier_type`, `weight_modifier`, `weight_modifier_type`, `point_modifier`, `point_modifier_type`, `status`) VALUES ('1958', '443', '60', '0.000', 'A', '0.000', 'A', '0.000', 'A', 'A');
INSERT INTO cscart_product_option_variants (`variant_id`, `option_id`, `position`, `modifier`, `modifier_type`, `weight_modifier`, `weight_modifier_type`, `point_modifier`, `point_modifier_type`, `status`) VALUES ('2124', '491', '60', '0.000', 'A', '0.000', 'A', '0.000', 'A', 'A');
INSERT INTO cscart_product_option_variants (`variant_id`, `option_id`, `position`, `modifier`, `modifier_type`, `weight_modifier`, `weight_modifier_type`, `point_modifier`, `point_modifier_type`, `status`) VALUES ('2215', '516', '60', '0.000', 'A', '0.000', 'A', '0.000', 'A', 'A');
INSERT INTO cscart_product_option_variants (`variant_id`, `option_id`, `position`, `modifier`, `modifier_type`, `weight_modifier`, `weight_modifier_type`, `point_modifier`, `point_modifier_type`, `status`) VALUES ('2863', '690', '60', '10.000', 'A', '0.000', 'A', '0.000', 'A', 'A');
INSERT INTO cscart_product_option_variants (`variant_id`, `option_id`, `position`, `modifier`, `modifier_type`, `weight_modifier`, `weight_modifier_type`, `point_modifier`, `point_modifier_type`, `status`) VALUES ('2989', '721', '60', '0.000', 'A', '0.000', 'A', '0.000', 'A', 'A');
INSERT INTO cscart_product_option_variants (`variant_id`, `option_id`, `position`, `modifier`, `modifier_type`, `weight_modifier`, `weight_modifier_type`, `point_modifier`, `point_modifier_type`, `status`) VALUES ('3003', '724', '60', '0.000', 'A', '0.000', 'A', '0.000', 'A', 'A');
INSERT INTO cscart_product_option_variants (`variant_id`, `option_id`, `position`, `modifier`, `modifier_type`, `weight_modifier`, `weight_modifier_type`, `point_modifier`, `point_modifier_type`, `status`) VALUES ('3011', '726', '60', '0.000', 'A', '0.000', 'A', '0.000', 'A', 'A');
INSERT INTO cscart_product_option_variants (`variant_id`, `option_id`, `position`, `modifier`, `modifier_type`, `weight_modifier`, `weight_modifier_type`, `point_modifier`, `point_modifier_type`, `status`) VALUES ('3016', '727', '60', '0.000', 'A', '0.000', 'A', '0.000', 'A', 'A');
INSERT INTO cscart_product_option_variants (`variant_id`, `option_id`, `position`, `modifier`, `modifier_type`, `weight_modifier`, `weight_modifier_type`, `point_modifier`, `point_modifier_type`, `status`) VALUES ('3019', '728', '60', '0.000', 'A', '0.000', 'A', '0.000', 'A', 'A');
INSERT INTO cscart_product_option_variants (`variant_id`, `option_id`, `position`, `modifier`, `modifier_type`, `weight_modifier`, `weight_modifier_type`, `point_modifier`, `point_modifier_type`, `status`) VALUES ('3050', '734', '60', '0.000', 'A', '0.000', 'A', '0.000', 'A', 'A');
INSERT INTO cscart_product_option_variants (`variant_id`, `option_id`, `position`, `modifier`, `modifier_type`, `weight_modifier`, `weight_modifier_type`, `point_modifier`, `point_modifier_type`, `status`) VALUES ('2121', '490', '70', '0.000', 'A', '0.000', 'A', '0.000', 'A', 'A');
INSERT INTO cscart_product_option_variants (`variant_id`, `option_id`, `position`, `modifier`, `modifier_type`, `weight_modifier`, `weight_modifier_type`, `point_modifier`, `point_modifier_type`, `status`) VALUES ('2487', '591', '70', '0.000', 'A', '0.000', 'A', '0.000', 'A', 'A');
INSERT INTO cscart_product_option_variants (`variant_id`, `option_id`, `position`, `modifier`, `modifier_type`, `weight_modifier`, `weight_modifier_type`, `point_modifier`, `point_modifier_type`, `status`) VALUES ('2524', '601', '70', '0.000', 'A', '0.000', 'A', '0.000', 'A', 'A');
INSERT INTO cscart_product_option_variants (`variant_id`, `option_id`, `position`, `modifier`, `modifier_type`, `weight_modifier`, `weight_modifier_type`, `point_modifier`, `point_modifier_type`, `status`) VALUES ('2825', '680', '70', '0.000', 'A', '0.000', 'A', '0.000', 'A', 'A');
INSERT INTO cscart_product_option_variants (`variant_id`, `option_id`, `position`, `modifier`, `modifier_type`, `weight_modifier`, `weight_modifier_type`, `point_modifier`, `point_modifier_type`, `status`) VALUES ('2847', '686', '70', '0.000', 'A', '0.000', 'A', '0.000', 'A', 'A');
INSERT INTO cscart_product_option_variants (`variant_id`, `option_id`, `position`, `modifier`, `modifier_type`, `weight_modifier`, `weight_modifier_type`, `point_modifier`, `point_modifier_type`, `status`) VALUES ('2990', '721', '70', '0.000', 'A', '0.000', 'A', '0.000', 'A', 'A');
INSERT INTO cscart_product_option_variants (`variant_id`, `option_id`, `position`, `modifier`, `modifier_type`, `weight_modifier`, `weight_modifier_type`, `point_modifier`, `point_modifier_type`, `status`) VALUES ('2875', '693', '80', '0.000', 'A', '0.000', 'A', '0.000', 'A', 'A');
INSERT INTO cscart_product_option_variants (`variant_id`, `option_id`, `position`, `modifier`, `modifier_type`, `weight_modifier`, `weight_modifier_type`, `point_modifier`, `point_modifier_type`, `status`) VALUES ('2981', '719', '80', '0.000', 'A', '0.000', 'A', '0.000', 'A', 'A');
INSERT INTO cscart_product_option_variants (`variant_id`, `option_id`, `position`, `modifier`, `modifier_type`, `weight_modifier`, `weight_modifier_type`, `point_modifier`, `point_modifier_type`, `status`) VALUES ('2092', '484', '90', '0.000', 'A', '0.000', 'A', '0.000', 'A', 'A');
INSERT INTO cscart_product_option_variants (`variant_id`, `option_id`, `position`, `modifier`, `modifier_type`, `weight_modifier`, `weight_modifier_type`, `point_modifier`, `point_modifier_type`, `status`) VALUES ('2185', '507', '90', '0.000', 'A', '0.000', 'A', '0.000', 'A', 'A');
INSERT INTO cscart_product_option_variants (`variant_id`, `option_id`, `position`, `modifier`, `modifier_type`, `weight_modifier`, `weight_modifier_type`, `point_modifier`, `point_modifier_type`, `status`) VALUES ('2216', '516', '90', '0.000', 'A', '0.000', 'A', '0.000', 'A', 'A');
INSERT INTO cscart_product_option_variants (`variant_id`, `option_id`, `position`, `modifier`, `modifier_type`, `weight_modifier`, `weight_modifier_type`, `point_modifier`, `point_modifier_type`, `status`) VALUES ('3004', '724', '100', '0.000', 'A', '0.000', 'A', '0.000', 'A', 'A');
INSERT INTO cscart_product_option_variants (`variant_id`, `option_id`, `position`, `modifier`, `modifier_type`, `weight_modifier`, `weight_modifier_type`, `point_modifier`, `point_modifier_type`, `status`) VALUES ('3020', '728', '110', '0.000', 'A', '0.000', 'A', '0.000', 'A', 'A');
INSERT INTO cscart_product_option_variants (`variant_id`, `option_id`, `position`, `modifier`, `modifier_type`, `weight_modifier`, `weight_modifier_type`, `point_modifier`, `point_modifier_type`, `status`) VALUES ('2157', '500', '120', '1.000', 'A', '0.000', 'A', '0.000', 'A', 'A');
INSERT INTO cscart_product_option_variants (`variant_id`, `option_id`, `position`, `modifier`, `modifier_type`, `weight_modifier`, `weight_modifier_type`, `point_modifier`, `point_modifier_type`, `status`) VALUES ('2525', '601', '120', '0.000', 'A', '0.000', 'A', '0.000', 'A', 'A');
INSERT INTO cscart_product_option_variants (`variant_id`, `option_id`, `position`, `modifier`, `modifier_type`, `weight_modifier`, `weight_modifier_type`, `point_modifier`, `point_modifier_type`, `status`) VALUES ('2848', '686', '150', '0.000', 'A', '0.000', 'A', '0.000', 'A', 'A');
INSERT INTO cscart_product_option_variants (`variant_id`, `option_id`, `position`, `modifier`, `modifier_type`, `weight_modifier`, `weight_modifier_type`, `point_modifier`, `point_modifier_type`, `status`) VALUES ('2093', '484', '170', '0.000', 'A', '0.000', 'A', '0.000', 'A', 'A');
INSERT INTO cscart_product_option_variants (`variant_id`, `option_id`, `position`, `modifier`, `modifier_type`, `weight_modifier`, `weight_modifier_type`, `point_modifier`, `point_modifier_type`, `status`) VALUES ('2158', '500', '170', '1.000', 'A', '0.000', 'A', '0.000', 'A', 'A');
INSERT INTO cscart_product_option_variants (`variant_id`, `option_id`, `position`, `modifier`, `modifier_type`, `weight_modifier`, `weight_modifier_type`, `point_modifier`, `point_modifier_type`, `status`) VALUES ('2526', '601', '180', '0.000', 'A', '0.000', 'A', '0.000', 'A', 'A');
INSERT INTO cscart_product_option_variants (`variant_id`, `option_id`, `position`, `modifier`, `modifier_type`, `weight_modifier`, `weight_modifier_type`, `point_modifier`, `point_modifier_type`, `status`) VALUES ('1960', '444', '210', '0.000', 'A', '0.000', 'A', '0.000', 'A', 'A');
INSERT INTO cscart_product_option_variants (`variant_id`, `option_id`, `position`, `modifier`, `modifier_type`, `weight_modifier`, `weight_modifier_type`, `point_modifier`, `point_modifier_type`, `status`) VALUES ('2527', '601', '240', '0.000', 'A', '0.000', 'A', '0.000', 'A', 'A');
INSERT INTO cscart_product_option_variants (`variant_id`, `option_id`, `position`, `modifier`, `modifier_type`, `weight_modifier`, `weight_modifier_type`, `point_modifier`, `point_modifier_type`, `status`) VALUES ('2094', '484', '250', '0.000', 'A', '0.000', 'A', '0.000', 'A', 'A');
INSERT INTO cscart_product_option_variants (`variant_id`, `option_id`, `position`, `modifier`, `modifier_type`, `weight_modifier`, `weight_modifier_type`, `point_modifier`, `point_modifier_type`, `status`) VALUES ('2159', '500', '280', '-1.000', 'A', '0.000', 'A', '0.000', 'A', 'A');
INSERT INTO cscart_product_option_variants (`variant_id`, `option_id`, `position`, `modifier`, `modifier_type`, `weight_modifier`, `weight_modifier_type`, `point_modifier`, `point_modifier_type`, `status`) VALUES ('2095', '484', '300', '0.000', 'A', '0.000', 'A', '0.000', 'A', 'A');
INSERT INTO cscart_product_option_variants (`variant_id`, `option_id`, `position`, `modifier`, `modifier_type`, `weight_modifier`, `weight_modifier_type`, `point_modifier`, `point_modifier_type`, `status`) VALUES ('2160', '500', '330', '1.000', 'A', '0.000', 'A', '0.000', 'A', 'A');
INSERT INTO cscart_product_option_variants_descriptions (`variant_id`, `lang_code`, `variant_name`) VALUES ('2124', 'EN', 'tulip');
INSERT INTO cscart_product_option_variants_descriptions (`variant_id`, `lang_code`, `variant_name`) VALUES ('2122', 'EN', 'frog');
INSERT INTO cscart_product_option_variants_descriptions (`variant_id`, `lang_code`, `variant_name`) VALUES ('2123', 'EN', 'azalea');
INSERT INTO cscart_product_option_variants_descriptions (`variant_id`, `lang_code`, `variant_name`) VALUES ('2121', 'EN', '4');
INSERT INTO cscart_product_option_variants_descriptions (`variant_id`, `lang_code`, `variant_name`) VALUES ('2117', 'EN', '5 / 6');
INSERT INTO cscart_product_option_variants_descriptions (`variant_id`, `lang_code`, `variant_name`) VALUES ('2118', 'EN', '10 / 12');
INSERT INTO cscart_product_option_variants_descriptions (`variant_id`, `lang_code`, `variant_name`) VALUES ('2119', 'EN', '7 / 8');
INSERT INTO cscart_product_option_variants_descriptions (`variant_id`, `lang_code`, `variant_name`) VALUES ('2120', 'EN', '14');
INSERT INTO cscart_product_option_variants_descriptions (`variant_id`, `lang_code`, `variant_name`) VALUES ('2094', 'EN', 'Black');
INSERT INTO cscart_product_option_variants_descriptions (`variant_id`, `lang_code`, `variant_name`) VALUES ('2095', 'EN', 'Bright Gold');
INSERT INTO cscart_product_option_variants_descriptions (`variant_id`, `lang_code`, `variant_name`) VALUES ('2096', 'EN', 'girls');
INSERT INTO cscart_product_option_variants_descriptions (`variant_id`, `lang_code`, `variant_name`) VALUES ('2097', 'EN', 'womens');
INSERT INTO cscart_product_option_variants_descriptions (`variant_id`, `lang_code`, `variant_name`) VALUES ('2093', 'EN', 'Royal Blue');
INSERT INTO cscart_product_option_variants_descriptions (`variant_id`, `lang_code`, `variant_name`) VALUES ('2052', 'EN', 'Black');
INSERT INTO cscart_product_option_variants_descriptions (`variant_id`, `lang_code`, `variant_name`) VALUES ('2053', 'EN', 'Black/Blue');
INSERT INTO cscart_product_option_variants_descriptions (`variant_id`, `lang_code`, `variant_name`) VALUES ('2054', 'EN', 'Black/Red');
INSERT INTO cscart_product_option_variants_descriptions (`variant_id`, `lang_code`, `variant_name`) VALUES ('2088', 'EN', 'Large Youth');
INSERT INTO cscart_product_option_variants_descriptions (`variant_id`, `lang_code`, `variant_name`) VALUES ('2049', 'EN', 'Small');
INSERT INTO cscart_product_option_variants_descriptions (`variant_id`, `lang_code`, `variant_name`) VALUES ('2050', 'EN', 'Large');
INSERT INTO cscart_product_option_variants_descriptions (`variant_id`, `lang_code`, `variant_name`) VALUES ('2051', 'EN', 'Medium');
INSERT INTO cscart_product_option_variants_descriptions (`variant_id`, `lang_code`, `variant_name`) VALUES ('2089', 'EN', 'AXS');
INSERT INTO cscart_product_option_variants_descriptions (`variant_id`, `lang_code`, `variant_name`) VALUES ('2087', 'EN', 'Medium Youth');
INSERT INTO cscart_product_option_variants_descriptions (`variant_id`, `lang_code`, `variant_name`) VALUES ('2086', 'EN', 'Small Youth');
INSERT INTO cscart_product_option_variants_descriptions (`variant_id`, `lang_code`, `variant_name`) VALUES ('2065', 'EN', 'Medium');
INSERT INTO cscart_product_option_variants_descriptions (`variant_id`, `lang_code`, `variant_name`) VALUES ('2066', 'EN', 'X-Large');
INSERT INTO cscart_product_option_variants_descriptions (`variant_id`, `lang_code`, `variant_name`) VALUES ('2067', 'EN', 'Large');
INSERT INTO cscart_product_option_variants_descriptions (`variant_id`, `lang_code`, `variant_name`) VALUES ('2090', 'EN', 'AS');
INSERT INTO cscart_product_option_variants_descriptions (`variant_id`, `lang_code`, `variant_name`) VALUES ('2091', 'EN', 'Red');
INSERT INTO cscart_product_option_variants_descriptions (`variant_id`, `lang_code`, `variant_name`) VALUES ('2092', 'EN', 'Navy Blue');
INSERT INTO cscart_product_option_variants_descriptions (`variant_id`, `lang_code`, `variant_name`) VALUES ('1961', 'EN', 'Apparel');
INSERT INTO cscart_product_option_variants_descriptions (`variant_id`, `lang_code`, `variant_name`) VALUES ('1962', 'EN', 'Baby Product');
INSERT INTO cscart_product_option_variants_descriptions (`variant_id`, `lang_code`, `variant_name`) VALUES ('1957', 'EN', '12.5 M Pre-School');
INSERT INTO cscart_product_option_variants_descriptions (`variant_id`, `lang_code`, `variant_name`) VALUES ('1958', 'EN', '13 M Pre-School');
INSERT INTO cscart_product_option_variants_descriptions (`variant_id`, `lang_code`, `variant_name`) VALUES ('1959', 'EN', 'NAVY');
INSERT INTO cscart_product_option_variants_descriptions (`variant_id`, `lang_code`, `variant_name`) VALUES ('1960', 'EN', 'WHITE');
INSERT INTO cscart_product_option_variants_descriptions (`variant_id`, `lang_code`, `variant_name`) VALUES ('1956', 'EN', '12 M Pre-School');
INSERT INTO cscart_product_option_variants_descriptions (`variant_id`, `lang_code`, `variant_name`) VALUES ('1955', 'EN', '11 M Pre-School');
INSERT INTO cscart_product_option_variants_descriptions (`variant_id`, `lang_code`, `variant_name`) VALUES ('1954', 'EN', '10.5 M Pre-School');
INSERT INTO cscart_product_option_variants_descriptions (`variant_id`, `lang_code`, `variant_name`) VALUES ('1947', 'EN', '8.5 W');
INSERT INTO cscart_product_option_variants_descriptions (`variant_id`, `lang_code`, `variant_name`) VALUES ('1946', 'EN', '13.0 M');
INSERT INTO cscart_product_option_variants_descriptions (`variant_id`, `lang_code`, `variant_name`) VALUES ('1945', 'EN', '12 M');
INSERT INTO cscart_product_option_variants_descriptions (`variant_id`, `lang_code`, `variant_name`) VALUES ('1944', 'EN', '11.5 M');
INSERT INTO cscart_product_option_variants_descriptions (`variant_id`, `lang_code`, `variant_name`) VALUES ('1943', 'EN', '9 M');
INSERT INTO cscart_product_option_variants_descriptions (`variant_id`, `lang_code`, `variant_name`) VALUES ('1864', 'EN', '6 M Womens');
INSERT INTO cscart_product_option_variants_descriptions (`variant_id`, `lang_code`, `variant_name`) VALUES ('1865', 'EN', '7 M Womens');
INSERT INTO cscart_product_option_variants_descriptions (`variant_id`, `lang_code`, `variant_name`) VALUES ('1866', 'EN', '8 M Womens');
INSERT INTO cscart_product_option_variants_descriptions (`variant_id`, `lang_code`, `variant_name`) VALUES ('1867', 'EN', '10 M Womens');
INSERT INTO cscart_product_option_variants_descriptions (`variant_id`, `lang_code`, `variant_name`) VALUES ('1878', 'EN', '12.0M');
INSERT INTO cscart_product_option_variants_descriptions (`variant_id`, `lang_code`, `variant_name`) VALUES ('1879', 'EN', '9.5 W');
INSERT INTO cscart_product_option_variants_descriptions (`variant_id`, `lang_code`, `variant_name`) VALUES ('1880', 'EN', '8.5 M');
INSERT INTO cscart_product_option_variants_descriptions (`variant_id`, `lang_code`, `variant_name`) VALUES ('1881', 'EN', '9.0W');
INSERT INTO cscart_product_option_variants_descriptions (`variant_id`, `lang_code`, `variant_name`) VALUES ('1882', 'EN', '8.5 W');
INSERT INTO cscart_product_option_variants_descriptions (`variant_id`, `lang_code`, `variant_name`) VALUES ('2151', 'EN', 'Mens Small (34-36)');
INSERT INTO cscart_product_option_variants_descriptions (`variant_id`, `lang_code`, `variant_name`) VALUES ('2152', 'EN', 'Mens Medium (38-40)');
INSERT INTO cscart_product_option_variants_descriptions (`variant_id`, `lang_code`, `variant_name`) VALUES ('2153', 'EN', 'Mens Large (42-44)');
INSERT INTO cscart_product_option_variants_descriptions (`variant_id`, `lang_code`, `variant_name`) VALUES ('2154', 'EN', 'Mens Xlarge (46-48)');
INSERT INTO cscart_product_option_variants_descriptions (`variant_id`, `lang_code`, `variant_name`) VALUES ('2155', 'EN', 'Mens 2XL (50-52)');
INSERT INTO cscart_product_option_variants_descriptions (`variant_id`, `lang_code`, `variant_name`) VALUES ('2156', 'EN', 'Ash');
INSERT INTO cscart_product_option_variants_descriptions (`variant_id`, `lang_code`, `variant_name`) VALUES ('2157', 'EN', 'Aquatic Blue');
INSERT INTO cscart_product_option_variants_descriptions (`variant_id`, `lang_code`, `variant_name`) VALUES ('2158', 'EN', 'Black');
INSERT INTO cscart_product_option_variants_descriptions (`variant_id`, `lang_code`, `variant_name`) VALUES ('2159', 'EN', 'Cardinal');
INSERT INTO cscart_product_option_variants_descriptions (`variant_id`, `lang_code`, `variant_name`) VALUES ('2160', 'EN', 'Denim');
INSERT INTO cscart_product_option_variants_descriptions (`variant_id`, `lang_code`, `variant_name`) VALUES ('2178', 'EN', '7 / 8');
INSERT INTO cscart_product_option_variants_descriptions (`variant_id`, `lang_code`, `variant_name`) VALUES ('2179', 'EN', '10 / 12');
INSERT INTO cscart_product_option_variants_descriptions (`variant_id`, `lang_code`, `variant_name`) VALUES ('2180', 'EN', '14');
INSERT INTO cscart_product_option_variants_descriptions (`variant_id`, `lang_code`, `variant_name`) VALUES ('2181', 'EN', '4');
INSERT INTO cscart_product_option_variants_descriptions (`variant_id`, `lang_code`, `variant_name`) VALUES ('2182', 'EN', '5 / 6');
INSERT INTO cscart_product_option_variants_descriptions (`variant_id`, `lang_code`, `variant_name`) VALUES ('2183', 'EN', 'sun');
INSERT INTO cscart_product_option_variants_descriptions (`variant_id`, `lang_code`, `variant_name`) VALUES ('2184', 'EN', 'garden');
INSERT INTO cscart_product_option_variants_descriptions (`variant_id`, `lang_code`, `variant_name`) VALUES ('2185', 'EN', 'tearose');
INSERT INTO cscart_product_option_variants_descriptions (`variant_id`, `lang_code`, `variant_name`) VALUES ('2196', 'EN', 'Large');
INSERT INTO cscart_product_option_variants_descriptions (`variant_id`, `lang_code`, `variant_name`) VALUES ('2197', 'EN', 'Medium');
INSERT INTO cscart_product_option_variants_descriptions (`variant_id`, `lang_code`, `variant_name`) VALUES ('2198', 'EN', 'Small');
INSERT INTO cscart_product_option_variants_descriptions (`variant_id`, `lang_code`, `variant_name`) VALUES ('2199', 'EN', 'X-Large');
INSERT INTO cscart_product_option_variants_descriptions (`variant_id`, `lang_code`, `variant_name`) VALUES ('2209', 'EN', '8');
INSERT INTO cscart_product_option_variants_descriptions (`variant_id`, `lang_code`, `variant_name`) VALUES ('2210', 'EN', '4');
INSERT INTO cscart_product_option_variants_descriptions (`variant_id`, `lang_code`, `variant_name`) VALUES ('2211', 'EN', '10');
INSERT INTO cscart_product_option_variants_descriptions (`variant_id`, `lang_code`, `variant_name`) VALUES ('2212', 'EN', '6');
INSERT INTO cscart_product_option_variants_descriptions (`variant_id`, `lang_code`, `variant_name`) VALUES ('2213', 'EN', 'poppy');
INSERT INTO cscart_product_option_variants_descriptions (`variant_id`, `lang_code`, `variant_name`) VALUES ('2214', 'EN', 'grape');
INSERT INTO cscart_product_option_variants_descriptions (`variant_id`, `lang_code`, `variant_name`) VALUES ('2215', 'EN', 'sand');
INSERT INTO cscart_product_option_variants_descriptions (`variant_id`, `lang_code`, `variant_name`) VALUES ('2216', 'EN', 'tulip');
INSERT INTO cscart_product_option_variants_descriptions (`variant_id`, `lang_code`, `variant_name`) VALUES ('2483', 'EN', '11.5');
INSERT INTO cscart_product_option_variants_descriptions (`variant_id`, `lang_code`, `variant_name`) VALUES ('2481', 'EN', '10.5');
INSERT INTO cscart_product_option_variants_descriptions (`variant_id`, `lang_code`, `variant_name`) VALUES ('2480', 'EN', '9.5');
INSERT INTO cscart_product_option_variants_descriptions (`variant_id`, `lang_code`, `variant_name`) VALUES ('2487', 'EN', 'White/Red/Silver');
INSERT INTO cscart_product_option_variants_descriptions (`variant_id`, `lang_code`, `variant_name`) VALUES ('2486', 'EN', 'Black/Black/Silver');
INSERT INTO cscart_product_option_variants_descriptions (`variant_id`, `lang_code`, `variant_name`) VALUES ('2485', 'EN', 'White/Royal');
INSERT INTO cscart_product_option_variants_descriptions (`variant_id`, `lang_code`, `variant_name`) VALUES ('2484', 'EN', '12');
INSERT INTO cscart_product_option_variants_descriptions (`variant_id`, `lang_code`, `variant_name`) VALUES ('2499', 'EN', 'XX-Large');
INSERT INTO cscart_product_option_variants_descriptions (`variant_id`, `lang_code`, `variant_name`) VALUES ('2498', 'EN', 'X-Large');
INSERT INTO cscart_product_option_variants_descriptions (`variant_id`, `lang_code`, `variant_name`) VALUES ('2497', 'EN', 'Large');
INSERT INTO cscart_product_option_variants_descriptions (`variant_id`, `lang_code`, `variant_name`) VALUES ('2518', 'EN', 'Large');
INSERT INTO cscart_product_option_variants_descriptions (`variant_id`, `lang_code`, `variant_name`) VALUES ('2482', 'EN', '11');
INSERT INTO cscart_product_option_variants_descriptions (`variant_id`, `lang_code`, `variant_name`) VALUES ('2519', 'EN', 'Medium');
INSERT INTO cscart_product_option_variants_descriptions (`variant_id`, `lang_code`, `variant_name`) VALUES ('2520', 'EN', 'Small');
INSERT INTO cscart_product_option_variants_descriptions (`variant_id`, `lang_code`, `variant_name`) VALUES ('2521', 'EN', 'X-Large');
INSERT INTO cscart_product_option_variants_descriptions (`variant_id`, `lang_code`, `variant_name`) VALUES ('2522', 'EN', 'XX-Large');
INSERT INTO cscart_product_option_variants_descriptions (`variant_id`, `lang_code`, `variant_name`) VALUES ('2523', 'EN', 'Black');
INSERT INTO cscart_product_option_variants_descriptions (`variant_id`, `lang_code`, `variant_name`) VALUES ('2524', 'EN', 'Charcoal Silver');
INSERT INTO cscart_product_option_variants_descriptions (`variant_id`, `lang_code`, `variant_name`) VALUES ('2525', 'EN', 'Star Silver');
INSERT INTO cscart_product_option_variants_descriptions (`variant_id`, `lang_code`, `variant_name`) VALUES ('2526', 'EN', 'White');
INSERT INTO cscart_product_option_variants_descriptions (`variant_id`, `lang_code`, `variant_name`) VALUES ('2527', 'EN', 'Navy');
INSERT INTO cscart_product_option_variants_descriptions (`variant_id`, `lang_code`, `variant_name`) VALUES ('3038', 'EN', 'XX-Large');
INSERT INTO cscart_product_option_variants_descriptions (`variant_id`, `lang_code`, `variant_name`) VALUES ('3037', 'EN', 'X-Large');
INSERT INTO cscart_product_option_variants_descriptions (`variant_id`, `lang_code`, `variant_name`) VALUES ('3036', 'EN', 'Small');
INSERT INTO cscart_product_option_variants_descriptions (`variant_id`, `lang_code`, `variant_name`) VALUES ('3035', 'EN', 'Medium');
INSERT INTO cscart_product_option_variants_descriptions (`variant_id`, `lang_code`, `variant_name`) VALUES ('3034', 'EN', 'Large');
INSERT INTO cscart_product_option_variants_descriptions (`variant_id`, `lang_code`, `variant_name`) VALUES ('3023', 'EN', 'Black');
INSERT INTO cscart_product_option_variants_descriptions (`variant_id`, `lang_code`, `variant_name`) VALUES ('3022', 'EN', 'Apple');
INSERT INTO cscart_product_option_variants_descriptions (`variant_id`, `lang_code`, `variant_name`) VALUES ('3021', 'EN', 'Tango');
INSERT INTO cscart_product_option_variants_descriptions (`variant_id`, `lang_code`, `variant_name`) VALUES ('3020', 'EN', 'XX-Large');
INSERT INTO cscart_product_option_variants_descriptions (`variant_id`, `lang_code`, `variant_name`) VALUES ('3019', 'EN', 'X-Large');
INSERT INTO cscart_product_option_variants_descriptions (`variant_id`, `lang_code`, `variant_name`) VALUES ('3018', 'EN', 'Large');
INSERT INTO cscart_product_option_variants_descriptions (`variant_id`, `lang_code`, `variant_name`) VALUES ('3017', 'EN', 'Medium');
INSERT INTO cscart_product_option_variants_descriptions (`variant_id`, `lang_code`, `variant_name`) VALUES ('3016', 'EN', 'Forest/White/White');
INSERT INTO cscart_product_option_variants_descriptions (`variant_id`, `lang_code`, `variant_name`) VALUES ('3015', 'EN', 'Light Maroon/White/White');
INSERT INTO cscart_product_option_variants_descriptions (`variant_id`, `lang_code`, `variant_name`) VALUES ('3014', 'EN', 'New Navy/White/White');
INSERT INTO cscart_product_option_variants_descriptions (`variant_id`, `lang_code`, `variant_name`) VALUES ('3013', 'EN', 'Silver/Black/Black');
INSERT INTO cscart_product_option_variants_descriptions (`variant_id`, `lang_code`, `variant_name`) VALUES ('3012', 'EN', 'White/White/Black');
INSERT INTO cscart_product_option_variants_descriptions (`variant_id`, `lang_code`, `variant_name`) VALUES ('3011', 'EN', 'Medium');
INSERT INTO cscart_product_option_variants_descriptions (`variant_id`, `lang_code`, `variant_name`) VALUES ('3010', 'EN', 'Small');
INSERT INTO cscart_product_option_variants_descriptions (`variant_id`, `lang_code`, `variant_name`) VALUES ('3009', 'EN', 'XX-Large');
INSERT INTO cscart_product_option_variants_descriptions (`variant_id`, `lang_code`, `variant_name`) VALUES ('3008', 'EN', 'X-Large');
INSERT INTO cscart_product_option_variants_descriptions (`variant_id`, `lang_code`, `variant_name`) VALUES ('3007', 'EN', 'Apple');
INSERT INTO cscart_product_option_variants_descriptions (`variant_id`, `lang_code`, `variant_name`) VALUES ('3006', 'EN', 'Black');
INSERT INTO cscart_product_option_variants_descriptions (`variant_id`, `lang_code`, `variant_name`) VALUES ('3005', 'EN', 'White');
INSERT INTO cscart_product_option_variants_descriptions (`variant_id`, `lang_code`, `variant_name`) VALUES ('3004', 'EN', 'XX-Large');
INSERT INTO cscart_product_option_variants_descriptions (`variant_id`, `lang_code`, `variant_name`) VALUES ('3003', 'EN', 'X-Large');
INSERT INTO cscart_product_option_variants_descriptions (`variant_id`, `lang_code`, `variant_name`) VALUES ('3002', 'EN', 'Large');
INSERT INTO cscart_product_option_variants_descriptions (`variant_id`, `lang_code`, `variant_name`) VALUES ('3001', 'EN', 'Medium');
INSERT INTO cscart_product_option_variants_descriptions (`variant_id`, `lang_code`, `variant_name`) VALUES ('2990', 'EN', 'Wave');
INSERT INTO cscart_product_option_variants_descriptions (`variant_id`, `lang_code`, `variant_name`) VALUES ('2989', 'EN', 'Apple');
INSERT INTO cscart_product_option_variants_descriptions (`variant_id`, `lang_code`, `variant_name`) VALUES ('2988', 'EN', 'Tango');
INSERT INTO cscart_product_option_variants_descriptions (`variant_id`, `lang_code`, `variant_name`) VALUES ('2987', 'EN', 'Black');
INSERT INTO cscart_product_option_variants_descriptions (`variant_id`, `lang_code`, `variant_name`) VALUES ('2986', 'EN', 'White');
INSERT INTO cscart_product_option_variants_descriptions (`variant_id`, `lang_code`, `variant_name`) VALUES ('2985', 'EN', 'Medium');
INSERT INTO cscart_product_option_variants_descriptions (`variant_id`, `lang_code`, `variant_name`) VALUES ('2984', 'EN', 'XX-Large');
INSERT INTO cscart_product_option_variants_descriptions (`variant_id`, `lang_code`, `variant_name`) VALUES ('2983', 'EN', 'X-Large');
INSERT INTO cscart_product_option_variants_descriptions (`variant_id`, `lang_code`, `variant_name`) VALUES ('2982', 'EN', 'Large');
INSERT INTO cscart_product_option_variants_descriptions (`variant_id`, `lang_code`, `variant_name`) VALUES ('2981', 'EN', 'Oxford Heather/Blue');
INSERT INTO cscart_product_option_variants_descriptions (`variant_id`, `lang_code`, `variant_name`) VALUES ('2980', 'EN', 'Light Blue/Navy');
INSERT INTO cscart_product_option_variants_descriptions (`variant_id`, `lang_code`, `variant_name`) VALUES ('2979', 'EN', 'White/Scarlet');
INSERT INTO cscart_product_option_variants_descriptions (`variant_id`, `lang_code`, `variant_name`) VALUES ('2978', 'EN', 'White/Navy');
INSERT INTO cscart_product_option_variants_descriptions (`variant_id`, `lang_code`, `variant_name`) VALUES ('2977', 'EN', 'White/Black');
INSERT INTO cscart_product_option_variants_descriptions (`variant_id`, `lang_code`, `variant_name`) VALUES ('2976', 'EN', 'X-Large');
INSERT INTO cscart_product_option_variants_descriptions (`variant_id`, `lang_code`, `variant_name`) VALUES ('2975', 'EN', 'Medium');
INSERT INTO cscart_product_option_variants_descriptions (`variant_id`, `lang_code`, `variant_name`) VALUES ('2974', 'EN', 'Large');
INSERT INTO cscart_product_option_variants_descriptions (`variant_id`, `lang_code`, `variant_name`) VALUES ('2919', 'EN', '9 M');
INSERT INTO cscart_product_option_variants_descriptions (`variant_id`, `lang_code`, `variant_name`) VALUES ('2918', 'EN', '5.5 M');
INSERT INTO cscart_product_option_variants_descriptions (`variant_id`, `lang_code`, `variant_name`) VALUES ('2917', 'EN', '10 M');
INSERT INTO cscart_product_option_variants_descriptions (`variant_id`, `lang_code`, `variant_name`) VALUES ('2898', 'EN', '8.5 M');
INSERT INTO cscart_product_option_variants_descriptions (`variant_id`, `lang_code`, `variant_name`) VALUES ('2897', 'EN', '7 M');
INSERT INTO cscart_product_option_variants_descriptions (`variant_id`, `lang_code`, `variant_name`) VALUES ('2896', 'EN', '6.5 M');
INSERT INTO cscart_product_option_variants_descriptions (`variant_id`, `lang_code`, `variant_name`) VALUES ('2895', 'EN', '8 M');
INSERT INTO cscart_product_option_variants_descriptions (`variant_id`, `lang_code`, `variant_name`) VALUES ('2894', 'EN', '7.5 M');
INSERT INTO cscart_product_option_variants_descriptions (`variant_id`, `lang_code`, `variant_name`) VALUES ('2875', 'EN', 'BLACK/CLEAR/WHITE');
INSERT INTO cscart_product_option_variants_descriptions (`variant_id`, `lang_code`, `variant_name`) VALUES ('2874', 'EN', 'NAVY/WHITE');
INSERT INTO cscart_product_option_variants_descriptions (`variant_id`, `lang_code`, `variant_name`) VALUES ('2873', 'EN', '12 M Mens');
INSERT INTO cscart_product_option_variants_descriptions (`variant_id`, `lang_code`, `variant_name`) VALUES ('2872', 'EN', '11 M Mens');
INSERT INTO cscart_product_option_variants_descriptions (`variant_id`, `lang_code`, `variant_name`) VALUES ('2871', 'EN', '10 M Mens');
INSERT INTO cscart_product_option_variants_descriptions (`variant_id`, `lang_code`, `variant_name`) VALUES ('2870', 'EN', '9 M Mens');
INSERT INTO cscart_product_option_variants_descriptions (`variant_id`, `lang_code`, `variant_name`) VALUES ('2869', 'EN', '8 M Mens');
INSERT INTO cscart_product_option_variants_descriptions (`variant_id`, `lang_code`, `variant_name`) VALUES ('2863', 'EN', 'Blue/White/Sachet');
INSERT INTO cscart_product_option_variants_descriptions (`variant_id`, `lang_code`, `variant_name`) VALUES ('2862', 'EN', 'Blue/Pink/White');
INSERT INTO cscart_product_option_variants_descriptions (`variant_id`, `lang_code`, `variant_name`) VALUES ('2861', 'EN', '10');
INSERT INTO cscart_product_option_variants_descriptions (`variant_id`, `lang_code`, `variant_name`) VALUES ('2860', 'EN', '9.5');
INSERT INTO cscart_product_option_variants_descriptions (`variant_id`, `lang_code`, `variant_name`) VALUES ('2859', 'EN', '8');
INSERT INTO cscart_product_option_variants_descriptions (`variant_id`, `lang_code`, `variant_name`) VALUES ('2858', 'EN', '7');
INSERT INTO cscart_product_option_variants_descriptions (`variant_id`, `lang_code`, `variant_name`) VALUES ('2857', 'EN', '5.5');
INSERT INTO cscart_product_option_variants_descriptions (`variant_id`, `lang_code`, `variant_name`) VALUES ('2848', 'EN', 'Black/black/black');
INSERT INTO cscart_product_option_variants_descriptions (`variant_id`, `lang_code`, `variant_name`) VALUES ('2847', 'EN', 'White/Navy');
INSERT INTO cscart_product_option_variants_descriptions (`variant_id`, `lang_code`, `variant_name`) VALUES ('2846', 'EN', 'White/White/Clear');
INSERT INTO cscart_product_option_variants_descriptions (`variant_id`, `lang_code`, `variant_name`) VALUES ('2845', 'EN', '8.5');
INSERT INTO cscart_product_option_variants_descriptions (`variant_id`, `lang_code`, `variant_name`) VALUES ('2844', 'EN', '8');
INSERT INTO cscart_product_option_variants_descriptions (`variant_id`, `lang_code`, `variant_name`) VALUES ('2843', 'EN', '7.5');
INSERT INTO cscart_product_option_variants_descriptions (`variant_id`, `lang_code`, `variant_name`) VALUES ('2842', 'EN', '7');
INSERT INTO cscart_product_option_variants_descriptions (`variant_id`, `lang_code`, `variant_name`) VALUES ('2841', 'EN', '6.5');
INSERT INTO cscart_product_option_variants_descriptions (`variant_id`, `lang_code`, `variant_name`) VALUES ('2840', 'EN', 'Green/White');
INSERT INTO cscart_product_option_variants_descriptions (`variant_id`, `lang_code`, `variant_name`) VALUES ('2839', 'EN', 'Black/White');
INSERT INTO cscart_product_option_variants_descriptions (`variant_id`, `lang_code`, `variant_name`) VALUES ('2838', 'EN', '9.5');
INSERT INTO cscart_product_option_variants_descriptions (`variant_id`, `lang_code`, `variant_name`) VALUES ('2837', 'EN', '7.5');
INSERT INTO cscart_product_option_variants_descriptions (`variant_id`, `lang_code`, `variant_name`) VALUES ('2836', 'EN', '7');
INSERT INTO cscart_product_option_variants_descriptions (`variant_id`, `lang_code`, `variant_name`) VALUES ('2825', 'EN', 'Mirage/Denim/Poppy');
INSERT INTO cscart_product_option_variants_descriptions (`variant_id`, `lang_code`, `variant_name`) VALUES ('2824', 'EN', 'Olive/Seagrass');
INSERT INTO cscart_product_option_variants_descriptions (`variant_id`, `lang_code`, `variant_name`) VALUES ('2823', 'EN', '7');
INSERT INTO cscart_product_option_variants_descriptions (`variant_id`, `lang_code`, `variant_name`) VALUES ('2821', 'EN', '5');
INSERT INTO cscart_product_option_variants_descriptions (`variant_id`, `lang_code`, `variant_name`) VALUES ('2822', 'EN', '5.5');
INSERT INTO cscart_product_option_variants_descriptions (`variant_id`, `lang_code`, `variant_name`) VALUES ('2820', 'EN', '4.5');
INSERT INTO cscart_product_option_variants_descriptions (`variant_id`, `lang_code`, `variant_name`) VALUES ('2819', 'EN', '4');
INSERT INTO cscart_product_option_variants_descriptions (`variant_id`, `lang_code`, `variant_name`) VALUES ('3039', 'EN', 'White');
INSERT INTO cscart_product_option_variants_descriptions (`variant_id`, `lang_code`, `variant_name`) VALUES ('3050', 'EN', 'Yellow');
INSERT INTO cscart_product_option_variants_descriptions (`variant_id`, `lang_code`, `variant_name`) VALUES ('3041', 'EN', 'Green');
INSERT INTO cscart_product_option_variants_descriptions (`variant_id`, `lang_code`, `variant_name`) VALUES ('3042', 'EN', 'Red');
INSERT INTO cscart_product_option_variants_descriptions (`variant_id`, `lang_code`, `variant_name`) VALUES ('3043', 'EN', 'Blue');
INSERT INTO cscart_product_option_variants_descriptions (`variant_id`, `lang_code`, `variant_name`) VALUES ('3044', 'EN', 'Black');
INSERT INTO cscart_product_option_variants_descriptions (`variant_id`, `lang_code`, `variant_name`) VALUES ('3045', 'EN', 'Small');
INSERT INTO cscart_product_option_variants_descriptions (`variant_id`, `lang_code`, `variant_name`) VALUES ('3046', 'EN', 'XX Large');
INSERT INTO cscart_product_option_variants_descriptions (`variant_id`, `lang_code`, `variant_name`) VALUES ('3047', 'EN', 'X Large');
INSERT INTO cscart_product_option_variants_descriptions (`variant_id`, `lang_code`, `variant_name`) VALUES ('3048', 'EN', 'Large');
INSERT INTO cscart_product_option_variants_descriptions (`variant_id`, `lang_code`, `variant_name`) VALUES ('3049', 'EN', 'Medium');
INSERT INTO cscart_product_options (`option_id`, `product_id`, `company_id`, `option_type`, `inventory`, `regexp`, `required`, `multiupload`, `allowed_extensions`, `max_file_size`, `missing_variants_handling`, `status`, `position`, `value`) VALUES ('473', '800', '0', 'S', 'Y', '', 'N', 'N', '', '0', 'M', 'A', '10', '');
INSERT INTO cscart_product_options (`option_id`, `product_id`, `company_id`, `option_type`, `inventory`, `regexp`, `required`, `multiupload`, `allowed_extensions`, `max_file_size`, `missing_variants_handling`, `status`, `position`, `value`) VALUES ('472', '800', '0', 'S', 'Y', '', 'N', 'N', '', '0', 'M', 'A', '10', '');
INSERT INTO cscart_product_options (`option_id`, `product_id`, `company_id`, `option_type`, `inventory`, `regexp`, `required`, `multiupload`, `allowed_extensions`, `max_file_size`, `missing_variants_handling`, `status`, `position`, `value`) VALUES ('484', '809', '0', 'S', 'Y', '', 'N', 'N', '', '0', 'M', 'A', '10', '');
INSERT INTO cscart_product_options (`option_id`, `product_id`, `company_id`, `option_type`, `inventory`, `regexp`, `required`, `multiupload`, `allowed_extensions`, `max_file_size`, `missing_variants_handling`, `status`, `position`, `value`) VALUES ('477', '803', '0', 'R', 'Y', '', 'N', 'N', '', '0', 'M', 'A', '10', '');
INSERT INTO cscart_product_options (`option_id`, `product_id`, `company_id`, `option_type`, `inventory`, `regexp`, `required`, `multiupload`, `allowed_extensions`, `max_file_size`, `missing_variants_handling`, `status`, `position`, `value`) VALUES ('483', '809', '0', 'S', 'Y', '', 'N', 'N', '', '0', 'M', 'A', '10', '');
INSERT INTO cscart_product_options (`option_id`, `product_id`, `company_id`, `option_type`, `inventory`, `regexp`, `required`, `multiupload`, `allowed_extensions`, `max_file_size`, `missing_variants_handling`, `status`, `position`, `value`) VALUES ('422', '761', '0', 'S', 'Y', '', 'N', 'N', '', '0', 'M', 'A', '10', '');
INSERT INTO cscart_product_options (`option_id`, `product_id`, `company_id`, `option_type`, `inventory`, `regexp`, `required`, `multiupload`, `allowed_extensions`, `max_file_size`, `missing_variants_handling`, `status`, `position`, `value`) VALUES ('425', '764', '0', 'S', 'Y', '', 'N', 'N', '', '0', 'M', 'A', '10', '');
INSERT INTO cscart_product_options (`option_id`, `product_id`, `company_id`, `option_type`, `inventory`, `regexp`, `required`, `multiupload`, `allowed_extensions`, `max_file_size`, `missing_variants_handling`, `status`, `position`, `value`) VALUES ('440', '776', '0', 'S', 'Y', '', 'N', 'N', '', '0', 'M', 'A', '10', '');
INSERT INTO cscart_product_options (`option_id`, `product_id`, `company_id`, `option_type`, `inventory`, `regexp`, `required`, `multiupload`, `allowed_extensions`, `max_file_size`, `missing_variants_handling`, `status`, `position`, `value`) VALUES ('443', '778', '0', 'S', 'Y', '', 'N', 'N', '', '0', 'M', 'A', '10', '');
INSERT INTO cscart_product_options (`option_id`, `product_id`, `company_id`, `option_type`, `inventory`, `regexp`, `required`, `multiupload`, `allowed_extensions`, `max_file_size`, `missing_variants_handling`, `status`, `position`, `value`) VALUES ('444', '778', '0', 'R', 'Y', '', 'N', 'N', '', '0', 'M', 'A', '10', '');
INSERT INTO cscart_product_options (`option_id`, `product_id`, `company_id`, `option_type`, `inventory`, `regexp`, `required`, `multiupload`, `allowed_extensions`, `max_file_size`, `missing_variants_handling`, `status`, `position`, `value`) VALUES ('445', '778', '0', 'R', 'Y', '', 'N', 'N', '', '0', 'M', 'A', '10', '');
INSERT INTO cscart_product_options (`option_id`, `product_id`, `company_id`, `option_type`, `inventory`, `regexp`, `required`, `multiupload`, `allowed_extensions`, `max_file_size`, `missing_variants_handling`, `status`, `position`, `value`) VALUES ('485', '809', '0', 'S', 'Y', '', 'N', 'N', '', '0', 'M', 'A', '10', '');
INSERT INTO cscart_product_options (`option_id`, `product_id`, `company_id`, `option_type`, `inventory`, `regexp`, `required`, `multiupload`, `allowed_extensions`, `max_file_size`, `missing_variants_handling`, `status`, `position`, `value`) VALUES ('490', '812', '0', 'S', 'Y', '', 'N', 'N', '', '0', 'M', 'A', '10', '');
INSERT INTO cscart_product_options (`option_id`, `product_id`, `company_id`, `option_type`, `inventory`, `regexp`, `required`, `multiupload`, `allowed_extensions`, `max_file_size`, `missing_variants_handling`, `status`, `position`, `value`) VALUES ('491', '812', '0', 'S', 'Y', '', 'N', 'N', '', '0', 'M', 'A', '10', '');
INSERT INTO cscart_product_options (`option_id`, `product_id`, `company_id`, `option_type`, `inventory`, `regexp`, `required`, `multiupload`, `allowed_extensions`, `max_file_size`, `missing_variants_handling`, `status`, `position`, `value`) VALUES ('499', '817', '0', 'S', 'Y', '', 'N', 'N', '', '0', 'M', 'A', '10', '');
INSERT INTO cscart_product_options (`option_id`, `product_id`, `company_id`, `option_type`, `inventory`, `regexp`, `required`, `multiupload`, `allowed_extensions`, `max_file_size`, `missing_variants_handling`, `status`, `position`, `value`) VALUES ('500', '817', '0', 'S', 'Y', '', 'N', 'N', '', '0', 'M', 'A', '10', '');
INSERT INTO cscart_product_options (`option_id`, `product_id`, `company_id`, `option_type`, `inventory`, `regexp`, `required`, `multiupload`, `allowed_extensions`, `max_file_size`, `missing_variants_handling`, `status`, `position`, `value`) VALUES ('506', '821', '0', 'S', 'Y', '', 'N', 'N', '', '0', 'M', 'A', '10', '');
INSERT INTO cscart_product_options (`option_id`, `product_id`, `company_id`, `option_type`, `inventory`, `regexp`, `required`, `multiupload`, `allowed_extensions`, `max_file_size`, `missing_variants_handling`, `status`, `position`, `value`) VALUES ('507', '821', '0', 'S', 'Y', '', 'N', 'N', '', '0', 'M', 'A', '10', '');
INSERT INTO cscart_product_options (`option_id`, `product_id`, `company_id`, `option_type`, `inventory`, `regexp`, `required`, `multiupload`, `allowed_extensions`, `max_file_size`, `missing_variants_handling`, `status`, `position`, `value`) VALUES ('511', '823', '0', 'S', 'Y', '', 'N', 'N', '', '0', 'M', 'A', '10', '');
INSERT INTO cscart_product_options (`option_id`, `product_id`, `company_id`, `option_type`, `inventory`, `regexp`, `required`, `multiupload`, `allowed_extensions`, `max_file_size`, `missing_variants_handling`, `status`, `position`, `value`) VALUES ('515', '826', '0', 'S', 'Y', '', 'N', 'N', '', '0', 'M', 'A', '10', '');
INSERT INTO cscart_product_options (`option_id`, `product_id`, `company_id`, `option_type`, `inventory`, `regexp`, `required`, `multiupload`, `allowed_extensions`, `max_file_size`, `missing_variants_handling`, `status`, `position`, `value`) VALUES ('516', '826', '0', 'S', 'Y', '', 'N', 'N', '', '0', 'M', 'A', '10', '');
INSERT INTO cscart_product_options (`option_id`, `product_id`, `company_id`, `option_type`, `inventory`, `regexp`, `required`, `multiupload`, `allowed_extensions`, `max_file_size`, `missing_variants_handling`, `status`, `position`, `value`) VALUES ('590', '1285', '0', 'S', 'Y', '', 'N', 'N', '', '0', 'M', 'A', '10', '');
INSERT INTO cscart_product_options (`option_id`, `product_id`, `company_id`, `option_type`, `inventory`, `regexp`, `required`, `multiupload`, `allowed_extensions`, `max_file_size`, `missing_variants_handling`, `status`, `position`, `value`) VALUES ('591', '1285', '0', 'S', 'Y', '', 'N', 'N', '', '0', 'M', 'A', '10', '');
INSERT INTO cscart_product_options (`option_id`, `product_id`, `company_id`, `option_type`, `inventory`, `regexp`, `required`, `multiupload`, `allowed_extensions`, `max_file_size`, `missing_variants_handling`, `status`, `position`, `value`) VALUES ('594', '1287', '0', 'R', 'Y', '', 'N', 'N', '', '0', 'M', 'A', '10', '');
INSERT INTO cscart_product_options (`option_id`, `product_id`, `company_id`, `option_type`, `inventory`, `regexp`, `required`, `multiupload`, `allowed_extensions`, `max_file_size`, `missing_variants_handling`, `status`, `position`, `value`) VALUES ('600', '1291', '0', 'S', 'Y', '', 'N', 'N', '', '0', 'M', 'A', '10', '');
INSERT INTO cscart_product_options (`option_id`, `product_id`, `company_id`, `option_type`, `inventory`, `regexp`, `required`, `multiupload`, `allowed_extensions`, `max_file_size`, `missing_variants_handling`, `status`, `position`, `value`) VALUES ('601', '1291', '0', 'S', 'Y', '', 'N', 'N', '', '0', 'M', 'A', '10', '');
INSERT INTO cscart_product_options (`option_id`, `product_id`, `company_id`, `option_type`, `inventory`, `regexp`, `required`, `multiupload`, `allowed_extensions`, `max_file_size`, `missing_variants_handling`, `status`, `position`, `value`) VALUES ('679', '1524', '0', 'S', 'Y', '', 'N', 'N', '', '0', 'M', 'A', '10', '');
INSERT INTO cscart_product_options (`option_id`, `product_id`, `company_id`, `option_type`, `inventory`, `regexp`, `required`, `multiupload`, `allowed_extensions`, `max_file_size`, `missing_variants_handling`, `status`, `position`, `value`) VALUES ('680', '1524', '0', 'R', 'Y', '', 'N', 'N', '', '0', 'M', 'A', '10', '');
INSERT INTO cscart_product_options (`option_id`, `product_id`, `company_id`, `option_type`, `inventory`, `regexp`, `required`, `multiupload`, `allowed_extensions`, `max_file_size`, `missing_variants_handling`, `status`, `position`, `value`) VALUES ('683', '1526', '0', 'S', 'Y', '', 'N', 'N', '', '0', 'M', 'A', '10', '');
INSERT INTO cscart_product_options (`option_id`, `product_id`, `company_id`, `option_type`, `inventory`, `regexp`, `required`, `multiupload`, `allowed_extensions`, `max_file_size`, `missing_variants_handling`, `status`, `position`, `value`) VALUES ('684', '1526', '0', 'S', 'Y', '', 'N', 'N', '', '0', 'M', 'A', '10', '');
INSERT INTO cscart_product_options (`option_id`, `product_id`, `company_id`, `option_type`, `inventory`, `regexp`, `required`, `multiupload`, `allowed_extensions`, `max_file_size`, `missing_variants_handling`, `status`, `position`, `value`) VALUES ('685', '1527', '0', 'S', 'Y', '', 'N', 'N', '', '0', 'M', 'A', '10', '');
INSERT INTO cscart_product_options (`option_id`, `product_id`, `company_id`, `option_type`, `inventory`, `regexp`, `required`, `multiupload`, `allowed_extensions`, `max_file_size`, `missing_variants_handling`, `status`, `position`, `value`) VALUES ('686', '1527', '0', 'S', 'Y', '', 'N', 'N', '', '0', 'M', 'A', '10', '');
INSERT INTO cscart_product_options (`option_id`, `product_id`, `company_id`, `option_type`, `inventory`, `regexp`, `required`, `multiupload`, `allowed_extensions`, `max_file_size`, `missing_variants_handling`, `status`, `position`, `value`) VALUES ('689', '1529', '0', 'S', 'Y', '', 'N', 'N', '', '0', 'M', 'A', '10', '');
INSERT INTO cscart_product_options (`option_id`, `product_id`, `company_id`, `option_type`, `inventory`, `regexp`, `required`, `multiupload`, `allowed_extensions`, `max_file_size`, `missing_variants_handling`, `status`, `position`, `value`) VALUES ('690', '1529', '0', 'R', 'Y', '', 'N', 'N', '', '0', 'M', 'A', '10', '');
INSERT INTO cscart_product_options (`option_id`, `product_id`, `company_id`, `option_type`, `inventory`, `regexp`, `required`, `multiupload`, `allowed_extensions`, `max_file_size`, `missing_variants_handling`, `status`, `position`, `value`) VALUES ('692', '1533', '0', 'S', 'Y', '', 'N', 'N', '', '0', 'M', 'A', '10', '');
INSERT INTO cscart_product_options (`option_id`, `product_id`, `company_id`, `option_type`, `inventory`, `regexp`, `required`, `multiupload`, `allowed_extensions`, `max_file_size`, `missing_variants_handling`, `status`, `position`, `value`) VALUES ('693', '1533', '0', 'R', 'Y', '', 'N', 'N', '', '0', 'M', 'A', '10', '');
INSERT INTO cscart_product_options (`option_id`, `product_id`, `company_id`, `option_type`, `inventory`, `regexp`, `required`, `multiupload`, `allowed_extensions`, `max_file_size`, `missing_variants_handling`, `status`, `position`, `value`) VALUES ('698', '1537', '0', 'S', 'Y', '', 'N', 'N', '', '0', 'M', 'A', '10', '');
INSERT INTO cscart_product_options (`option_id`, `product_id`, `company_id`, `option_type`, `inventory`, `regexp`, `required`, `multiupload`, `allowed_extensions`, `max_file_size`, `missing_variants_handling`, `status`, `position`, `value`) VALUES ('703', '1542', '0', 'S', 'Y', '', 'N', 'N', '', '0', 'M', 'A', '10', '');
INSERT INTO cscart_product_options (`option_id`, `product_id`, `company_id`, `option_type`, `inventory`, `regexp`, `required`, `multiupload`, `allowed_extensions`, `max_file_size`, `missing_variants_handling`, `status`, `position`, `value`) VALUES ('718', '1552', '0', 'S', 'Y', '', 'N', 'N', '', '0', 'M', 'A', '10', '');
INSERT INTO cscart_product_options (`option_id`, `product_id`, `company_id`, `option_type`, `inventory`, `regexp`, `required`, `multiupload`, `allowed_extensions`, `max_file_size`, `missing_variants_handling`, `status`, `position`, `value`) VALUES ('719', '1552', '0', 'S', 'Y', '', 'N', 'N', '', '0', 'M', 'A', '10', '');
INSERT INTO cscart_product_options (`option_id`, `product_id`, `company_id`, `option_type`, `inventory`, `regexp`, `required`, `multiupload`, `allowed_extensions`, `max_file_size`, `missing_variants_handling`, `status`, `position`, `value`) VALUES ('720', '1553', '0', 'S', 'Y', '', 'N', 'N', '', '0', 'M', 'A', '10', '');
INSERT INTO cscart_product_options (`option_id`, `product_id`, `company_id`, `option_type`, `inventory`, `regexp`, `required`, `multiupload`, `allowed_extensions`, `max_file_size`, `missing_variants_handling`, `status`, `position`, `value`) VALUES ('721', '1553', '0', 'S', 'Y', '', 'N', 'N', '', '0', 'M', 'A', '10', '');
INSERT INTO cscart_product_options (`option_id`, `product_id`, `company_id`, `option_type`, `inventory`, `regexp`, `required`, `multiupload`, `allowed_extensions`, `max_file_size`, `missing_variants_handling`, `status`, `position`, `value`) VALUES ('724', '1555', '0', 'S', 'Y', '', 'N', 'N', '', '0', 'M', 'A', '10', '');
INSERT INTO cscart_product_options (`option_id`, `product_id`, `company_id`, `option_type`, `inventory`, `regexp`, `required`, `multiupload`, `allowed_extensions`, `max_file_size`, `missing_variants_handling`, `status`, `position`, `value`) VALUES ('725', '1555', '0', 'S', 'Y', '', 'N', 'N', '', '0', 'M', 'A', '10', '');
INSERT INTO cscart_product_options (`option_id`, `product_id`, `company_id`, `option_type`, `inventory`, `regexp`, `required`, `multiupload`, `allowed_extensions`, `max_file_size`, `missing_variants_handling`, `status`, `position`, `value`) VALUES ('726', '1556', '0', 'S', 'Y', '', 'N', 'N', '', '0', 'M', 'A', '10', '');
INSERT INTO cscart_product_options (`option_id`, `product_id`, `company_id`, `option_type`, `inventory`, `regexp`, `required`, `multiupload`, `allowed_extensions`, `max_file_size`, `missing_variants_handling`, `status`, `position`, `value`) VALUES ('727', '1556', '0', 'S', 'Y', '', 'N', 'N', '', '0', 'M', 'A', '10', '');
INSERT INTO cscart_product_options (`option_id`, `product_id`, `company_id`, `option_type`, `inventory`, `regexp`, `required`, `multiupload`, `allowed_extensions`, `max_file_size`, `missing_variants_handling`, `status`, `position`, `value`) VALUES ('728', '1557', '0', 'S', 'Y', '', 'N', 'N', '', '0', 'M', 'A', '10', '');
INSERT INTO cscart_product_options (`option_id`, `product_id`, `company_id`, `option_type`, `inventory`, `regexp`, `required`, `multiupload`, `allowed_extensions`, `max_file_size`, `missing_variants_handling`, `status`, `position`, `value`) VALUES ('729', '1557', '0', 'S', 'Y', '', 'N', 'N', '', '0', 'M', 'A', '10', '');
INSERT INTO cscart_product_options (`option_id`, `product_id`, `company_id`, `option_type`, `inventory`, `regexp`, `required`, `multiupload`, `allowed_extensions`, `max_file_size`, `missing_variants_handling`, `status`, `position`, `value`) VALUES ('733', '1560', '0', 'S', 'Y', '', 'N', 'N', '', '0', 'M', 'A', '10', '');
INSERT INTO cscart_product_options (`option_id`, `product_id`, `company_id`, `option_type`, `inventory`, `regexp`, `required`, `multiupload`, `allowed_extensions`, `max_file_size`, `missing_variants_handling`, `status`, `position`, `value`) VALUES ('734', '0', '0', 'S', 'Y', '', 'N', 'N', '', '0', 'M', 'A', '10', '');
INSERT INTO cscart_product_options (`option_id`, `product_id`, `company_id`, `option_type`, `inventory`, `regexp`, `required`, `multiupload`, `allowed_extensions`, `max_file_size`, `missing_variants_handling`, `status`, `position`, `value`) VALUES ('735', '0', '0', 'S', 'Y', '', 'N', 'N', '', '0', 'M', 'A', '20', '');
INSERT INTO cscart_product_options_descriptions (`option_id`, `lang_code`, `option_name`, `option_text`, `description`, `comment`, `inner_hint`, `incorrect_message`) VALUES ('473', 'EN', 'Color', '', '', '', '', '');
INSERT INTO cscart_product_options_descriptions (`option_id`, `lang_code`, `option_name`, `option_text`, `description`, `comment`, `inner_hint`, `incorrect_message`) VALUES ('472', 'EN', 'Clothing Size', '', '', '', '', '');
INSERT INTO cscart_product_options_descriptions (`option_id`, `lang_code`, `option_name`, `option_text`, `description`, `comment`, `inner_hint`, `incorrect_message`) VALUES ('485', 'EN', 'Department', '', '', '', '', '');
INSERT INTO cscart_product_options_descriptions (`option_id`, `lang_code`, `option_name`, `option_text`, `description`, `comment`, `inner_hint`, `incorrect_message`) VALUES ('477', 'EN', 'Clothing Size', '', '', '', '', '');
INSERT INTO cscart_product_options_descriptions (`option_id`, `lang_code`, `option_name`, `option_text`, `description`, `comment`, `inner_hint`, `incorrect_message`) VALUES ('483', 'EN', 'Clothing Size', '', '', '', '', '');
INSERT INTO cscart_product_options_descriptions (`option_id`, `lang_code`, `option_name`, `option_text`, `description`, `comment`, `inner_hint`, `incorrect_message`) VALUES ('484', 'EN', 'Color', '', '', '', '', '');
INSERT INTO cscart_product_options_descriptions (`option_id`, `lang_code`, `option_name`, `option_text`, `description`, `comment`, `inner_hint`, `incorrect_message`) VALUES ('445', 'EN', 'Product Group', '', '', '', '', '');
INSERT INTO cscart_product_options_descriptions (`option_id`, `lang_code`, `option_name`, `option_text`, `description`, `comment`, `inner_hint`, `incorrect_message`) VALUES ('444', 'EN', 'Color', '', '', '', '', '');
INSERT INTO cscart_product_options_descriptions (`option_id`, `lang_code`, `option_name`, `option_text`, `description`, `comment`, `inner_hint`, `incorrect_message`) VALUES ('443', 'EN', 'Clothing Size', '', '', '', '', '');
INSERT INTO cscart_product_options_descriptions (`option_id`, `lang_code`, `option_name`, `option_text`, `description`, `comment`, `inner_hint`, `incorrect_message`) VALUES ('440', 'EN', 'Clothing Size', '', '', '', '', '');
INSERT INTO cscart_product_options_descriptions (`option_id`, `lang_code`, `option_name`, `option_text`, `description`, `comment`, `inner_hint`, `incorrect_message`) VALUES ('422', 'EN', 'Clothing Size', '', '', '', '', '');
INSERT INTO cscart_product_options_descriptions (`option_id`, `lang_code`, `option_name`, `option_text`, `description`, `comment`, `inner_hint`, `incorrect_message`) VALUES ('425', 'EN', 'Clothing Size', '', '', '', '', '');
INSERT INTO cscart_product_options_descriptions (`option_id`, `lang_code`, `option_name`, `option_text`, `description`, `comment`, `inner_hint`, `incorrect_message`) VALUES ('490', 'EN', 'Clothing Size', '', '', '', '', '');
INSERT INTO cscart_product_options_descriptions (`option_id`, `lang_code`, `option_name`, `option_text`, `description`, `comment`, `inner_hint`, `incorrect_message`) VALUES ('491', 'EN', 'Color', '', '', '', '', '');
INSERT INTO cscart_product_options_descriptions (`option_id`, `lang_code`, `option_name`, `option_text`, `description`, `comment`, `inner_hint`, `incorrect_message`) VALUES ('499', 'EN', 'Clothing Size', '', '', '', '', '');
INSERT INTO cscart_product_options_descriptions (`option_id`, `lang_code`, `option_name`, `option_text`, `description`, `comment`, `inner_hint`, `incorrect_message`) VALUES ('500', 'EN', 'Color', '', '', '', '', '');
INSERT INTO cscart_product_options_descriptions (`option_id`, `lang_code`, `option_name`, `option_text`, `description`, `comment`, `inner_hint`, `incorrect_message`) VALUES ('506', 'EN', 'Clothing Size', '', '', '', '', '');
INSERT INTO cscart_product_options_descriptions (`option_id`, `lang_code`, `option_name`, `option_text`, `description`, `comment`, `inner_hint`, `incorrect_message`) VALUES ('507', 'EN', 'Color', '', '', '', '', '');
INSERT INTO cscart_product_options_descriptions (`option_id`, `lang_code`, `option_name`, `option_text`, `description`, `comment`, `inner_hint`, `incorrect_message`) VALUES ('511', 'EN', 'Clothing Size', '', '', '', '', '');
INSERT INTO cscart_product_options_descriptions (`option_id`, `lang_code`, `option_name`, `option_text`, `description`, `comment`, `inner_hint`, `incorrect_message`) VALUES ('515', 'EN', 'Clothing Size', '', '', '', '', '');
INSERT INTO cscart_product_options_descriptions (`option_id`, `lang_code`, `option_name`, `option_text`, `description`, `comment`, `inner_hint`, `incorrect_message`) VALUES ('516', 'EN', 'Color', '', '', '', '', '');
INSERT INTO cscart_product_options_descriptions (`option_id`, `lang_code`, `option_name`, `option_text`, `description`, `comment`, `inner_hint`, `incorrect_message`) VALUES ('591', 'EN', 'Color', '', '', '', '', '');
INSERT INTO cscart_product_options_descriptions (`option_id`, `lang_code`, `option_name`, `option_text`, `description`, `comment`, `inner_hint`, `incorrect_message`) VALUES ('590', 'EN', 'Clothing Size', '', '', '', '', '');
INSERT INTO cscart_product_options_descriptions (`option_id`, `lang_code`, `option_name`, `option_text`, `description`, `comment`, `inner_hint`, `incorrect_message`) VALUES ('594', 'EN', 'Clothing Size', '', '', '', '', '');
INSERT INTO cscart_product_options_descriptions (`option_id`, `lang_code`, `option_name`, `option_text`, `description`, `comment`, `inner_hint`, `incorrect_message`) VALUES ('600', 'EN', 'Clothing Size', '', '', '', '', '');
INSERT INTO cscart_product_options_descriptions (`option_id`, `lang_code`, `option_name`, `option_text`, `description`, `comment`, `inner_hint`, `incorrect_message`) VALUES ('601', 'EN', 'Color', '', '', '', '', '');
INSERT INTO cscart_product_options_descriptions (`option_id`, `lang_code`, `option_name`, `option_text`, `description`, `comment`, `inner_hint`, `incorrect_message`) VALUES ('733', 'EN', 'Clothing Size', '', '', '', '', '');
INSERT INTO cscart_product_options_descriptions (`option_id`, `lang_code`, `option_name`, `option_text`, `description`, `comment`, `inner_hint`, `incorrect_message`) VALUES ('729', 'EN', 'Color', '', '', '', '', '');
INSERT INTO cscart_product_options_descriptions (`option_id`, `lang_code`, `option_name`, `option_text`, `description`, `comment`, `inner_hint`, `incorrect_message`) VALUES ('728', 'EN', 'Clothing Size', '', '', '', '', '');
INSERT INTO cscart_product_options_descriptions (`option_id`, `lang_code`, `option_name`, `option_text`, `description`, `comment`, `inner_hint`, `incorrect_message`) VALUES ('727', 'EN', 'Color', '', '', '', '', '');
INSERT INTO cscart_product_options_descriptions (`option_id`, `lang_code`, `option_name`, `option_text`, `description`, `comment`, `inner_hint`, `incorrect_message`) VALUES ('726', 'EN', 'Clothing Size', '', '', '', '', '');
INSERT INTO cscart_product_options_descriptions (`option_id`, `lang_code`, `option_name`, `option_text`, `description`, `comment`, `inner_hint`, `incorrect_message`) VALUES ('725', 'EN', 'Color', '', '', '', '', '');
INSERT INTO cscart_product_options_descriptions (`option_id`, `lang_code`, `option_name`, `option_text`, `description`, `comment`, `inner_hint`, `incorrect_message`) VALUES ('724', 'EN', 'Clothing Size', '', '', '', '', '');
INSERT INTO cscart_product_options_descriptions (`option_id`, `lang_code`, `option_name`, `option_text`, `description`, `comment`, `inner_hint`, `incorrect_message`) VALUES ('721', 'EN', 'Color', '', '', '', '', '');
INSERT INTO cscart_product_options_descriptions (`option_id`, `lang_code`, `option_name`, `option_text`, `description`, `comment`, `inner_hint`, `incorrect_message`) VALUES ('720', 'EN', 'Clothing Size', '', '', '', '', '');
INSERT INTO cscart_product_options_descriptions (`option_id`, `lang_code`, `option_name`, `option_text`, `description`, `comment`, `inner_hint`, `incorrect_message`) VALUES ('719', 'EN', 'Color', '', '', '', '', '');
INSERT INTO cscart_product_options_descriptions (`option_id`, `lang_code`, `option_name`, `option_text`, `description`, `comment`, `inner_hint`, `incorrect_message`) VALUES ('718', 'EN', 'Clothing Size', '', '', '', '', '');
INSERT INTO cscart_product_options_descriptions (`option_id`, `lang_code`, `option_name`, `option_text`, `description`, `comment`, `inner_hint`, `incorrect_message`) VALUES ('703', 'EN', 'Clothing Size', '', '', '', '', '');
INSERT INTO cscart_product_options_descriptions (`option_id`, `lang_code`, `option_name`, `option_text`, `description`, `comment`, `inner_hint`, `incorrect_message`) VALUES ('698', 'EN', 'Clothing Size', '', '', '', '', '');
INSERT INTO cscart_product_options_descriptions (`option_id`, `lang_code`, `option_name`, `option_text`, `description`, `comment`, `inner_hint`, `incorrect_message`) VALUES ('693', 'EN', 'Color', '', '', '', '', '');
INSERT INTO cscart_product_options_descriptions (`option_id`, `lang_code`, `option_name`, `option_text`, `description`, `comment`, `inner_hint`, `incorrect_message`) VALUES ('692', 'EN', 'Clothing Size', '', '', '', '', '');
INSERT INTO cscart_product_options_descriptions (`option_id`, `lang_code`, `option_name`, `option_text`, `description`, `comment`, `inner_hint`, `incorrect_message`) VALUES ('690', 'EN', 'Color', '', '', '', '', '');
INSERT INTO cscart_product_options_descriptions (`option_id`, `lang_code`, `option_name`, `option_text`, `description`, `comment`, `inner_hint`, `incorrect_message`) VALUES ('689', 'EN', 'Clothing Size', '', '', '', '', '');
INSERT INTO cscart_product_options_descriptions (`option_id`, `lang_code`, `option_name`, `option_text`, `description`, `comment`, `inner_hint`, `incorrect_message`) VALUES ('686', 'EN', 'Color', '', '', '', '', '');
INSERT INTO cscart_product_options_descriptions (`option_id`, `lang_code`, `option_name`, `option_text`, `description`, `comment`, `inner_hint`, `incorrect_message`) VALUES ('685', 'EN', 'Clothing Size', '', '', '', '', '');
INSERT INTO cscart_product_options_descriptions (`option_id`, `lang_code`, `option_name`, `option_text`, `description`, `comment`, `inner_hint`, `incorrect_message`) VALUES ('684', 'EN', 'Color', '', '', '', '', '');
INSERT INTO cscart_product_options_descriptions (`option_id`, `lang_code`, `option_name`, `option_text`, `description`, `comment`, `inner_hint`, `incorrect_message`) VALUES ('683', 'EN', 'Clothing Size', '', '', '', '', '');
INSERT INTO cscart_product_options_descriptions (`option_id`, `lang_code`, `option_name`, `option_text`, `description`, `comment`, `inner_hint`, `incorrect_message`) VALUES ('680', 'EN', 'Color', '', '', '', '', '');
INSERT INTO cscart_product_options_descriptions (`option_id`, `lang_code`, `option_name`, `option_text`, `description`, `comment`, `inner_hint`, `incorrect_message`) VALUES ('679', 'EN', 'Clothing Size', '', '', '', '', '');
INSERT INTO cscart_product_options_descriptions (`option_id`, `lang_code`, `option_name`, `option_text`, `description`, `comment`, `inner_hint`, `incorrect_message`) VALUES ('734', 'EN', 'Color', 'Color', '', '', '', '');
INSERT INTO cscart_product_options_descriptions (`option_id`, `lang_code`, `option_name`, `option_text`, `description`, `comment`, `inner_hint`, `incorrect_message`) VALUES ('735', 'EN', 'Size', 'Size', '', '', '', '');
INSERT INTO cscart_product_prices (`product_id`, `price`, `lower_limit`, `usergroup_id`) VALUES ('829', '280.00', '1', '0');
INSERT INTO cscart_product_prices (`product_id`, `price`, `lower_limit`, `usergroup_id`) VALUES ('836', '229.95', '1', '0');
INSERT INTO cscart_product_prices (`product_id`, `price`, `lower_limit`, `usergroup_id`) VALUES ('887', '299.99', '1', '0');
INSERT INTO cscart_product_prices (`product_id`, `price`, `lower_limit`, `usergroup_id`) VALUES ('890', '799.99', '1', '0');
INSERT INTO cscart_product_prices (`product_id`, `price`, `lower_limit`, `usergroup_id`) VALUES ('892', '499.95', '1', '0');
INSERT INTO cscart_product_prices (`product_id`, `price`, `lower_limit`, `usergroup_id`) VALUES ('903', '179.99', '1', '0');
INSERT INTO cscart_product_prices (`product_id`, `price`, `lower_limit`, `usergroup_id`) VALUES ('877', '4499.99', '1', '0');
INSERT INTO cscart_product_prices (`product_id`, `price`, `lower_limit`, `usergroup_id`) VALUES ('878', '2499.00', '1', '0');
INSERT INTO cscart_product_prices (`product_id`, `price`, `lower_limit`, `usergroup_id`) VALUES ('879', '4999.99', '1', '0');
INSERT INTO cscart_product_prices (`product_id`, `price`, `lower_limit`, `usergroup_id`) VALUES ('885', '199.00', '1', '0');
INSERT INTO cscart_product_prices (`product_id`, `price`, `lower_limit`, `usergroup_id`) VALUES ('886', '599.99', '1', '0');
INSERT INTO cscart_product_prices (`product_id`, `price`, `lower_limit`, `usergroup_id`) VALUES ('867', '5499.99', '1', '0');
INSERT INTO cscart_product_prices (`product_id`, `price`, `lower_limit`, `usergroup_id`) VALUES ('869', '6999.99', '1', '0');
INSERT INTO cscart_product_prices (`product_id`, `price`, `lower_limit`, `usergroup_id`) VALUES ('863', '2999.95', '1', '0');
INSERT INTO cscart_product_prices (`product_id`, `price`, `lower_limit`, `usergroup_id`) VALUES ('1045', '29.99', '1', '0');
INSERT INTO cscart_product_prices (`product_id`, `price`, `lower_limit`, `usergroup_id`) VALUES ('1054', '18.98', '1', '0');
INSERT INTO cscart_product_prices (`product_id`, `price`, `lower_limit`, `usergroup_id`) VALUES ('1052', '16.98', '1', '0');
INSERT INTO cscart_product_prices (`product_id`, `price`, `lower_limit`, `usergroup_id`) VALUES ('1050', '13.98', '1', '0');
INSERT INTO cscart_product_prices (`product_id`, `price`, `lower_limit`, `usergroup_id`) VALUES ('909', '679.99', '1', '0');
INSERT INTO cscart_product_prices (`product_id`, `price`, `lower_limit`, `usergroup_id`) VALUES ('778', '35.00', '1', '0');
INSERT INTO cscart_product_prices (`product_id`, `price`, `lower_limit`, `usergroup_id`) VALUES ('744', '119.99', '1', '0');
INSERT INTO cscart_product_prices (`product_id`, `price`, `lower_limit`, `usergroup_id`) VALUES ('743', '199.99', '1', '0');
INSERT INTO cscart_product_prices (`product_id`, `price`, `lower_limit`, `usergroup_id`) VALUES ('742', '449.99', '1', '0');
INSERT INTO cscart_product_prices (`product_id`, `price`, `lower_limit`, `usergroup_id`) VALUES ('764', '49.95', '1', '0');
INSERT INTO cscart_product_prices (`product_id`, `price`, `lower_limit`, `usergroup_id`) VALUES ('826', '5.59', '1', '0');
INSERT INTO cscart_product_prices (`product_id`, `price`, `lower_limit`, `usergroup_id`) VALUES ('823', '49.99', '1', '0');
INSERT INTO cscart_product_prices (`product_id`, `price`, `lower_limit`, `usergroup_id`) VALUES ('821', '3.99', '1', '0');
INSERT INTO cscart_product_prices (`product_id`, `price`, `lower_limit`, `usergroup_id`) VALUES ('817', '4.50', '1', '0');
INSERT INTO cscart_product_prices (`product_id`, `price`, `lower_limit`, `usergroup_id`) VALUES ('800', '99.95', '1', '0');
INSERT INTO cscart_product_prices (`product_id`, `price`, `lower_limit`, `usergroup_id`) VALUES ('803', '16.99', '1', '0');
INSERT INTO cscart_product_prices (`product_id`, `price`, `lower_limit`, `usergroup_id`) VALUES ('804', '15.99', '1', '0');
INSERT INTO cscart_product_prices (`product_id`, `price`, `lower_limit`, `usergroup_id`) VALUES ('809', '6.95', '1', '0');
INSERT INTO cscart_product_prices (`product_id`, `price`, `lower_limit`, `usergroup_id`) VALUES ('812', '3.99', '1', '0');
INSERT INTO cscart_product_prices (`product_id`, `price`, `lower_limit`, `usergroup_id`) VALUES ('749', '299.99', '1', '0');
INSERT INTO cscart_product_prices (`product_id`, `price`, `lower_limit`, `usergroup_id`) VALUES ('745', '499.99', '1', '0');
INSERT INTO cscart_product_prices (`product_id`, `price`, `lower_limit`, `usergroup_id`) VALUES ('899', '499.99', '1', '0');
INSERT INTO cscart_product_prices (`product_id`, `price`, `lower_limit`, `usergroup_id`) VALUES ('761', '10.00', '1', '0');
INSERT INTO cscart_product_prices (`product_id`, `price`, `lower_limit`, `usergroup_id`) VALUES ('776', '84.99', '1', '0');
INSERT INTO cscart_product_prices (`product_id`, `price`, `lower_limit`, `usergroup_id`) VALUES ('1028', '199.94', '1', '0');
INSERT INTO cscart_product_prices (`product_id`, `price`, `lower_limit`, `usergroup_id`) VALUES ('1030', '29.99', '1', '0');
INSERT INTO cscart_product_prices (`product_id`, `price`, `lower_limit`, `usergroup_id`) VALUES ('1034', '59.98', '1', '0');
INSERT INTO cscart_product_prices (`product_id`, `price`, `lower_limit`, `usergroup_id`) VALUES ('1035', '13.99', '1', '0');
INSERT INTO cscart_product_prices (`product_id`, `price`, `lower_limit`, `usergroup_id`) VALUES ('1060', '19.98', '1', '0');
INSERT INTO cscart_product_prices (`product_id`, `price`, `lower_limit`, `usergroup_id`) VALUES ('1061', '18.98', '1', '0');
INSERT INTO cscart_product_prices (`product_id`, `price`, `lower_limit`, `usergroup_id`) VALUES ('1062', '18.98', '1', '0');
INSERT INTO cscart_product_prices (`product_id`, `price`, `lower_limit`, `usergroup_id`) VALUES ('1064', '13.98', '1', '0');
INSERT INTO cscart_product_prices (`product_id`, `price`, `lower_limit`, `usergroup_id`) VALUES ('1065', '18.98', '1', '0');
INSERT INTO cscart_product_prices (`product_id`, `price`, `lower_limit`, `usergroup_id`) VALUES ('1066', '18.98', '1', '0');
INSERT INTO cscart_product_prices (`product_id`, `price`, `lower_limit`, `usergroup_id`) VALUES ('1067', '13.98', '1', '0');
INSERT INTO cscart_product_prices (`product_id`, `price`, `lower_limit`, `usergroup_id`) VALUES ('1069', '18.98', '1', '0');
INSERT INTO cscart_product_prices (`product_id`, `price`, `lower_limit`, `usergroup_id`) VALUES ('1091', '279.99', '1', '0');
INSERT INTO cscart_product_prices (`product_id`, `price`, `lower_limit`, `usergroup_id`) VALUES ('1094', '199.99', '1', '0');
INSERT INTO cscart_product_prices (`product_id`, `price`, `lower_limit`, `usergroup_id`) VALUES ('1096', '249.99', '1', '0');
INSERT INTO cscart_product_prices (`product_id`, `price`, `lower_limit`, `usergroup_id`) VALUES ('1104', '599.99', '1', '0');
INSERT INTO cscart_product_prices (`product_id`, `price`, `lower_limit`, `usergroup_id`) VALUES ('1106', '549.99', '1', '0');
INSERT INTO cscart_product_prices (`product_id`, `price`, `lower_limit`, `usergroup_id`) VALUES ('1108', '800.00', '1', '0');
INSERT INTO cscart_product_prices (`product_id`, `price`, `lower_limit`, `usergroup_id`) VALUES ('1110', '549.99', '1', '0');
INSERT INTO cscart_product_prices (`product_id`, `price`, `lower_limit`, `usergroup_id`) VALUES ('1115', '594.00', '1', '0');
INSERT INTO cscart_product_prices (`product_id`, `price`, `lower_limit`, `usergroup_id`) VALUES ('1120', '499.88', '1', '0');
INSERT INTO cscart_product_prices (`product_id`, `price`, `lower_limit`, `usergroup_id`) VALUES ('1123', '1600.00', '1', '0');
INSERT INTO cscart_product_prices (`product_id`, `price`, `lower_limit`, `usergroup_id`) VALUES ('1139', '849.99', '1', '0');
INSERT INTO cscart_product_prices (`product_id`, `price`, `lower_limit`, `usergroup_id`) VALUES ('1142', '1499.99', '1', '0');
INSERT INTO cscart_product_prices (`product_id`, `price`, `lower_limit`, `usergroup_id`) VALUES ('1153', '319.99', '1', '0');
INSERT INTO cscart_product_prices (`product_id`, `price`, `lower_limit`, `usergroup_id`) VALUES ('1163', '1500.00', '1', '0');
INSERT INTO cscart_product_prices (`product_id`, `price`, `lower_limit`, `usergroup_id`) VALUES ('1165', '1300.00', '1', '0');
INSERT INTO cscart_product_prices (`product_id`, `price`, `lower_limit`, `usergroup_id`) VALUES ('1172', '249.99', '1', '0');
INSERT INTO cscart_product_prices (`product_id`, `price`, `lower_limit`, `usergroup_id`) VALUES ('1188', '53.99', '1', '0');
INSERT INTO cscart_product_prices (`product_id`, `price`, `lower_limit`, `usergroup_id`) VALUES ('1285', '29.99', '1', '0');
INSERT INTO cscart_product_prices (`product_id`, `price`, `lower_limit`, `usergroup_id`) VALUES ('1287', '17.99', '1', '0');
INSERT INTO cscart_product_prices (`product_id`, `price`, `lower_limit`, `usergroup_id`) VALUES ('1291', '14.99', '1', '0');
INSERT INTO cscart_product_prices (`product_id`, `price`, `lower_limit`, `usergroup_id`) VALUES ('1360', '39.99', '1', '0');
INSERT INTO cscart_product_prices (`product_id`, `price`, `lower_limit`, `usergroup_id`) VALUES ('1480', '85.80', '1', '0');
INSERT INTO cscart_product_prices (`product_id`, `price`, `lower_limit`, `usergroup_id`) VALUES ('1481', '14.28', '1', '0');
INSERT INTO cscart_product_prices (`product_id`, `price`, `lower_limit`, `usergroup_id`) VALUES ('1485', '69.95', '1', '0');
INSERT INTO cscart_product_prices (`product_id`, `price`, `lower_limit`, `usergroup_id`) VALUES ('1488', '26.99', '1', '0');
INSERT INTO cscart_product_prices (`product_id`, `price`, `lower_limit`, `usergroup_id`) VALUES ('1490', '16.95', '1', '0');
INSERT INTO cscart_product_prices (`product_id`, `price`, `lower_limit`, `usergroup_id`) VALUES ('1492', '6.99', '1', '0');
INSERT INTO cscart_product_prices (`product_id`, `price`, `lower_limit`, `usergroup_id`) VALUES ('1493', '7.99', '1', '0');
INSERT INTO cscart_product_prices (`product_id`, `price`, `lower_limit`, `usergroup_id`) VALUES ('1496', '188.37', '1', '0');
INSERT INTO cscart_product_prices (`product_id`, `price`, `lower_limit`, `usergroup_id`) VALUES ('1498', '39.99', '1', '0');
INSERT INTO cscart_product_prices (`product_id`, `price`, `lower_limit`, `usergroup_id`) VALUES ('1501', '44.99', '1', '0');
INSERT INTO cscart_product_prices (`product_id`, `price`, `lower_limit`, `usergroup_id`) VALUES ('1503', '164.99', '1', '0');
INSERT INTO cscart_product_prices (`product_id`, `price`, `lower_limit`, `usergroup_id`) VALUES ('1505', '45.00', '1', '0');
INSERT INTO cscart_product_prices (`product_id`, `price`, `lower_limit`, `usergroup_id`) VALUES ('1507', '79.95', '1', '0');
INSERT INTO cscart_product_prices (`product_id`, `price`, `lower_limit`, `usergroup_id`) VALUES ('1509', '69.00', '1', '0');
INSERT INTO cscart_product_prices (`product_id`, `price`, `lower_limit`, `usergroup_id`) VALUES ('1524', '39.99', '1', '0');
INSERT INTO cscart_product_prices (`product_id`, `price`, `lower_limit`, `usergroup_id`) VALUES ('1526', '59.99', '1', '0');
INSERT INTO cscart_product_prices (`product_id`, `price`, `lower_limit`, `usergroup_id`) VALUES ('1527', '29.99', '1', '0');
INSERT INTO cscart_product_prices (`product_id`, `price`, `lower_limit`, `usergroup_id`) VALUES ('1529', '39.99', '1', '0');
INSERT INTO cscart_product_prices (`product_id`, `price`, `lower_limit`, `usergroup_id`) VALUES ('1530', '14.99', '1', '0');
INSERT INTO cscart_product_prices (`product_id`, `price`, `lower_limit`, `usergroup_id`) VALUES ('1533', '13.49', '1', '0');
INSERT INTO cscart_product_prices (`product_id`, `price`, `lower_limit`, `usergroup_id`) VALUES ('1537', '64.95', '1', '0');
INSERT INTO cscart_product_prices (`product_id`, `price`, `lower_limit`, `usergroup_id`) VALUES ('1542', '59.95', '1', '0');
INSERT INTO cscart_product_prices (`product_id`, `price`, `lower_limit`, `usergroup_id`) VALUES ('1552', '9.99', '1', '0');
INSERT INTO cscart_product_prices (`product_id`, `price`, `lower_limit`, `usergroup_id`) VALUES ('1553', '49.95', '1', '0');
INSERT INTO cscart_product_prices (`product_id`, `price`, `lower_limit`, `usergroup_id`) VALUES ('1555', '54.95', '1', '0');
INSERT INTO cscart_product_prices (`product_id`, `price`, `lower_limit`, `usergroup_id`) VALUES ('1556', '22.99', '1', '0');
INSERT INTO cscart_product_prices (`product_id`, `price`, `lower_limit`, `usergroup_id`) VALUES ('1557', '54.95', '1', '0');
INSERT INTO cscart_product_prices (`product_id`, `price`, `lower_limit`, `usergroup_id`) VALUES ('1560', '9.99', '1', '0');
INSERT INTO cscart_product_prices (`product_id`, `price`, `lower_limit`, `usergroup_id`) VALUES ('1529', '38.45', '20', '0');
INSERT INTO cscart_product_prices (`product_id`, `price`, `lower_limit`, `usergroup_id`) VALUES ('1529', '37.25', '50', '0');
INSERT INTO cscart_product_prices (`product_id`, `price`, `lower_limit`, `usergroup_id`) VALUES ('1529', '34.33', '100', '0');
INSERT INTO cscart_product_prices (`product_id`, `price`, `lower_limit`, `usergroup_id`) VALUES ('29761', '134.99', '1', '0');
INSERT INTO cscart_product_prices (`product_id`, `price`, `lower_limit`, `usergroup_id`) VALUES ('29760', '34.99', '1', '0');
INSERT INTO cscart_product_prices (`product_id`, `price`, `lower_limit`, `usergroup_id`) VALUES ('29759', '49.99', '1', '0');
INSERT INTO cscart_product_prices (`product_id`, `price`, `lower_limit`, `usergroup_id`) VALUES ('29758', '119.99', '1', '0');
INSERT INTO cscart_product_prices (`product_id`, `price`, `lower_limit`, `usergroup_id`) VALUES ('29757', '59.98', '1', '0');
INSERT INTO cscart_product_prices (`product_id`, `price`, `lower_limit`, `usergroup_id`) VALUES ('29756', '139.99', '1', '0');
INSERT INTO cscart_product_prices (`product_id`, `price`, `lower_limit`, `usergroup_id`) VALUES ('29755', '209.24', '1', '0');
INSERT INTO cscart_product_prices (`product_id`, `price`, `lower_limit`, `usergroup_id`) VALUES ('29754', '150.00', '1', '0');
INSERT INTO cscart_product_prices (`product_id`, `price`, `lower_limit`, `usergroup_id`) VALUES ('29753', '78.99', '1', '0');
INSERT INTO cscart_product_prices (`product_id`, `price`, `lower_limit`, `usergroup_id`) VALUES ('29752', '79.88', '1', '0');
INSERT INTO cscart_product_prices (`product_id`, `price`, `lower_limit`, `usergroup_id`) VALUES ('29751', '189.99', '1', '0');
INSERT INTO cscart_product_prices (`product_id`, `price`, `lower_limit`, `usergroup_id`) VALUES ('29750', '196.00', '1', '0');
INSERT INTO cscart_product_prices (`product_id`, `price`, `lower_limit`, `usergroup_id`) VALUES ('29749', '210.00', '1', '0');
INSERT INTO cscart_product_prices (`product_id`, `price`, `lower_limit`, `usergroup_id`) VALUES ('29748', '235.00', '1', '0');
INSERT INTO cscart_product_prices (`product_id`, `price`, `lower_limit`, `usergroup_id`) VALUES ('29747', '114.95', '1', '0');
INSERT INTO cscart_product_prices (`product_id`, `price`, `lower_limit`, `usergroup_id`) VALUES ('29746', '119.99', '1', '0');
INSERT INTO cscart_product_prices (`product_id`, `price`, `lower_limit`, `usergroup_id`) VALUES ('29745', '59.99', '1', '0');
INSERT INTO cscart_product_prices (`product_id`, `price`, `lower_limit`, `usergroup_id`) VALUES ('29744', '86.25', '1', '0');
INSERT INTO cscart_product_prices (`product_id`, `price`, `lower_limit`, `usergroup_id`) VALUES ('29743', '39.99', '1', '0');
INSERT INTO cscart_product_prices (`product_id`, `price`, `lower_limit`, `usergroup_id`) VALUES ('1115', '500.00', '12', '0');
INSERT INTO cscart_product_prices (`product_id`, `price`, `lower_limit`, `usergroup_id`) VALUES ('29768', '18.00', '1', '0');
INSERT INTO cscart_product_prices (`product_id`, `price`, `lower_limit`, `usergroup_id`) VALUES ('29769', '39.99', '1', '0');
INSERT INTO cscart_product_prices (`product_id`, `price`, `lower_limit`, `usergroup_id`) VALUES ('29776', '121.78', '1', '0');
INSERT INTO cscart_product_prices (`product_id`, `price`, `lower_limit`, `usergroup_id`) VALUES ('29777', '158.95', '1', '0');
INSERT INTO cscart_product_sales (`category_id`, `product_id`, `amount`) VALUES ('92', '812', '1');
INSERT INTO cscart_product_sales (`category_id`, `product_id`, `amount`) VALUES ('92', '809', '1');
INSERT INTO cscart_product_sales (`category_id`, `product_id`, `amount`) VALUES ('92', '823', '1');
INSERT INTO cscart_product_sales (`category_id`, `product_id`, `amount`) VALUES ('92', '826', '1');
INSERT INTO cscart_products (`product_id`, `product_code`, `product_type`, `owner_id`, `status`, `company_id`, `list_price`, `amount`, `weight`, `length`, `width`, `height`, `shipping_freight`, `low_avail_limit`, `timestamp`, `usergroup_ids`, `is_edp`, `edp_shipping`, `unlimited_download`, `tracking`, `free_shipping`, `feature_comparison`, `zero_price_action`, `is_pbp`, `is_op`, `is_oper`, `is_returnable`, `return_period`, `avail_since`, `out_of_stock_actions`, `localization`, `min_qty`, `max_qty`, `qty_step`, `list_qty_count`, `tax_ids`, `age_verification`, `age_limit`, `options_type`, `exceptions_type`, `details_layout`, `shipping_params`) VALUES ('903', 'B000068IG9', 'P', '0', 'A', '0', '179.99', '50', '0.00', '0', '0', '0', '0.00', '1', '1139039402', '0', 'N', 'N', 'N', 'B', 'N', 'N', 'R', 'Y', 'N', 'N', 'Y', '10', '0', 'N', '', '0', '0', '0', '0', '6', 'N', '0', 'P', 'F', '', '');
INSERT INTO cscart_products (`product_id`, `product_code`, `product_type`, `owner_id`, `status`, `company_id`, `list_price`, `amount`, `weight`, `length`, `width`, `height`, `shipping_freight`, `low_avail_limit`, `timestamp`, `usergroup_ids`, `is_edp`, `edp_shipping`, `unlimited_download`, `tracking`, `free_shipping`, `feature_comparison`, `zero_price_action`, `is_pbp`, `is_op`, `is_oper`, `is_returnable`, `return_period`, `avail_since`, `out_of_stock_actions`, `localization`, `min_qty`, `max_qty`, `qty_step`, `list_qty_count`, `tax_ids`, `age_verification`, `age_limit`, `options_type`, `exceptions_type`, `details_layout`, `shipping_params`) VALUES ('909', 'B0008JFJ2M', 'P', '0', 'A', '0', '679.99', '50', '0.00', '0', '0', '0', '0.00', '1', '1139039402', '0', 'N', 'N', 'N', 'B', 'N', 'N', 'R', 'Y', 'N', 'N', 'Y', '10', '0', 'N', '', '0', '0', '0', '0', '6', 'N', '0', 'P', 'F', '', '');
INSERT INTO cscart_products (`product_id`, `product_code`, `product_type`, `owner_id`, `status`, `company_id`, `list_price`, `amount`, `weight`, `length`, `width`, `height`, `shipping_freight`, `low_avail_limit`, `timestamp`, `usergroup_ids`, `is_edp`, `edp_shipping`, `unlimited_download`, `tracking`, `free_shipping`, `feature_comparison`, `zero_price_action`, `is_pbp`, `is_op`, `is_oper`, `is_returnable`, `return_period`, `avail_since`, `out_of_stock_actions`, `localization`, `min_qty`, `max_qty`, `qty_step`, `list_qty_count`, `tax_ids`, `age_verification`, `age_limit`, `options_type`, `exceptions_type`, `details_layout`, `shipping_params`) VALUES ('899', 'B0001I2EZU', 'P', '0', 'A', '0', '617.99', '50', '0.00', '0', '0', '0', '0.00', '1', '1139039402', '0', 'N', 'N', 'N', 'B', 'N', 'N', 'R', 'Y', 'N', 'N', 'Y', '10', '0', 'N', '', '0', '0', '0', '0', '6', 'N', '0', 'P', 'F', '', '');
INSERT INTO cscart_products (`product_id`, `product_code`, `product_type`, `owner_id`, `status`, `company_id`, `list_price`, `amount`, `weight`, `length`, `width`, `height`, `shipping_freight`, `low_avail_limit`, `timestamp`, `usergroup_ids`, `is_edp`, `edp_shipping`, `unlimited_download`, `tracking`, `free_shipping`, `feature_comparison`, `zero_price_action`, `is_pbp`, `is_op`, `is_oper`, `is_returnable`, `return_period`, `avail_since`, `out_of_stock_actions`, `localization`, `min_qty`, `max_qty`, `qty_step`, `list_qty_count`, `tax_ids`, `age_verification`, `age_limit`, `options_type`, `exceptions_type`, `details_layout`, `shipping_params`) VALUES ('892', 'B0007IGZ6S', 'P', '0', 'A', '0', '499.95', '50', '0.00', '0', '0', '0', '0.00', '1', '1139039402', '0', 'N', 'N', 'N', 'B', 'N', 'N', 'R', 'Y', 'N', 'N', 'Y', '10', '0', 'N', '', '0', '0', '0', '0', '6', 'N', '0', 'P', 'F', '', '');
INSERT INTO cscart_products (`product_id`, `product_code`, `product_type`, `owner_id`, `status`, `company_id`, `list_price`, `amount`, `weight`, `length`, `width`, `height`, `shipping_freight`, `low_avail_limit`, `timestamp`, `usergroup_ids`, `is_edp`, `edp_shipping`, `unlimited_download`, `tracking`, `free_shipping`, `feature_comparison`, `zero_price_action`, `is_pbp`, `is_op`, `is_oper`, `is_returnable`, `return_period`, `avail_since`, `out_of_stock_actions`, `localization`, `min_qty`, `max_qty`, `qty_step`, `list_qty_count`, `tax_ids`, `age_verification`, `age_limit`, `options_type`, `exceptions_type`, `details_layout`, `shipping_params`) VALUES ('890', 'B000646MWA', 'P', '0', 'A', '0', '799.99', '50', '0.00', '0', '0', '0', '0.00', '1', '1139039402', '0', 'N', 'N', 'N', 'B', 'N', 'N', 'R', 'Y', 'N', 'N', 'Y', '10', '0', 'N', '', '0', '0', '0', '0', '6', 'N', '0', 'P', 'F', '', '');
INSERT INTO cscart_products (`product_id`, `product_code`, `product_type`, `owner_id`, `status`, `company_id`, `list_price`, `amount`, `weight`, `length`, `width`, `height`, `shipping_freight`, `low_avail_limit`, `timestamp`, `usergroup_ids`, `is_edp`, `edp_shipping`, `unlimited_download`, `tracking`, `free_shipping`, `feature_comparison`, `zero_price_action`, `is_pbp`, `is_op`, `is_oper`, `is_returnable`, `return_period`, `avail_since`, `out_of_stock_actions`, `localization`, `min_qty`, `max_qty`, `qty_step`, `list_qty_count`, `tax_ids`, `age_verification`, `age_limit`, `options_type`, `exceptions_type`, `details_layout`, `shipping_params`) VALUES ('887', 'B0007YFQD0', 'P', '0', 'A', '0', '299.99', '50', '0.00', '0', '0', '0', '0.00', '1', '1139039402', '0', 'N', 'N', 'N', 'B', 'N', 'N', 'R', 'Y', 'N', 'N', 'Y', '10', '0', 'N', '', '0', '0', '0', '0', '6', 'N', '0', 'P', 'F', '', '');
INSERT INTO cscart_products (`product_id`, `product_code`, `product_type`, `owner_id`, `status`, `company_id`, `list_price`, `amount`, `weight`, `length`, `width`, `height`, `shipping_freight`, `low_avail_limit`, `timestamp`, `usergroup_ids`, `is_edp`, `edp_shipping`, `unlimited_download`, `tracking`, `free_shipping`, `feature_comparison`, `zero_price_action`, `is_pbp`, `is_op`, `is_oper`, `is_returnable`, `return_period`, `avail_since`, `out_of_stock_actions`, `localization`, `min_qty`, `max_qty`, `qty_step`, `list_qty_count`, `tax_ids`, `age_verification`, `age_limit`, `options_type`, `exceptions_type`, `details_layout`, `shipping_params`) VALUES ('886', 'B0002KQR2S', 'P', '0', 'A', '0', '599.99', '50', '0.00', '0', '0', '0', '0.00', '1', '1139039402', '0', 'N', 'N', 'N', 'B', 'N', 'N', 'R', 'Y', 'N', 'N', 'Y', '10', '0', 'N', '', '0', '0', '0', '0', '6', 'N', '0', 'P', 'F', '', '');
INSERT INTO cscart_products (`product_id`, `product_code`, `product_type`, `owner_id`, `status`, `company_id`, `list_price`, `amount`, `weight`, `length`, `width`, `height`, `shipping_freight`, `low_avail_limit`, `timestamp`, `usergroup_ids`, `is_edp`, `edp_shipping`, `unlimited_download`, `tracking`, `free_shipping`, `feature_comparison`, `zero_price_action`, `is_pbp`, `is_op`, `is_oper`, `is_returnable`, `return_period`, `avail_since`, `out_of_stock_actions`, `localization`, `min_qty`, `max_qty`, `qty_step`, `list_qty_count`, `tax_ids`, `age_verification`, `age_limit`, `options_type`, `exceptions_type`, `details_layout`, `shipping_params`) VALUES ('885', 'B0007WKB0U', 'P', '0', 'A', '0', '199.00', '50', '0.00', '0', '0', '0', '0.00', '1', '1139039402', '0', 'N', 'N', 'N', 'B', 'N', 'N', 'R', 'Y', 'N', 'N', 'Y', '10', '0', 'N', '', '0', '0', '0', '0', '6', 'N', '0', 'P', 'F', '', '');
INSERT INTO cscart_products (`product_id`, `product_code`, `product_type`, `owner_id`, `status`, `company_id`, `list_price`, `amount`, `weight`, `length`, `width`, `height`, `shipping_freight`, `low_avail_limit`, `timestamp`, `usergroup_ids`, `is_edp`, `edp_shipping`, `unlimited_download`, `tracking`, `free_shipping`, `feature_comparison`, `zero_price_action`, `is_pbp`, `is_op`, `is_oper`, `is_returnable`, `return_period`, `avail_since`, `out_of_stock_actions`, `localization`, `min_qty`, `max_qty`, `qty_step`, `list_qty_count`, `tax_ids`, `age_verification`, `age_limit`, `options_type`, `exceptions_type`, `details_layout`, `shipping_params`) VALUES ('879', 'B0002JZQ9E', 'P', '0', 'A', '0', '4999.99', '0', '0.00', '0', '0', '0', '0.00', '1', '1139039402', '0', 'N', 'N', 'N', 'B', 'N', 'N', 'R', 'Y', 'N', 'N', 'Y', '10', '0', 'N', '', '0', '0', '0', '0', '6', 'N', '0', 'P', 'F', '', '');
INSERT INTO cscart_products (`product_id`, `product_code`, `product_type`, `owner_id`, `status`, `company_id`, `list_price`, `amount`, `weight`, `length`, `width`, `height`, `shipping_freight`, `low_avail_limit`, `timestamp`, `usergroup_ids`, `is_edp`, `edp_shipping`, `unlimited_download`, `tracking`, `free_shipping`, `feature_comparison`, `zero_price_action`, `is_pbp`, `is_op`, `is_oper`, `is_returnable`, `return_period`, `avail_since`, `out_of_stock_actions`, `localization`, `min_qty`, `max_qty`, `qty_step`, `list_qty_count`, `tax_ids`, `age_verification`, `age_limit`, `options_type`, `exceptions_type`, `details_layout`, `shipping_params`) VALUES ('869', 'B00061ZNV4', 'P', '0', 'A', '0', '6999.99', '50', '0.00', '0', '0', '0', '0.00', '1', '1139039402', '0', 'N', 'N', 'N', 'B', 'N', 'N', 'R', 'Y', 'N', 'N', 'Y', '10', '0', 'N', '', '0', '0', '0', '0', '6', 'N', '0', 'P', 'F', '', '');
INSERT INTO cscart_products (`product_id`, `product_code`, `product_type`, `owner_id`, `status`, `company_id`, `list_price`, `amount`, `weight`, `length`, `width`, `height`, `shipping_freight`, `low_avail_limit`, `timestamp`, `usergroup_ids`, `is_edp`, `edp_shipping`, `unlimited_download`, `tracking`, `free_shipping`, `feature_comparison`, `zero_price_action`, `is_pbp`, `is_op`, `is_oper`, `is_returnable`, `return_period`, `avail_since`, `out_of_stock_actions`, `localization`, `min_qty`, `max_qty`, `qty_step`, `list_qty_count`, `tax_ids`, `age_verification`, `age_limit`, `options_type`, `exceptions_type`, `details_layout`, `shipping_params`) VALUES ('867', 'B0002XJ0HO', 'P', '0', 'A', '0', '5499.99', '50', '0.00', '0', '0', '0', '0.00', '1', '1139039402', '0', 'N', 'N', 'N', 'B', 'N', 'N', 'R', 'Y', 'N', 'N', 'Y', '10', '0', 'N', '', '0', '0', '0', '0', '6', 'N', '0', 'P', 'F', '', '');
INSERT INTO cscart_products (`product_id`, `product_code`, `product_type`, `owner_id`, `status`, `company_id`, `list_price`, `amount`, `weight`, `length`, `width`, `height`, `shipping_freight`, `low_avail_limit`, `timestamp`, `usergroup_ids`, `is_edp`, `edp_shipping`, `unlimited_download`, `tracking`, `free_shipping`, `feature_comparison`, `zero_price_action`, `is_pbp`, `is_op`, `is_oper`, `is_returnable`, `return_period`, `avail_since`, `out_of_stock_actions`, `localization`, `min_qty`, `max_qty`, `qty_step`, `list_qty_count`, `tax_ids`, `age_verification`, `age_limit`, `options_type`, `exceptions_type`, `details_layout`, `shipping_params`) VALUES ('863', 'B0007WKB4G', 'P', '0', 'A', '0', '2999.95', '50', '0.00', '0', '0', '0', '0.00', '1', '1139039402', '0', 'N', 'N', 'N', 'B', 'N', 'N', 'R', 'Y', 'N', 'N', 'Y', '10', '0', 'N', '', '0', '0', '0', '0', '6', 'N', '0', 'P', 'F', '', '');
INSERT INTO cscart_products (`product_id`, `product_code`, `product_type`, `owner_id`, `status`, `company_id`, `list_price`, `amount`, `weight`, `length`, `width`, `height`, `shipping_freight`, `low_avail_limit`, `timestamp`, `usergroup_ids`, `is_edp`, `edp_shipping`, `unlimited_download`, `tracking`, `free_shipping`, `feature_comparison`, `zero_price_action`, `is_pbp`, `is_op`, `is_oper`, `is_returnable`, `return_period`, `avail_since`, `out_of_stock_actions`, `localization`, `min_qty`, `max_qty`, `qty_step`, `list_qty_count`, `tax_ids`, `age_verification`, `age_limit`, `options_type`, `exceptions_type`, `details_layout`, `shipping_params`) VALUES ('1035', 'B0009ML2KQ', 'P', '0', 'A', '0', '19.99', '50', '0.00', '0', '0', '0', '0.00', '1', '1139039402', '0', 'N', 'N', 'N', 'B', 'N', 'N', 'R', 'Y', 'N', 'N', 'Y', '10', '0', 'N', '', '0', '0', '0', '0', '6', 'N', '0', 'P', 'F', '', '');
INSERT INTO cscart_products (`product_id`, `product_code`, `product_type`, `owner_id`, `status`, `company_id`, `list_price`, `amount`, `weight`, `length`, `width`, `height`, `shipping_freight`, `low_avail_limit`, `timestamp`, `usergroup_ids`, `is_edp`, `edp_shipping`, `unlimited_download`, `tracking`, `free_shipping`, `feature_comparison`, `zero_price_action`, `is_pbp`, `is_op`, `is_oper`, `is_returnable`, `return_period`, `avail_since`, `out_of_stock_actions`, `localization`, `min_qty`, `max_qty`, `qty_step`, `list_qty_count`, `tax_ids`, `age_verification`, `age_limit`, `options_type`, `exceptions_type`, `details_layout`, `shipping_params`) VALUES ('1034', 'B00080ZG2O', 'P', '0', 'A', '0', '59.98', '50', '0.00', '0', '0', '0', '0.00', '1', '1139039402', '0', 'N', 'N', 'N', 'B', 'N', 'N', 'R', 'Y', 'N', 'N', 'Y', '10', '0', 'N', '', '0', '0', '0', '0', '6', 'N', '0', 'P', 'F', '', '');
INSERT INTO cscart_products (`product_id`, `product_code`, `product_type`, `owner_id`, `status`, `company_id`, `list_price`, `amount`, `weight`, `length`, `width`, `height`, `shipping_freight`, `low_avail_limit`, `timestamp`, `usergroup_ids`, `is_edp`, `edp_shipping`, `unlimited_download`, `tracking`, `free_shipping`, `feature_comparison`, `zero_price_action`, `is_pbp`, `is_op`, `is_oper`, `is_returnable`, `return_period`, `avail_since`, `out_of_stock_actions`, `localization`, `min_qty`, `max_qty`, `qty_step`, `list_qty_count`, `tax_ids`, `age_verification`, `age_limit`, `options_type`, `exceptions_type`, `details_layout`, `shipping_params`) VALUES ('1030', 'B0009ETCUQ', 'P', '0', 'A', '0', '29.99', '0', '0.00', '0', '0', '0', '0.00', '1', '1139039402', '0', 'N', 'N', 'N', 'B', 'N', 'N', 'R', 'Y', 'N', 'N', 'Y', '10', '0', 'N', '', '0', '0', '0', '0', '6', 'N', '0', 'P', 'F', '', '');
INSERT INTO cscart_products (`product_id`, `product_code`, `product_type`, `owner_id`, `status`, `company_id`, `list_price`, `amount`, `weight`, `length`, `width`, `height`, `shipping_freight`, `low_avail_limit`, `timestamp`, `usergroup_ids`, `is_edp`, `edp_shipping`, `unlimited_download`, `tracking`, `free_shipping`, `feature_comparison`, `zero_price_action`, `is_pbp`, `is_op`, `is_oper`, `is_returnable`, `return_period`, `avail_since`, `out_of_stock_actions`, `localization`, `min_qty`, `max_qty`, `qty_step`, `list_qty_count`, `tax_ids`, `age_verification`, `age_limit`, `options_type`, `exceptions_type`, `details_layout`, `shipping_params`) VALUES ('1028', 'B0006IO77I', 'P', '0', 'A', '0', '199.94', '50', '0.00', '0', '0', '0', '0.00', '1', '1139039402', '0', 'N', 'Y', 'N', 'B', 'N', 'N', 'R', 'Y', 'N', 'N', 'Y', '10', '0', 'N', '', '0', '0', '0', '0', '6', 'N', '0', 'P', 'F', '', '');
INSERT INTO cscart_products (`product_id`, `product_code`, `product_type`, `owner_id`, `status`, `company_id`, `list_price`, `amount`, `weight`, `length`, `width`, `height`, `shipping_freight`, `low_avail_limit`, `timestamp`, `usergroup_ids`, `is_edp`, `edp_shipping`, `unlimited_download`, `tracking`, `free_shipping`, `feature_comparison`, `zero_price_action`, `is_pbp`, `is_op`, `is_oper`, `is_returnable`, `return_period`, `avail_since`, `out_of_stock_actions`, `localization`, `min_qty`, `max_qty`, `qty_step`, `list_qty_count`, `tax_ids`, `age_verification`, `age_limit`, `options_type`, `exceptions_type`, `details_layout`, `shipping_params`) VALUES ('800', 'B0009R5QX0', 'P', '0', 'A', '0', '0.00', '50', '0.00', '0', '0', '0', '0.00', '1', '1139039402', '0', 'N', 'N', 'N', 'B', 'N', 'N', 'R', 'Y', 'N', 'N', 'Y', '10', '0', 'N', '', '0', '0', '0', '0', '6', 'N', '0', 'P', 'F', '', '');
INSERT INTO cscart_products (`product_id`, `product_code`, `product_type`, `owner_id`, `status`, `company_id`, `list_price`, `amount`, `weight`, `length`, `width`, `height`, `shipping_freight`, `low_avail_limit`, `timestamp`, `usergroup_ids`, `is_edp`, `edp_shipping`, `unlimited_download`, `tracking`, `free_shipping`, `feature_comparison`, `zero_price_action`, `is_pbp`, `is_op`, `is_oper`, `is_returnable`, `return_period`, `avail_since`, `out_of_stock_actions`, `localization`, `min_qty`, `max_qty`, `qty_step`, `list_qty_count`, `tax_ids`, `age_verification`, `age_limit`, `options_type`, `exceptions_type`, `details_layout`, `shipping_params`) VALUES ('804', 'B0009R201G', 'P', '0', 'A', '0', '0.00', '50', '0.00', '0', '0', '0', '0.00', '1', '1139039402', '0', 'N', 'N', 'N', 'B', 'N', 'N', 'R', 'Y', 'N', 'N', 'Y', '10', '0', 'N', '', '0', '0', '0', '0', '6', 'N', '0', 'P', 'F', '', '');
INSERT INTO cscart_products (`product_id`, `product_code`, `product_type`, `owner_id`, `status`, `company_id`, `list_price`, `amount`, `weight`, `length`, `width`, `height`, `shipping_freight`, `low_avail_limit`, `timestamp`, `usergroup_ids`, `is_edp`, `edp_shipping`, `unlimited_download`, `tracking`, `free_shipping`, `feature_comparison`, `zero_price_action`, `is_pbp`, `is_op`, `is_oper`, `is_returnable`, `return_period`, `avail_since`, `out_of_stock_actions`, `localization`, `min_qty`, `max_qty`, `qty_step`, `list_qty_count`, `tax_ids`, `age_verification`, `age_limit`, `options_type`, `exceptions_type`, `details_layout`, `shipping_params`) VALUES ('809', 'B0002A4G1W', 'P', '0', 'A', '0', '0.00', '50', '0.00', '0', '0', '0', '0.00', '1', '1139039402', '0', 'N', 'N', 'N', 'B', 'N', 'N', 'R', 'Y', 'N', 'N', 'Y', '10', '0', 'N', '', '0', '0', '0', '0', '6', 'N', '0', 'P', 'F', '', '');
INSERT INTO cscart_products (`product_id`, `product_code`, `product_type`, `owner_id`, `status`, `company_id`, `list_price`, `amount`, `weight`, `length`, `width`, `height`, `shipping_freight`, `low_avail_limit`, `timestamp`, `usergroup_ids`, `is_edp`, `edp_shipping`, `unlimited_download`, `tracking`, `free_shipping`, `feature_comparison`, `zero_price_action`, `is_pbp`, `is_op`, `is_oper`, `is_returnable`, `return_period`, `avail_since`, `out_of_stock_actions`, `localization`, `min_qty`, `max_qty`, `qty_step`, `list_qty_count`, `tax_ids`, `age_verification`, `age_limit`, `options_type`, `exceptions_type`, `details_layout`, `shipping_params`) VALUES ('749', 'B0002ZAEYA', 'P', '0', 'A', '0', '299.99', '50', '0.00', '0', '0', '0', '0.00', '1', '1139039402', '0', 'N', 'N', 'N', 'B', 'N', 'N', 'R', 'Y', 'N', 'N', 'Y', '10', '0', 'N', '', '0', '0', '0', '0', '6', 'N', '0', 'P', 'F', '', '');
INSERT INTO cscart_products (`product_id`, `product_code`, `product_type`, `owner_id`, `status`, `company_id`, `list_price`, `amount`, `weight`, `length`, `width`, `height`, `shipping_freight`, `low_avail_limit`, `timestamp`, `usergroup_ids`, `is_edp`, `edp_shipping`, `unlimited_download`, `tracking`, `free_shipping`, `feature_comparison`, `zero_price_action`, `is_pbp`, `is_op`, `is_oper`, `is_returnable`, `return_period`, `avail_since`, `out_of_stock_actions`, `localization`, `min_qty`, `max_qty`, `qty_step`, `list_qty_count`, `tax_ids`, `age_verification`, `age_limit`, `options_type`, `exceptions_type`, `details_layout`, `shipping_params`) VALUES ('878', 'B00062VYQG', 'P', '0', 'A', '0', '2499.00', '48', '0.00', '0', '0', '0', '0.00', '1', '1139039402', '0', 'N', 'N', 'N', 'B', 'N', 'N', 'R', 'Y', 'N', 'N', 'Y', '10', '0', 'N', '', '0', '0', '0', '0', '6', 'N', '0', 'P', 'F', '', '');
INSERT INTO cscart_products (`product_id`, `product_code`, `product_type`, `owner_id`, `status`, `company_id`, `list_price`, `amount`, `weight`, `length`, `width`, `height`, `shipping_freight`, `low_avail_limit`, `timestamp`, `usergroup_ids`, `is_edp`, `edp_shipping`, `unlimited_download`, `tracking`, `free_shipping`, `feature_comparison`, `zero_price_action`, `is_pbp`, `is_op`, `is_oper`, `is_returnable`, `return_period`, `avail_since`, `out_of_stock_actions`, `localization`, `min_qty`, `max_qty`, `qty_step`, `list_qty_count`, `tax_ids`, `age_verification`, `age_limit`, `options_type`, `exceptions_type`, `details_layout`, `shipping_params`) VALUES ('877', 'B0002JUH4I', 'P', '0', 'A', '0', '4499.99', '50', '0.00', '0', '0', '0', '0.00', '1', '1139039402', '0', 'N', 'N', 'N', 'B', 'N', 'N', 'R', 'Y', 'N', 'N', 'Y', '10', '0', 'N', '', '0', '0', '0', '0', '6', 'N', '0', 'P', 'F', '', '');
INSERT INTO cscart_products (`product_id`, `product_code`, `product_type`, `owner_id`, `status`, `company_id`, `list_price`, `amount`, `weight`, `length`, `width`, `height`, `shipping_freight`, `low_avail_limit`, `timestamp`, `usergroup_ids`, `is_edp`, `edp_shipping`, `unlimited_download`, `tracking`, `free_shipping`, `feature_comparison`, `zero_price_action`, `is_pbp`, `is_op`, `is_oper`, `is_returnable`, `return_period`, `avail_since`, `out_of_stock_actions`, `localization`, `min_qty`, `max_qty`, `qty_step`, `list_qty_count`, `tax_ids`, `age_verification`, `age_limit`, `options_type`, `exceptions_type`, `details_layout`, `shipping_params`) VALUES ('836', 'B0001WS6L2', 'P', '0', 'A', '0', '229.95', '50', '0.00', '0', '0', '0', '0.00', '1', '1139039402', '0', 'N', 'N', 'N', 'B', 'N', 'N', 'R', 'Y', 'N', 'N', 'Y', '10', '0', 'N', '', '0', '0', '0', '0', '6', 'N', '0', 'P', 'F', '', '');
INSERT INTO cscart_products (`product_id`, `product_code`, `product_type`, `owner_id`, `status`, `company_id`, `list_price`, `amount`, `weight`, `length`, `width`, `height`, `shipping_freight`, `low_avail_limit`, `timestamp`, `usergroup_ids`, `is_edp`, `edp_shipping`, `unlimited_download`, `tracking`, `free_shipping`, `feature_comparison`, `zero_price_action`, `is_pbp`, `is_op`, `is_oper`, `is_returnable`, `return_period`, `avail_since`, `out_of_stock_actions`, `localization`, `min_qty`, `max_qty`, `qty_step`, `list_qty_count`, `tax_ids`, `age_verification`, `age_limit`, `options_type`, `exceptions_type`, `details_layout`, `shipping_params`) VALUES ('829', 'B0002DV9CS', 'P', '0', 'A', '0', '280.00', '50', '0.00', '0', '0', '0', '0.00', '1', '1139039402', '0', 'N', 'N', 'N', 'B', 'N', 'N', 'R', 'Y', 'N', 'N', 'Y', '10', '0', 'N', '', '0', '0', '0', '0', '6', 'N', '0', 'P', 'F', '', '');
INSERT INTO cscart_products (`product_id`, `product_code`, `product_type`, `owner_id`, `status`, `company_id`, `list_price`, `amount`, `weight`, `length`, `width`, `height`, `shipping_freight`, `low_avail_limit`, `timestamp`, `usergroup_ids`, `is_edp`, `edp_shipping`, `unlimited_download`, `tracking`, `free_shipping`, `feature_comparison`, `zero_price_action`, `is_pbp`, `is_op`, `is_oper`, `is_returnable`, `return_period`, `avail_since`, `out_of_stock_actions`, `localization`, `min_qty`, `max_qty`, `qty_step`, `list_qty_count`, `tax_ids`, `age_verification`, `age_limit`, `options_type`, `exceptions_type`, `details_layout`, `shipping_params`) VALUES ('826', 'B00097BNAU', 'P', '0', 'A', '0', '0.00', '50', '0.00', '0', '0', '0', '0.00', '1', '1139039402', '0', 'N', 'N', 'N', 'B', 'N', 'N', 'R', 'Y', 'N', 'N', 'Y', '10', '0', 'N', '', '0', '0', '0', '0', '6', 'N', '0', 'P', 'F', '', '');
INSERT INTO cscart_products (`product_id`, `product_code`, `product_type`, `owner_id`, `status`, `company_id`, `list_price`, `amount`, `weight`, `length`, `width`, `height`, `shipping_freight`, `low_avail_limit`, `timestamp`, `usergroup_ids`, `is_edp`, `edp_shipping`, `unlimited_download`, `tracking`, `free_shipping`, `feature_comparison`, `zero_price_action`, `is_pbp`, `is_op`, `is_oper`, `is_returnable`, `return_period`, `avail_since`, `out_of_stock_actions`, `localization`, `min_qty`, `max_qty`, `qty_step`, `list_qty_count`, `tax_ids`, `age_verification`, `age_limit`, `options_type`, `exceptions_type`, `details_layout`, `shipping_params`) VALUES ('823', 'B0006GWC7M', 'P', '0', 'A', '0', '0.00', '50', '0.00', '0', '0', '0', '0.00', '1', '1139039402', '0', 'N', 'N', 'N', 'B', 'N', 'N', 'R', 'Y', 'N', 'N', 'Y', '10', '0', 'N', '', '0', '0', '0', '0', '6', 'N', '0', 'P', 'F', '', '');
INSERT INTO cscart_products (`product_id`, `product_code`, `product_type`, `owner_id`, `status`, `company_id`, `list_price`, `amount`, `weight`, `length`, `width`, `height`, `shipping_freight`, `low_avail_limit`, `timestamp`, `usergroup_ids`, `is_edp`, `edp_shipping`, `unlimited_download`, `tracking`, `free_shipping`, `feature_comparison`, `zero_price_action`, `is_pbp`, `is_op`, `is_oper`, `is_returnable`, `return_period`, `avail_since`, `out_of_stock_actions`, `localization`, `min_qty`, `max_qty`, `qty_step`, `list_qty_count`, `tax_ids`, `age_verification`, `age_limit`, `options_type`, `exceptions_type`, `details_layout`, `shipping_params`) VALUES ('803', 'B0009EM140', 'P', '0', 'A', '0', '0.00', '50', '0.00', '0', '0', '0', '0.00', '1', '1139039402', '0', 'N', 'N', 'N', 'B', 'N', 'N', 'R', 'Y', 'N', 'N', 'Y', '10', '0', 'N', '', '0', '0', '0', '0', '6', 'N', '0', 'P', 'F', '', '');
INSERT INTO cscart_products (`product_id`, `product_code`, `product_type`, `owner_id`, `status`, `company_id`, `list_price`, `amount`, `weight`, `length`, `width`, `height`, `shipping_freight`, `low_avail_limit`, `timestamp`, `usergroup_ids`, `is_edp`, `edp_shipping`, `unlimited_download`, `tracking`, `free_shipping`, `feature_comparison`, `zero_price_action`, `is_pbp`, `is_op`, `is_oper`, `is_returnable`, `return_period`, `avail_since`, `out_of_stock_actions`, `localization`, `min_qty`, `max_qty`, `qty_step`, `list_qty_count`, `tax_ids`, `age_verification`, `age_limit`, `options_type`, `exceptions_type`, `details_layout`, `shipping_params`) VALUES ('812', 'B00097829A', 'P', '0', 'A', '0', '0.00', '50', '0.00', '0', '0', '0', '0.00', '1', '1139039402', '0', 'N', 'N', 'N', 'B', 'N', 'N', 'R', 'Y', 'N', 'N', 'Y', '10', '0', 'N', '', '0', '0', '0', '0', '6', 'N', '0', 'P', 'F', '', '');
INSERT INTO cscart_products (`product_id`, `product_code`, `product_type`, `owner_id`, `status`, `company_id`, `list_price`, `amount`, `weight`, `length`, `width`, `height`, `shipping_freight`, `low_avail_limit`, `timestamp`, `usergroup_ids`, `is_edp`, `edp_shipping`, `unlimited_download`, `tracking`, `free_shipping`, `feature_comparison`, `zero_price_action`, `is_pbp`, `is_op`, `is_oper`, `is_returnable`, `return_period`, `avail_since`, `out_of_stock_actions`, `localization`, `min_qty`, `max_qty`, `qty_step`, `list_qty_count`, `tax_ids`, `age_verification`, `age_limit`, `options_type`, `exceptions_type`, `details_layout`, `shipping_params`) VALUES ('817', 'B00078MG5M', 'P', '0', 'A', '0', '10.00', '40', '0.00', '0', '0', '0', '0.00', '1', '1139039402', '0', 'N', 'Y', 'N', 'B', 'N', 'N', 'R', 'Y', 'N', 'N', 'Y', '10', '0', 'N', '', '0', '0', '0', '0', '6', 'N', '0', 'P', 'F', '', '');
INSERT INTO cscart_products (`product_id`, `product_code`, `product_type`, `owner_id`, `status`, `company_id`, `list_price`, `amount`, `weight`, `length`, `width`, `height`, `shipping_freight`, `low_avail_limit`, `timestamp`, `usergroup_ids`, `is_edp`, `edp_shipping`, `unlimited_download`, `tracking`, `free_shipping`, `feature_comparison`, `zero_price_action`, `is_pbp`, `is_op`, `is_oper`, `is_returnable`, `return_period`, `avail_since`, `out_of_stock_actions`, `localization`, `min_qty`, `max_qty`, `qty_step`, `list_qty_count`, `tax_ids`, `age_verification`, `age_limit`, `options_type`, `exceptions_type`, `details_layout`, `shipping_params`) VALUES ('821', 'B0007GL2NQ', 'P', '0', 'A', '0', '0.00', '50', '0.00', '0', '0', '0', '0.00', '1', '1139039402', '0', 'N', 'N', 'N', 'B', 'N', 'N', 'R', 'Y', 'N', 'N', 'Y', '10', '0', 'N', '', '0', '0', '0', '0', '6', 'N', '0', 'P', 'F', '', '');
INSERT INTO cscart_products (`product_id`, `product_code`, `product_type`, `owner_id`, `status`, `company_id`, `list_price`, `amount`, `weight`, `length`, `width`, `height`, `shipping_freight`, `low_avail_limit`, `timestamp`, `usergroup_ids`, `is_edp`, `edp_shipping`, `unlimited_download`, `tracking`, `free_shipping`, `feature_comparison`, `zero_price_action`, `is_pbp`, `is_op`, `is_oper`, `is_returnable`, `return_period`, `avail_since`, `out_of_stock_actions`, `localization`, `min_qty`, `max_qty`, `qty_step`, `list_qty_count`, `tax_ids`, `age_verification`, `age_limit`, `options_type`, `exceptions_type`, `details_layout`, `shipping_params`) VALUES ('745', 'B0009JMT38', 'P', '0', 'A', '0', '499.99', '50', '0.00', '0', '0', '0', '0.00', '1', '1139039402', '0', 'N', 'N', 'N', 'B', 'N', 'N', 'R', 'Y', 'N', 'N', 'Y', '10', '0', 'N', '', '0', '0', '0', '0', '6', 'N', '0', 'P', 'F', '', '');
INSERT INTO cscart_products (`product_id`, `product_code`, `product_type`, `owner_id`, `status`, `company_id`, `list_price`, `amount`, `weight`, `length`, `width`, `height`, `shipping_freight`, `low_avail_limit`, `timestamp`, `usergroup_ids`, `is_edp`, `edp_shipping`, `unlimited_download`, `tracking`, `free_shipping`, `feature_comparison`, `zero_price_action`, `is_pbp`, `is_op`, `is_oper`, `is_returnable`, `return_period`, `avail_since`, `out_of_stock_actions`, `localization`, `min_qty`, `max_qty`, `qty_step`, `list_qty_count`, `tax_ids`, `age_verification`, `age_limit`, `options_type`, `exceptions_type`, `details_layout`, `shipping_params`) VALUES ('744', 'B00028DM96', 'P', '0', 'A', '0', '119.99', '50', '0.00', '0', '0', '0', '0.00', '1', '1139039402', '0', 'N', 'N', 'N', 'B', 'N', 'N', 'R', 'Y', 'N', 'N', 'Y', '10', '0', 'N', '', '0', '0', '0', '0', '6', 'N', '0', 'P', 'F', '', '');
INSERT INTO cscart_products (`product_id`, `product_code`, `product_type`, `owner_id`, `status`, `company_id`, `list_price`, `amount`, `weight`, `length`, `width`, `height`, `shipping_freight`, `low_avail_limit`, `timestamp`, `usergroup_ids`, `is_edp`, `edp_shipping`, `unlimited_download`, `tracking`, `free_shipping`, `feature_comparison`, `zero_price_action`, `is_pbp`, `is_op`, `is_oper`, `is_returnable`, `return_period`, `avail_since`, `out_of_stock_actions`, `localization`, `min_qty`, `max_qty`, `qty_step`, `list_qty_count`, `tax_ids`, `age_verification`, `age_limit`, `options_type`, `exceptions_type`, `details_layout`, `shipping_params`) VALUES ('742', 'B0006HPCLY', 'P', '0', 'A', '0', '449.99', '50', '0.00', '0', '0', '0', '0.00', '1', '1139039402', '0', 'N', 'N', 'N', 'B', 'N', 'N', 'R', 'Y', 'N', 'N', 'Y', '10', '0', 'N', '', '0', '0', '0', '0', '6', 'N', '0', 'P', 'F', '', '');
INSERT INTO cscart_products (`product_id`, `product_code`, `product_type`, `owner_id`, `status`, `company_id`, `list_price`, `amount`, `weight`, `length`, `width`, `height`, `shipping_freight`, `low_avail_limit`, `timestamp`, `usergroup_ids`, `is_edp`, `edp_shipping`, `unlimited_download`, `tracking`, `free_shipping`, `feature_comparison`, `zero_price_action`, `is_pbp`, `is_op`, `is_oper`, `is_returnable`, `return_period`, `avail_since`, `out_of_stock_actions`, `localization`, `min_qty`, `max_qty`, `qty_step`, `list_qty_count`, `tax_ids`, `age_verification`, `age_limit`, `options_type`, `exceptions_type`, `details_layout`, `shipping_params`) VALUES ('743', 'B0001E75LC', 'P', '0', 'A', '0', '199.99', '0', '0.00', '0', '0', '0', '0.00', '1', '1139039402', '0', 'N', 'N', 'N', 'B', 'N', 'N', 'R', 'Y', 'N', 'N', 'Y', '10', '0', 'N', '', '0', '0', '0', '0', '6', 'N', '0', 'P', 'F', '', '');
INSERT INTO cscart_products (`product_id`, `product_code`, `product_type`, `owner_id`, `status`, `company_id`, `list_price`, `amount`, `weight`, `length`, `width`, `height`, `shipping_freight`, `low_avail_limit`, `timestamp`, `usergroup_ids`, `is_edp`, `edp_shipping`, `unlimited_download`, `tracking`, `free_shipping`, `feature_comparison`, `zero_price_action`, `is_pbp`, `is_op`, `is_oper`, `is_returnable`, `return_period`, `avail_since`, `out_of_stock_actions`, `localization`, `min_qty`, `max_qty`, `qty_step`, `list_qty_count`, `tax_ids`, `age_verification`, `age_limit`, `options_type`, `exceptions_type`, `details_layout`, `shipping_params`) VALUES ('778', 'B0007R4XYK', 'P', '0', 'A', '0', '0.00', '50', '0.00', '0', '0', '0', '0.00', '1', '1139039402', '0', 'N', 'N', 'N', 'B', 'N', 'N', 'R', 'Y', 'N', 'N', 'Y', '10', '0', 'N', '', '0', '0', '0', '0', '6', 'N', '0', 'P', 'F', '', '');
INSERT INTO cscart_products (`product_id`, `product_code`, `product_type`, `owner_id`, `status`, `company_id`, `list_price`, `amount`, `weight`, `length`, `width`, `height`, `shipping_freight`, `low_avail_limit`, `timestamp`, `usergroup_ids`, `is_edp`, `edp_shipping`, `unlimited_download`, `tracking`, `free_shipping`, `feature_comparison`, `zero_price_action`, `is_pbp`, `is_op`, `is_oper`, `is_returnable`, `return_period`, `avail_since`, `out_of_stock_actions`, `localization`, `min_qty`, `max_qty`, `qty_step`, `list_qty_count`, `tax_ids`, `age_verification`, `age_limit`, `options_type`, `exceptions_type`, `details_layout`, `shipping_params`) VALUES ('776', 'B0006FTEHO', 'P', '0', 'A', '0', '0.00', '50', '0.00', '0', '0', '0', '0.00', '1', '1139039402', '0', 'N', 'N', 'N', 'B', 'N', 'N', 'R', 'Y', 'N', 'N', 'Y', '10', '0', 'N', '', '0', '0', '0', '0', '6', 'N', '0', 'P', 'F', '', '');
INSERT INTO cscart_products (`product_id`, `product_code`, `product_type`, `owner_id`, `status`, `company_id`, `list_price`, `amount`, `weight`, `length`, `width`, `height`, `shipping_freight`, `low_avail_limit`, `timestamp`, `usergroup_ids`, `is_edp`, `edp_shipping`, `unlimited_download`, `tracking`, `free_shipping`, `feature_comparison`, `zero_price_action`, `is_pbp`, `is_op`, `is_oper`, `is_returnable`, `return_period`, `avail_since`, `out_of_stock_actions`, `localization`, `min_qty`, `max_qty`, `qty_step`, `list_qty_count`, `tax_ids`, `age_verification`, `age_limit`, `options_type`, `exceptions_type`, `details_layout`, `shipping_params`) VALUES ('761', 'B0002MI3IM', 'P', '0', 'A', '0', '0.00', '50', '0.00', '0', '0', '0', '0.00', '1', '1139039402', '0', 'N', 'N', 'N', 'B', 'N', 'N', 'R', 'Y', 'N', 'N', 'Y', '10', '0', 'N', '', '0', '0', '0', '0', '6', 'N', '0', 'P', 'F', '', '');
INSERT INTO cscart_products (`product_id`, `product_code`, `product_type`, `owner_id`, `status`, `company_id`, `list_price`, `amount`, `weight`, `length`, `width`, `height`, `shipping_freight`, `low_avail_limit`, `timestamp`, `usergroup_ids`, `is_edp`, `edp_shipping`, `unlimited_download`, `tracking`, `free_shipping`, `feature_comparison`, `zero_price_action`, `is_pbp`, `is_op`, `is_oper`, `is_returnable`, `return_period`, `avail_since`, `out_of_stock_actions`, `localization`, `min_qty`, `max_qty`, `qty_step`, `list_qty_count`, `tax_ids`, `age_verification`, `age_limit`, `options_type`, `exceptions_type`, `details_layout`, `shipping_params`) VALUES ('764', 'B00085FO6C', 'P', '0', 'A', '0', '0.00', '50', '0.00', '0', '0', '0', '0.00', '1', '1139039402', '0', 'N', 'N', 'N', 'B', 'N', 'N', 'R', 'Y', 'N', 'N', 'Y', '10', '0', 'N', '', '0', '0', '0', '0', '6', 'N', '0', 'P', 'F', '', '');
INSERT INTO cscart_products (`product_id`, `product_code`, `product_type`, `owner_id`, `status`, `company_id`, `list_price`, `amount`, `weight`, `length`, `width`, `height`, `shipping_freight`, `low_avail_limit`, `timestamp`, `usergroup_ids`, `is_edp`, `edp_shipping`, `unlimited_download`, `tracking`, `free_shipping`, `feature_comparison`, `zero_price_action`, `is_pbp`, `is_op`, `is_oper`, `is_returnable`, `return_period`, `avail_since`, `out_of_stock_actions`, `localization`, `min_qty`, `max_qty`, `qty_step`, `list_qty_count`, `tax_ids`, `age_verification`, `age_limit`, `options_type`, `exceptions_type`, `details_layout`, `shipping_params`) VALUES ('1045', 'B0007L43D2', 'P', '0', 'A', '0', '29.99', '50', '0.00', '0', '0', '0', '0.00', '1', '1139039402', '0', 'N', 'N', 'N', 'B', 'N', 'N', 'R', 'Y', 'N', 'N', 'Y', '10', '0', 'N', '', '0', '0', '0', '0', '6', 'N', '0', 'P', 'F', '', '');
INSERT INTO cscart_products (`product_id`, `product_code`, `product_type`, `owner_id`, `status`, `company_id`, `list_price`, `amount`, `weight`, `length`, `width`, `height`, `shipping_freight`, `low_avail_limit`, `timestamp`, `usergroup_ids`, `is_edp`, `edp_shipping`, `unlimited_download`, `tracking`, `free_shipping`, `feature_comparison`, `zero_price_action`, `is_pbp`, `is_op`, `is_oper`, `is_returnable`, `return_period`, `avail_since`, `out_of_stock_actions`, `localization`, `min_qty`, `max_qty`, `qty_step`, `list_qty_count`, `tax_ids`, `age_verification`, `age_limit`, `options_type`, `exceptions_type`, `details_layout`, `shipping_params`) VALUES ('1050', 'B0002S947K', 'P', '0', 'A', '0', '13.98', '50', '0.00', '0', '0', '0', '0.00', '1', '1139039402', '0', 'N', 'N', 'N', 'B', 'N', 'N', 'R', 'Y', 'N', 'N', 'Y', '10', '0', 'N', '', '0', '0', '0', '0', '6', 'N', '0', 'P', 'F', '', '');
INSERT INTO cscart_products (`product_id`, `product_code`, `product_type`, `owner_id`, `status`, `company_id`, `list_price`, `amount`, `weight`, `length`, `width`, `height`, `shipping_freight`, `low_avail_limit`, `timestamp`, `usergroup_ids`, `is_edp`, `edp_shipping`, `unlimited_download`, `tracking`, `free_shipping`, `feature_comparison`, `zero_price_action`, `is_pbp`, `is_op`, `is_oper`, `is_returnable`, `return_period`, `avail_since`, `out_of_stock_actions`, `localization`, `min_qty`, `max_qty`, `qty_step`, `list_qty_count`, `tax_ids`, `age_verification`, `age_limit`, `options_type`, `exceptions_type`, `details_layout`, `shipping_params`) VALUES ('1052', 'B0006FO83Y', 'P', '0', 'A', '0', '16.98', '50', '0.00', '0', '0', '0', '0.00', '1', '1139039402', '0', 'N', 'N', 'N', 'B', 'N', 'N', 'R', 'Y', 'N', 'N', 'Y', '10', '0', 'N', '', '0', '0', '0', '0', '6', 'N', '0', 'P', 'F', '', '');
INSERT INTO cscart_products (`product_id`, `product_code`, `product_type`, `owner_id`, `status`, `company_id`, `list_price`, `amount`, `weight`, `length`, `width`, `height`, `shipping_freight`, `low_avail_limit`, `timestamp`, `usergroup_ids`, `is_edp`, `edp_shipping`, `unlimited_download`, `tracking`, `free_shipping`, `feature_comparison`, `zero_price_action`, `is_pbp`, `is_op`, `is_oper`, `is_returnable`, `return_period`, `avail_since`, `out_of_stock_actions`, `localization`, `min_qty`, `max_qty`, `qty_step`, `list_qty_count`, `tax_ids`, `age_verification`, `age_limit`, `options_type`, `exceptions_type`, `details_layout`, `shipping_params`) VALUES ('1054', 'B00097DXVW', 'P', '0', 'A', '0', '18.98', '50', '0.00', '0', '0', '0', '0.00', '1', '1139039402', '0', 'N', 'N', 'N', 'B', 'N', 'N', 'R', 'Y', 'N', 'N', 'Y', '10', '0', 'N', '', '0', '0', '0', '0', '6', 'N', '0', 'P', 'F', '', '');
INSERT INTO cscart_products (`product_id`, `product_code`, `product_type`, `owner_id`, `status`, `company_id`, `list_price`, `amount`, `weight`, `length`, `width`, `height`, `shipping_freight`, `low_avail_limit`, `timestamp`, `usergroup_ids`, `is_edp`, `edp_shipping`, `unlimited_download`, `tracking`, `free_shipping`, `feature_comparison`, `zero_price_action`, `is_pbp`, `is_op`, `is_oper`, `is_returnable`, `return_period`, `avail_since`, `out_of_stock_actions`, `localization`, `min_qty`, `max_qty`, `qty_step`, `list_qty_count`, `tax_ids`, `age_verification`, `age_limit`, `options_type`, `exceptions_type`, `details_layout`, `shipping_params`) VALUES ('1060', 'B0009299LU', 'P', '0', 'A', '0', '19.98', '50', '0.00', '0', '0', '0', '0.00', '1', '1139039402', '0', 'N', 'N', 'N', 'B', 'N', 'N', 'R', 'Y', 'N', 'N', 'Y', '10', '0', 'N', '', '0', '0', '0', '0', '6', 'N', '0', 'P', 'F', '', '');
INSERT INTO cscart_products (`product_id`, `product_code`, `product_type`, `owner_id`, `status`, `company_id`, `list_price`, `amount`, `weight`, `length`, `width`, `height`, `shipping_freight`, `low_avail_limit`, `timestamp`, `usergroup_ids`, `is_edp`, `edp_shipping`, `unlimited_download`, `tracking`, `free_shipping`, `feature_comparison`, `zero_price_action`, `is_pbp`, `is_op`, `is_oper`, `is_returnable`, `return_period`, `avail_since`, `out_of_stock_actions`, `localization`, `min_qty`, `max_qty`, `qty_step`, `list_qty_count`, `tax_ids`, `age_verification`, `age_limit`, `options_type`, `exceptions_type`, `details_layout`, `shipping_params`) VALUES ('1061', 'B0007Z4S4C', 'P', '0', 'A', '0', '18.98', '50', '0.00', '0', '0', '0', '0.00', '1', '1139039402', '0', 'N', 'N', 'N', 'B', 'N', 'N', 'R', 'Y', 'N', 'N', 'Y', '10', '0', 'N', '', '0', '0', '0', '0', '6', 'N', '0', 'P', 'F', '', '');
INSERT INTO cscart_products (`product_id`, `product_code`, `product_type`, `owner_id`, `status`, `company_id`, `list_price`, `amount`, `weight`, `length`, `width`, `height`, `shipping_freight`, `low_avail_limit`, `timestamp`, `usergroup_ids`, `is_edp`, `edp_shipping`, `unlimited_download`, `tracking`, `free_shipping`, `feature_comparison`, `zero_price_action`, `is_pbp`, `is_op`, `is_oper`, `is_returnable`, `return_period`, `avail_since`, `out_of_stock_actions`, `localization`, `min_qty`, `max_qty`, `qty_step`, `list_qty_count`, `tax_ids`, `age_verification`, `age_limit`, `options_type`, `exceptions_type`, `details_layout`, `shipping_params`) VALUES ('1062', 'B0006JMLI4', 'P', '0', 'A', '0', '18.98', '50', '0.00', '0', '0', '0', '0.00', '1', '1139039402', '0', 'N', 'N', 'N', 'B', 'N', 'N', 'R', 'Y', 'N', 'N', 'Y', '10', '0', 'N', '', '0', '0', '0', '0', '6', 'N', '0', 'P', 'F', '', '');
INSERT INTO cscart_products (`product_id`, `product_code`, `product_type`, `owner_id`, `status`, `company_id`, `list_price`, `amount`, `weight`, `length`, `width`, `height`, `shipping_freight`, `low_avail_limit`, `timestamp`, `usergroup_ids`, `is_edp`, `edp_shipping`, `unlimited_download`, `tracking`, `free_shipping`, `feature_comparison`, `zero_price_action`, `is_pbp`, `is_op`, `is_oper`, `is_returnable`, `return_period`, `avail_since`, `out_of_stock_actions`, `localization`, `min_qty`, `max_qty`, `qty_step`, `list_qty_count`, `tax_ids`, `age_verification`, `age_limit`, `options_type`, `exceptions_type`, `details_layout`, `shipping_params`) VALUES ('1064', 'B00097DX3U', 'P', '0', 'A', '0', '13.98', '50', '0.00', '0', '0', '0', '0.00', '1', '1139039402', '0', 'N', 'N', 'N', 'B', 'N', 'N', 'R', 'Y', 'N', 'N', 'Y', '10', '0', 'N', '', '0', '0', '0', '0', '6', 'N', '0', 'P', 'F', '', '');
INSERT INTO cscart_products (`product_id`, `product_code`, `product_type`, `owner_id`, `status`, `company_id`, `list_price`, `amount`, `weight`, `length`, `width`, `height`, `shipping_freight`, `low_avail_limit`, `timestamp`, `usergroup_ids`, `is_edp`, `edp_shipping`, `unlimited_download`, `tracking`, `free_shipping`, `feature_comparison`, `zero_price_action`, `is_pbp`, `is_op`, `is_oper`, `is_returnable`, `return_period`, `avail_since`, `out_of_stock_actions`, `localization`, `min_qty`, `max_qty`, `qty_step`, `list_qty_count`, `tax_ids`, `age_verification`, `age_limit`, `options_type`, `exceptions_type`, `details_layout`, `shipping_params`) VALUES ('1065', 'B0007Y4TVU', 'P', '0', 'A', '0', '18.98', '0', '0.00', '0', '0', '0', '0.00', '1', '1139039402', '0', 'N', 'N', 'N', 'B', 'N', 'N', 'R', 'Y', 'N', 'N', 'Y', '10', '0', 'N', '', '0', '0', '0', '0', '6', 'N', '0', 'P', 'F', '', '');
INSERT INTO cscart_products (`product_id`, `product_code`, `product_type`, `owner_id`, `status`, `company_id`, `list_price`, `amount`, `weight`, `length`, `width`, `height`, `shipping_freight`, `low_avail_limit`, `timestamp`, `usergroup_ids`, `is_edp`, `edp_shipping`, `unlimited_download`, `tracking`, `free_shipping`, `feature_comparison`, `zero_price_action`, `is_pbp`, `is_op`, `is_oper`, `is_returnable`, `return_period`, `avail_since`, `out_of_stock_actions`, `localization`, `min_qty`, `max_qty`, `qty_step`, `list_qty_count`, `tax_ids`, `age_verification`, `age_limit`, `options_type`, `exceptions_type`, `details_layout`, `shipping_params`) VALUES ('1066', 'B0009A1AS2', 'P', '0', 'A', '0', '18.98', '10', '0.00', '0', '0', '0', '0.00', '1', '1139039402', '0', 'N', 'N', 'N', 'B', 'N', 'N', 'R', 'Y', 'N', 'N', 'Y', '10', '0', 'N', '', '0', '0', '0', '0', '6', 'N', '0', 'P', 'F', '', '');
INSERT INTO cscart_products (`product_id`, `product_code`, `product_type`, `owner_id`, `status`, `company_id`, `list_price`, `amount`, `weight`, `length`, `width`, `height`, `shipping_freight`, `low_avail_limit`, `timestamp`, `usergroup_ids`, `is_edp`, `edp_shipping`, `unlimited_download`, `tracking`, `free_shipping`, `feature_comparison`, `zero_price_action`, `is_pbp`, `is_op`, `is_oper`, `is_returnable`, `return_period`, `avail_since`, `out_of_stock_actions`, `localization`, `min_qty`, `max_qty`, `qty_step`, `list_qty_count`, `tax_ids`, `age_verification`, `age_limit`, `options_type`, `exceptions_type`, `details_layout`, `shipping_params`) VALUES ('1067', 'B000929AJQ', 'P', '0', 'A', '0', '13.98', '50', '0.00', '0', '0', '0', '0.00', '1', '1139039402', '0', 'N', 'N', 'N', 'B', 'N', 'N', 'R', 'Y', 'N', 'N', 'Y', '10', '0', 'N', '', '0', '0', '0', '0', '6', 'N', '0', 'P', 'F', '', '');
INSERT INTO cscart_products (`product_id`, `product_code`, `product_type`, `owner_id`, `status`, `company_id`, `list_price`, `amount`, `weight`, `length`, `width`, `height`, `shipping_freight`, `low_avail_limit`, `timestamp`, `usergroup_ids`, `is_edp`, `edp_shipping`, `unlimited_download`, `tracking`, `free_shipping`, `feature_comparison`, `zero_price_action`, `is_pbp`, `is_op`, `is_oper`, `is_returnable`, `return_period`, `avail_since`, `out_of_stock_actions`, `localization`, `min_qty`, `max_qty`, `qty_step`, `list_qty_count`, `tax_ids`, `age_verification`, `age_limit`, `options_type`, `exceptions_type`, `details_layout`, `shipping_params`) VALUES ('1069', 'B00097A5HC', 'P', '0', 'A', '0', '18.98', '50', '0.00', '0', '0', '0', '0.00', '1', '1139039402', '0', 'N', 'N', 'N', 'B', 'N', 'N', 'R', 'Y', 'N', 'N', 'Y', '10', '0', 'N', '', '0', '0', '0', '0', '6', 'N', '0', 'P', 'F', '', '');
INSERT INTO cscart_products (`product_id`, `product_code`, `product_type`, `owner_id`, `status`, `company_id`, `list_price`, `amount`, `weight`, `length`, `width`, `height`, `shipping_freight`, `low_avail_limit`, `timestamp`, `usergroup_ids`, `is_edp`, `edp_shipping`, `unlimited_download`, `tracking`, `free_shipping`, `feature_comparison`, `zero_price_action`, `is_pbp`, `is_op`, `is_oper`, `is_returnable`, `return_period`, `avail_since`, `out_of_stock_actions`, `localization`, `min_qty`, `max_qty`, `qty_step`, `list_qty_count`, `tax_ids`, `age_verification`, `age_limit`, `options_type`, `exceptions_type`, `details_layout`, `shipping_params`) VALUES ('1091', 'B00023DLFG', 'P', '0', 'A', '0', '279.99', '50', '0.00', '0', '0', '0', '0.00', '1', '1139039402', '0', 'N', 'N', 'N', 'B', 'N', 'N', 'R', 'Y', 'N', 'N', 'Y', '10', '0', 'N', '', '0', '0', '0', '0', '6', 'N', '0', 'P', 'F', '', '');
INSERT INTO cscart_products (`product_id`, `product_code`, `product_type`, `owner_id`, `status`, `company_id`, `list_price`, `amount`, `weight`, `length`, `width`, `height`, `shipping_freight`, `low_avail_limit`, `timestamp`, `usergroup_ids`, `is_edp`, `edp_shipping`, `unlimited_download`, `tracking`, `free_shipping`, `feature_comparison`, `zero_price_action`, `is_pbp`, `is_op`, `is_oper`, `is_returnable`, `return_period`, `avail_since`, `out_of_stock_actions`, `localization`, `min_qty`, `max_qty`, `qty_step`, `list_qty_count`, `tax_ids`, `age_verification`, `age_limit`, `options_type`, `exceptions_type`, `details_layout`, `shipping_params`) VALUES ('1094', 'B0006JLKSQ', 'P', '0', 'A', '0', '199.99', '50', '0.00', '0', '0', '0', '0.00', '1', '1139039402', '0', 'N', 'N', 'N', 'B', 'N', 'N', 'R', 'Y', 'N', 'N', 'Y', '10', '0', 'N', '', '0', '0', '0', '0', '6', 'N', '0', 'P', 'F', '', '');
INSERT INTO cscart_products (`product_id`, `product_code`, `product_type`, `owner_id`, `status`, `company_id`, `list_price`, `amount`, `weight`, `length`, `width`, `height`, `shipping_freight`, `low_avail_limit`, `timestamp`, `usergroup_ids`, `is_edp`, `edp_shipping`, `unlimited_download`, `tracking`, `free_shipping`, `feature_comparison`, `zero_price_action`, `is_pbp`, `is_op`, `is_oper`, `is_returnable`, `return_period`, `avail_since`, `out_of_stock_actions`, `localization`, `min_qty`, `max_qty`, `qty_step`, `list_qty_count`, `tax_ids`, `age_verification`, `age_limit`, `options_type`, `exceptions_type`, `details_layout`, `shipping_params`) VALUES ('1096', 'B000197ZM6', 'P', '0', 'A', '0', '249.99', '50', '0.00', '0', '0', '0', '0.00', '1', '1139039402', '0', 'N', 'N', 'N', 'B', 'N', 'N', 'R', 'Y', 'N', 'N', 'Y', '10', '0', 'N', '', '0', '0', '0', '0', '6', 'N', '0', 'P', 'F', '', '');
INSERT INTO cscart_products (`product_id`, `product_code`, `product_type`, `owner_id`, `status`, `company_id`, `list_price`, `amount`, `weight`, `length`, `width`, `height`, `shipping_freight`, `low_avail_limit`, `timestamp`, `usergroup_ids`, `is_edp`, `edp_shipping`, `unlimited_download`, `tracking`, `free_shipping`, `feature_comparison`, `zero_price_action`, `is_pbp`, `is_op`, `is_oper`, `is_returnable`, `return_period`, `avail_since`, `out_of_stock_actions`, `localization`, `min_qty`, `max_qty`, `qty_step`, `list_qty_count`, `tax_ids`, `age_verification`, `age_limit`, `options_type`, `exceptions_type`, `details_layout`, `shipping_params`) VALUES ('1104', 'B0001SOIYU', 'P', '0', 'A', '0', '599.99', '50', '0.00', '0', '0', '0', '0.00', '1', '1139039402', '0', 'N', 'N', 'N', 'B', 'N', 'N', 'R', 'Y', 'N', 'N', 'Y', '10', '0', 'N', '', '0', '0', '0', '0', '6', 'N', '0', 'P', 'F', '', '');
INSERT INTO cscart_products (`product_id`, `product_code`, `product_type`, `owner_id`, `status`, `company_id`, `list_price`, `amount`, `weight`, `length`, `width`, `height`, `shipping_freight`, `low_avail_limit`, `timestamp`, `usergroup_ids`, `is_edp`, `edp_shipping`, `unlimited_download`, `tracking`, `free_shipping`, `feature_comparison`, `zero_price_action`, `is_pbp`, `is_op`, `is_oper`, `is_returnable`, `return_period`, `avail_since`, `out_of_stock_actions`, `localization`, `min_qty`, `max_qty`, `qty_step`, `list_qty_count`, `tax_ids`, `age_verification`, `age_limit`, `options_type`, `exceptions_type`, `details_layout`, `shipping_params`) VALUES ('1106', 'B00013AU0G', 'P', '0', 'A', '0', '0.00', '50', '0.00', '0', '0', '0', '0.00', '1', '1139039402', '0', 'N', 'N', 'N', 'B', 'N', 'N', 'R', 'Y', 'N', 'N', 'Y', '10', '0', 'N', '', '0', '0', '0', '0', '6', 'N', '0', 'P', 'F', '', '');
INSERT INTO cscart_products (`product_id`, `product_code`, `product_type`, `owner_id`, `status`, `company_id`, `list_price`, `amount`, `weight`, `length`, `width`, `height`, `shipping_freight`, `low_avail_limit`, `timestamp`, `usergroup_ids`, `is_edp`, `edp_shipping`, `unlimited_download`, `tracking`, `free_shipping`, `feature_comparison`, `zero_price_action`, `is_pbp`, `is_op`, `is_oper`, `is_returnable`, `return_period`, `avail_since`, `out_of_stock_actions`, `localization`, `min_qty`, `max_qty`, `qty_step`, `list_qty_count`, `tax_ids`, `age_verification`, `age_limit`, `options_type`, `exceptions_type`, `details_layout`, `shipping_params`) VALUES ('1108', 'B0007OW5CK', 'P', '0', 'A', '0', '800.00', '49', '0.00', '0', '0', '0', '0.00', '1', '1139039402', '0', 'N', 'N', 'N', 'B', 'N', 'N', 'R', 'Y', 'N', 'N', 'Y', '10', '0', 'N', '', '0', '0', '0', '0', '6', 'N', '0', 'P', 'F', '', '');
INSERT INTO cscart_products (`product_id`, `product_code`, `product_type`, `owner_id`, `status`, `company_id`, `list_price`, `amount`, `weight`, `length`, `width`, `height`, `shipping_freight`, `low_avail_limit`, `timestamp`, `usergroup_ids`, `is_edp`, `edp_shipping`, `unlimited_download`, `tracking`, `free_shipping`, `feature_comparison`, `zero_price_action`, `is_pbp`, `is_op`, `is_oper`, `is_returnable`, `return_period`, `avail_since`, `out_of_stock_actions`, `localization`, `min_qty`, `max_qty`, `qty_step`, `list_qty_count`, `tax_ids`, `age_verification`, `age_limit`, `options_type`, `exceptions_type`, `details_layout`, `shipping_params`) VALUES ('1110', 'B0002I9OJS', 'P', '0', 'A', '0', '549.99', '50', '0.00', '0', '0', '0', '0.00', '1', '1139039402', '0', 'N', 'N', 'N', 'B', 'N', 'N', 'R', 'Y', 'N', 'N', 'Y', '10', '0', 'N', '', '0', '0', '0', '0', '6', 'N', '0', 'P', 'F', '', '');
INSERT INTO cscart_products (`product_id`, `product_code`, `product_type`, `owner_id`, `status`, `company_id`, `list_price`, `amount`, `weight`, `length`, `width`, `height`, `shipping_freight`, `low_avail_limit`, `timestamp`, `usergroup_ids`, `is_edp`, `edp_shipping`, `unlimited_download`, `tracking`, `free_shipping`, `feature_comparison`, `zero_price_action`, `is_pbp`, `is_op`, `is_oper`, `is_returnable`, `return_period`, `avail_since`, `out_of_stock_actions`, `localization`, `min_qty`, `max_qty`, `qty_step`, `list_qty_count`, `tax_ids`, `age_verification`, `age_limit`, `options_type`, `exceptions_type`, `details_layout`, `shipping_params`) VALUES ('1115', 'B0007TZFAE', 'C', '0', 'A', '0', '594.00', '50', '0.00', '0', '0', '0', '0.00', '1', '1139039402', '0', 'N', 'N', 'N', 'B', 'N', 'N', 'R', 'Y', 'N', 'N', 'Y', '10', '0', 'N', '', '0', '0', '0', '0', '6', 'N', '0', 'P', 'F', '', '');
INSERT INTO cscart_products (`product_id`, `product_code`, `product_type`, `owner_id`, `status`, `company_id`, `list_price`, `amount`, `weight`, `length`, `width`, `height`, `shipping_freight`, `low_avail_limit`, `timestamp`, `usergroup_ids`, `is_edp`, `edp_shipping`, `unlimited_download`, `tracking`, `free_shipping`, `feature_comparison`, `zero_price_action`, `is_pbp`, `is_op`, `is_oper`, `is_returnable`, `return_period`, `avail_since`, `out_of_stock_actions`, `localization`, `min_qty`, `max_qty`, `qty_step`, `list_qty_count`, `tax_ids`, `age_verification`, `age_limit`, `options_type`, `exceptions_type`, `details_layout`, `shipping_params`) VALUES ('1120', 'B00086HZJA', 'P', '0', 'A', '0', '718.00', '50', '0.00', '0', '0', '0', '0.00', '1', '1139039402', '0', 'N', 'N', 'N', 'B', 'N', 'N', 'R', 'Y', 'N', 'N', 'Y', '10', '0', 'N', '', '0', '0', '0', '0', '6', 'N', '0', 'P', 'F', '', '');
INSERT INTO cscart_products (`product_id`, `product_code`, `product_type`, `owner_id`, `status`, `company_id`, `list_price`, `amount`, `weight`, `length`, `width`, `height`, `shipping_freight`, `low_avail_limit`, `timestamp`, `usergroup_ids`, `is_edp`, `edp_shipping`, `unlimited_download`, `tracking`, `free_shipping`, `feature_comparison`, `zero_price_action`, `is_pbp`, `is_op`, `is_oper`, `is_returnable`, `return_period`, `avail_since`, `out_of_stock_actions`, `localization`, `min_qty`, `max_qty`, `qty_step`, `list_qty_count`, `tax_ids`, `age_verification`, `age_limit`, `options_type`, `exceptions_type`, `details_layout`, `shipping_params`) VALUES ('1123', 'B0002OG6NY', 'P', '0', 'A', '0', '1600.00', '50', '0.00', '0', '0', '0', '0.00', '1', '1139039402', '0', 'N', 'N', 'N', 'B', 'N', 'N', 'R', 'Y', 'N', 'N', 'Y', '10', '0', 'N', '', '0', '0', '0', '0', '6', 'N', '0', 'P', 'F', '', '');
INSERT INTO cscart_products (`product_id`, `product_code`, `product_type`, `owner_id`, `status`, `company_id`, `list_price`, `amount`, `weight`, `length`, `width`, `height`, `shipping_freight`, `low_avail_limit`, `timestamp`, `usergroup_ids`, `is_edp`, `edp_shipping`, `unlimited_download`, `tracking`, `free_shipping`, `feature_comparison`, `zero_price_action`, `is_pbp`, `is_op`, `is_oper`, `is_returnable`, `return_period`, `avail_since`, `out_of_stock_actions`, `localization`, `min_qty`, `max_qty`, `qty_step`, `list_qty_count`, `tax_ids`, `age_verification`, `age_limit`, `options_type`, `exceptions_type`, `details_layout`, `shipping_params`) VALUES ('1139', 'B00011KI6Y', 'P', '0', 'A', '0', '849.99', '50', '0.00', '0', '0', '0', '0.00', '1', '1139039402', '0', 'N', 'N', 'N', 'B', 'N', 'N', 'R', 'Y', 'N', 'N', 'Y', '10', '0', 'N', '', '0', '0', '0', '0', '6', 'N', '0', 'P', 'F', '', '');
INSERT INTO cscart_products (`product_id`, `product_code`, `product_type`, `owner_id`, `status`, `company_id`, `list_price`, `amount`, `weight`, `length`, `width`, `height`, `shipping_freight`, `low_avail_limit`, `timestamp`, `usergroup_ids`, `is_edp`, `edp_shipping`, `unlimited_download`, `tracking`, `free_shipping`, `feature_comparison`, `zero_price_action`, `is_pbp`, `is_op`, `is_oper`, `is_returnable`, `return_period`, `avail_since`, `out_of_stock_actions`, `localization`, `min_qty`, `max_qty`, `qty_step`, `list_qty_count`, `tax_ids`, `age_verification`, `age_limit`, `options_type`, `exceptions_type`, `details_layout`, `shipping_params`) VALUES ('1142', 'B000692NPU', 'P', '0', 'A', '0', '1499.99', '50', '0.00', '0', '0', '0', '0.00', '1', '1139039402', '0', 'N', 'N', 'N', 'B', 'N', 'N', 'R', 'Y', 'N', 'N', 'Y', '10', '0', 'N', '', '0', '0', '0', '0', '6', 'N', '0', 'P', 'F', '', '');
INSERT INTO cscart_products (`product_id`, `product_code`, `product_type`, `owner_id`, `status`, `company_id`, `list_price`, `amount`, `weight`, `length`, `width`, `height`, `shipping_freight`, `low_avail_limit`, `timestamp`, `usergroup_ids`, `is_edp`, `edp_shipping`, `unlimited_download`, `tracking`, `free_shipping`, `feature_comparison`, `zero_price_action`, `is_pbp`, `is_op`, `is_oper`, `is_returnable`, `return_period`, `avail_since`, `out_of_stock_actions`, `localization`, `min_qty`, `max_qty`, `qty_step`, `list_qty_count`, `tax_ids`, `age_verification`, `age_limit`, `options_type`, `exceptions_type`, `details_layout`, `shipping_params`) VALUES ('1153', 'B0007WZODY', 'P', '0', 'A', '0', '319.99', '50', '0.00', '0', '0', '0', '0.00', '1', '1139039402', '0', 'N', 'N', 'N', 'B', 'N', 'N', 'R', 'Y', 'N', 'N', 'Y', '10', '0', 'N', '', '0', '0', '0', '0', '6', 'N', '0', 'P', 'F', '', '');
INSERT INTO cscart_products (`product_id`, `product_code`, `product_type`, `owner_id`, `status`, `company_id`, `list_price`, `amount`, `weight`, `length`, `width`, `height`, `shipping_freight`, `low_avail_limit`, `timestamp`, `usergroup_ids`, `is_edp`, `edp_shipping`, `unlimited_download`, `tracking`, `free_shipping`, `feature_comparison`, `zero_price_action`, `is_pbp`, `is_op`, `is_oper`, `is_returnable`, `return_period`, `avail_since`, `out_of_stock_actions`, `localization`, `min_qty`, `max_qty`, `qty_step`, `list_qty_count`, `tax_ids`, `age_verification`, `age_limit`, `options_type`, `exceptions_type`, `details_layout`, `shipping_params`) VALUES ('1163', 'B0006PK8IS', 'P', '0', 'A', '0', '1500.00', '50', '0.00', '0', '0', '0', '0.00', '1', '1139039402', '0', 'N', 'N', 'N', 'B', 'N', 'N', 'R', 'Y', 'N', 'N', 'Y', '10', '0', 'N', '', '0', '0', '0', '0', '6', 'N', '0', 'P', 'F', '', '');
INSERT INTO cscart_products (`product_id`, `product_code`, `product_type`, `owner_id`, `status`, `company_id`, `list_price`, `amount`, `weight`, `length`, `width`, `height`, `shipping_freight`, `low_avail_limit`, `timestamp`, `usergroup_ids`, `is_edp`, `edp_shipping`, `unlimited_download`, `tracking`, `free_shipping`, `feature_comparison`, `zero_price_action`, `is_pbp`, `is_op`, `is_oper`, `is_returnable`, `return_period`, `avail_since`, `out_of_stock_actions`, `localization`, `min_qty`, `max_qty`, `qty_step`, `list_qty_count`, `tax_ids`, `age_verification`, `age_limit`, `options_type`, `exceptions_type`, `details_layout`, `shipping_params`) VALUES ('1165', 'B0006PK8R4', 'P', '0', 'A', '0', '1300.00', '50', '0.00', '0', '0', '0', '0.00', '1', '1139039402', '0', 'N', 'N', 'N', 'B', 'N', 'N', 'R', 'Y', 'N', 'N', 'Y', '10', '0', 'N', '', '0', '0', '0', '0', '6', 'N', '0', 'P', 'F', '', '');
INSERT INTO cscart_products (`product_id`, `product_code`, `product_type`, `owner_id`, `status`, `company_id`, `list_price`, `amount`, `weight`, `length`, `width`, `height`, `shipping_freight`, `low_avail_limit`, `timestamp`, `usergroup_ids`, `is_edp`, `edp_shipping`, `unlimited_download`, `tracking`, `free_shipping`, `feature_comparison`, `zero_price_action`, `is_pbp`, `is_op`, `is_oper`, `is_returnable`, `return_period`, `avail_since`, `out_of_stock_actions`, `localization`, `min_qty`, `max_qty`, `qty_step`, `list_qty_count`, `tax_ids`, `age_verification`, `age_limit`, `options_type`, `exceptions_type`, `details_layout`, `shipping_params`) VALUES ('1172', 'B0002NRMJW', 'P', '0', 'A', '0', '499.99', '50', '0.00', '0', '0', '0', '0.00', '1', '1139039402', '0', 'N', 'N', 'N', 'B', 'N', 'N', 'R', 'Y', 'N', 'N', 'Y', '10', '0', 'N', '', '0', '0', '0', '0', '6', 'N', '0', 'P', 'F', '', '');
INSERT INTO cscart_products (`product_id`, `product_code`, `product_type`, `owner_id`, `status`, `company_id`, `list_price`, `amount`, `weight`, `length`, `width`, `height`, `shipping_freight`, `low_avail_limit`, `timestamp`, `usergroup_ids`, `is_edp`, `edp_shipping`, `unlimited_download`, `tracking`, `free_shipping`, `feature_comparison`, `zero_price_action`, `is_pbp`, `is_op`, `is_oper`, `is_returnable`, `return_period`, `avail_since`, `out_of_stock_actions`, `localization`, `min_qty`, `max_qty`, `qty_step`, `list_qty_count`, `tax_ids`, `age_verification`, `age_limit`, `options_type`, `exceptions_type`, `details_layout`, `shipping_params`) VALUES ('1188', 'B0009EP76Y', 'P', '0', 'A', '0', '59.99', '50', '0.00', '0', '0', '0', '0.00', '1', '1139039402', '0', 'N', 'N', 'N', 'B', 'N', 'N', 'R', 'Y', 'N', 'N', 'Y', '10', '0', 'N', '', '0', '0', '0', '0', '6', 'N', '0', 'P', 'F', '', '');
INSERT INTO cscart_products (`product_id`, `product_code`, `product_type`, `owner_id`, `status`, `company_id`, `list_price`, `amount`, `weight`, `length`, `width`, `height`, `shipping_freight`, `low_avail_limit`, `timestamp`, `usergroup_ids`, `is_edp`, `edp_shipping`, `unlimited_download`, `tracking`, `free_shipping`, `feature_comparison`, `zero_price_action`, `is_pbp`, `is_op`, `is_oper`, `is_returnable`, `return_period`, `avail_since`, `out_of_stock_actions`, `localization`, `min_qty`, `max_qty`, `qty_step`, `list_qty_count`, `tax_ids`, `age_verification`, `age_limit`, `options_type`, `exceptions_type`, `details_layout`, `shipping_params`) VALUES ('1285', 'B0007VEUS0', 'P', '0', 'A', '0', '0.00', '50', '0.00', '0', '0', '0', '0.00', '1', '1139039402', '0', 'N', 'N', 'N', 'B', 'N', 'N', 'R', 'Y', 'N', 'N', 'Y', '10', '0', 'N', '', '0', '0', '0', '0', '6', 'N', '0', 'P', 'F', '', '');
INSERT INTO cscart_products (`product_id`, `product_code`, `product_type`, `owner_id`, `status`, `company_id`, `list_price`, `amount`, `weight`, `length`, `width`, `height`, `shipping_freight`, `low_avail_limit`, `timestamp`, `usergroup_ids`, `is_edp`, `edp_shipping`, `unlimited_download`, `tracking`, `free_shipping`, `feature_comparison`, `zero_price_action`, `is_pbp`, `is_op`, `is_oper`, `is_returnable`, `return_period`, `avail_since`, `out_of_stock_actions`, `localization`, `min_qty`, `max_qty`, `qty_step`, `list_qty_count`, `tax_ids`, `age_verification`, `age_limit`, `options_type`, `exceptions_type`, `details_layout`, `shipping_params`) VALUES ('1287', 'B00069O07Y', 'P', '0', 'A', '0', '0.00', '50', '0.00', '0', '0', '0', '0.00', '1', '1139039402', '0', 'N', 'N', 'N', 'B', 'N', 'N', 'R', 'Y', 'N', 'N', 'Y', '10', '0', 'N', '', '0', '0', '0', '0', '6', 'N', '0', 'P', 'F', '', '');
INSERT INTO cscart_products (`product_id`, `product_code`, `product_type`, `owner_id`, `status`, `company_id`, `list_price`, `amount`, `weight`, `length`, `width`, `height`, `shipping_freight`, `low_avail_limit`, `timestamp`, `usergroup_ids`, `is_edp`, `edp_shipping`, `unlimited_download`, `tracking`, `free_shipping`, `feature_comparison`, `zero_price_action`, `is_pbp`, `is_op`, `is_oper`, `is_returnable`, `return_period`, `avail_since`, `out_of_stock_actions`, `localization`, `min_qty`, `max_qty`, `qty_step`, `list_qty_count`, `tax_ids`, `age_verification`, `age_limit`, `options_type`, `exceptions_type`, `details_layout`, `shipping_params`) VALUES ('1291', 'B0002D9EBG', 'P', '0', 'A', '0', '0.00', '50', '0.00', '0', '0', '0', '0.00', '1', '1139039402', '0', 'N', 'N', 'N', 'B', 'N', 'N', 'R', 'Y', 'N', 'N', 'Y', '10', '0', 'N', '', '0', '0', '0', '0', '6', 'N', '0', 'P', 'F', '', '');
INSERT INTO cscart_products (`product_id`, `product_code`, `product_type`, `owner_id`, `status`, `company_id`, `list_price`, `amount`, `weight`, `length`, `width`, `height`, `shipping_freight`, `low_avail_limit`, `timestamp`, `usergroup_ids`, `is_edp`, `edp_shipping`, `unlimited_download`, `tracking`, `free_shipping`, `feature_comparison`, `zero_price_action`, `is_pbp`, `is_op`, `is_oper`, `is_returnable`, `return_period`, `avail_since`, `out_of_stock_actions`, `localization`, `min_qty`, `max_qty`, `qty_step`, `list_qty_count`, `tax_ids`, `age_verification`, `age_limit`, `options_type`, `exceptions_type`, `details_layout`, `shipping_params`) VALUES ('1360', 'B0006IGW8U', 'P', '0', 'A', '0', '39.99', '50', '0.00', '0', '0', '0', '0.00', '1', '1139039402', '0', 'N', 'N', 'N', 'B', 'N', 'N', 'R', 'Y', 'N', 'N', 'Y', '10', '0', 'N', '', '0', '0', '0', '0', '6', 'N', '0', 'P', 'F', '', '');
INSERT INTO cscart_products (`product_id`, `product_code`, `product_type`, `owner_id`, `status`, `company_id`, `list_price`, `amount`, `weight`, `length`, `width`, `height`, `shipping_freight`, `low_avail_limit`, `timestamp`, `usergroup_ids`, `is_edp`, `edp_shipping`, `unlimited_download`, `tracking`, `free_shipping`, `feature_comparison`, `zero_price_action`, `is_pbp`, `is_op`, `is_oper`, `is_returnable`, `return_period`, `avail_since`, `out_of_stock_actions`, `localization`, `min_qty`, `max_qty`, `qty_step`, `list_qty_count`, `tax_ids`, `age_verification`, `age_limit`, `options_type`, `exceptions_type`, `details_layout`, `shipping_params`) VALUES ('1480', '0439249546', 'P', '0', 'A', '0', '85.80', '50', '0.00', '0', '0', '0', '0.00', '1', '1139039402', '0', 'N', 'N', 'N', 'B', 'N', 'N', 'R', 'Y', 'N', 'N', 'Y', '10', '0', 'N', '', '0', '0', '0', '0', '6', 'N', '0', 'P', 'F', '', '');
INSERT INTO cscart_products (`product_id`, `product_code`, `product_type`, `owner_id`, `status`, `company_id`, `list_price`, `amount`, `weight`, `length`, `width`, `height`, `shipping_freight`, `low_avail_limit`, `timestamp`, `usergroup_ids`, `is_edp`, `edp_shipping`, `unlimited_download`, `tracking`, `free_shipping`, `feature_comparison`, `zero_price_action`, `is_pbp`, `is_op`, `is_oper`, `is_returnable`, `return_period`, `avail_since`, `out_of_stock_actions`, `localization`, `min_qty`, `max_qty`, `qty_step`, `list_qty_count`, `tax_ids`, `age_verification`, `age_limit`, `options_type`, `exceptions_type`, `details_layout`, `shipping_params`) VALUES ('1481', '037582670X', 'P', '0', 'A', '0', '21.00', '50', '0.00', '0', '0', '0', '0.00', '1', '1139039402', '0', 'N', 'N', 'N', 'B', 'N', 'N', 'R', 'Y', 'N', 'N', 'Y', '10', '0', 'N', '', '0', '0', '0', '0', '6', 'N', '0', 'P', 'F', '', '');
INSERT INTO cscart_products (`product_id`, `product_code`, `product_type`, `owner_id`, `status`, `company_id`, `list_price`, `amount`, `weight`, `length`, `width`, `height`, `shipping_freight`, `low_avail_limit`, `timestamp`, `usergroup_ids`, `is_edp`, `edp_shipping`, `unlimited_download`, `tracking`, `free_shipping`, `feature_comparison`, `zero_price_action`, `is_pbp`, `is_op`, `is_oper`, `is_returnable`, `return_period`, `avail_since`, `out_of_stock_actions`, `localization`, `min_qty`, `max_qty`, `qty_step`, `list_qty_count`, `tax_ids`, `age_verification`, `age_limit`, `options_type`, `exceptions_type`, `details_layout`, `shipping_params`) VALUES ('1485', '0807282596', 'P', '0', 'A', '0', '69.95', '50', '0.00', '0', '0', '0', '0.00', '1', '1139039402', '0', 'N', 'N', 'N', 'B', 'N', 'N', 'R', 'Y', 'N', 'N', 'Y', '10', '0', 'N', '', '0', '0', '0', '0', '6', 'N', '0', 'P', 'F', '', '');
INSERT INTO cscart_products (`product_id`, `product_code`, `product_type`, `owner_id`, `status`, `company_id`, `list_price`, `amount`, `weight`, `length`, `width`, `height`, `shipping_freight`, `low_avail_limit`, `timestamp`, `usergroup_ids`, `is_edp`, `edp_shipping`, `unlimited_download`, `tracking`, `free_shipping`, `feature_comparison`, `zero_price_action`, `is_pbp`, `is_op`, `is_oper`, `is_returnable`, `return_period`, `avail_since`, `out_of_stock_actions`, `localization`, `min_qty`, `max_qty`, `qty_step`, `list_qty_count`, `tax_ids`, `age_verification`, `age_limit`, `options_type`, `exceptions_type`, `details_layout`, `shipping_params`) VALUES ('1488', '0763622281', 'P', '0', 'A', '0', '26.99', '50', '0.00', '0', '0', '0', '0.00', '1', '1139039402', '0', 'N', 'N', 'N', 'B', 'N', 'N', 'R', 'Y', 'N', 'N', 'Y', '10', '0', 'N', '', '0', '0', '0', '0', '6', 'N', '0', 'P', 'F', '', '');
INSERT INTO cscart_products (`product_id`, `product_code`, `product_type`, `owner_id`, `status`, `company_id`, `list_price`, `amount`, `weight`, `length`, `width`, `height`, `shipping_freight`, `low_avail_limit`, `timestamp`, `usergroup_ids`, `is_edp`, `edp_shipping`, `unlimited_download`, `tracking`, `free_shipping`, `feature_comparison`, `zero_price_action`, `is_pbp`, `is_op`, `is_oper`, `is_returnable`, `return_period`, `avail_since`, `out_of_stock_actions`, `localization`, `min_qty`, `max_qty`, `qty_step`, `list_qty_count`, `tax_ids`, `age_verification`, `age_limit`, `options_type`, `exceptions_type`, `details_layout`, `shipping_params`) VALUES ('1490', '0385729359', 'P', '0', 'A', '0', '16.95', '50', '0.00', '0', '0', '0', '0.00', '1', '1139039402', '0', 'N', 'N', 'N', 'B', 'N', 'N', 'R', 'Y', 'N', 'N', 'Y', '10', '0', 'N', '', '0', '0', '0', '0', '6', 'N', '0', 'P', 'F', '', '');
INSERT INTO cscart_products (`product_id`, `product_code`, `product_type`, `owner_id`, `status`, `company_id`, `list_price`, `amount`, `weight`, `length`, `width`, `height`, `shipping_freight`, `low_avail_limit`, `timestamp`, `usergroup_ids`, `is_edp`, `edp_shipping`, `unlimited_download`, `tracking`, `free_shipping`, `feature_comparison`, `zero_price_action`, `is_pbp`, `is_op`, `is_oper`, `is_returnable`, `return_period`, `avail_since`, `out_of_stock_actions`, `localization`, `min_qty`, `max_qty`, `qty_step`, `list_qty_count`, `tax_ids`, `age_verification`, `age_limit`, `options_type`, `exceptions_type`, `details_layout`, `shipping_params`) VALUES ('1492', '0141301155', 'P', '0', 'A', '0', '6.99', '50', '0.00', '0', '0', '0', '0.00', '1', '1139039402', '0', 'N', 'N', 'N', 'B', 'N', 'N', 'R', 'Y', 'N', 'N', 'Y', '10', '0', 'N', '', '0', '0', '0', '0', '6', 'N', '0', 'P', 'F', '', '');
INSERT INTO cscart_products (`product_id`, `product_code`, `product_type`, `owner_id`, `status`, `company_id`, `list_price`, `amount`, `weight`, `length`, `width`, `height`, `shipping_freight`, `low_avail_limit`, `timestamp`, `usergroup_ids`, `is_edp`, `edp_shipping`, `unlimited_download`, `tracking`, `free_shipping`, `feature_comparison`, `zero_price_action`, `is_pbp`, `is_op`, `is_oper`, `is_returnable`, `return_period`, `avail_since`, `out_of_stock_actions`, `localization`, `min_qty`, `max_qty`, `qty_step`, `list_qty_count`, `tax_ids`, `age_verification`, `age_limit`, `options_type`, `exceptions_type`, `details_layout`, `shipping_params`) VALUES ('1493', '0694003611', 'P', '0', 'A', '0', '7.99', '50', '0.00', '0', '0', '0', '0.00', '1', '1139039402', '0', 'N', 'N', 'N', 'B', 'N', 'N', 'R', 'Y', 'N', 'N', 'Y', '10', '0', 'N', '', '0', '0', '0', '0', '6', 'N', '0', 'P', 'F', '', '');
INSERT INTO cscart_products (`product_id`, `product_code`, `product_type`, `owner_id`, `status`, `company_id`, `list_price`, `amount`, `weight`, `length`, `width`, `height`, `shipping_freight`, `low_avail_limit`, `timestamp`, `usergroup_ids`, `is_edp`, `edp_shipping`, `unlimited_download`, `tracking`, `free_shipping`, `feature_comparison`, `zero_price_action`, `is_pbp`, `is_op`, `is_oper`, `is_returnable`, `return_period`, `avail_since`, `out_of_stock_actions`, `localization`, `min_qty`, `max_qty`, `qty_step`, `list_qty_count`, `tax_ids`, `age_verification`, `age_limit`, `options_type`, `exceptions_type`, `details_layout`, `shipping_params`) VALUES ('1496', '0971164789', 'P', '0', 'A', '0', '299.00', '50', '0.00', '0', '0', '0', '0.00', '1', '1139039402', '0', 'N', 'N', 'N', 'B', 'N', 'N', 'R', 'Y', 'N', 'N', 'Y', '10', '0', 'N', '', '0', '0', '0', '0', '6', 'N', '0', 'P', 'F', '', '');
INSERT INTO cscart_products (`product_id`, `product_code`, `product_type`, `owner_id`, `status`, `company_id`, `list_price`, `amount`, `weight`, `length`, `width`, `height`, `shipping_freight`, `low_avail_limit`, `timestamp`, `usergroup_ids`, `is_edp`, `edp_shipping`, `unlimited_download`, `tracking`, `free_shipping`, `feature_comparison`, `zero_price_action`, `is_pbp`, `is_op`, `is_oper`, `is_returnable`, `return_period`, `avail_since`, `out_of_stock_actions`, `localization`, `min_qty`, `max_qty`, `qty_step`, `list_qty_count`, `tax_ids`, `age_verification`, `age_limit`, `options_type`, `exceptions_type`, `details_layout`, `shipping_params`) VALUES ('1498', '0321303474', 'P', '0', 'A', '0', '39.99', '50', '0.00', '0', '0', '0', '0.00', '1', '1139039402', '0', 'N', 'N', 'N', 'B', 'N', 'N', 'R', 'Y', 'N', 'N', 'Y', '10', '0', 'N', '', '0', '0', '0', '0', '6', 'N', '0', 'P', 'F', '', '');
INSERT INTO cscart_products (`product_id`, `product_code`, `product_type`, `owner_id`, `status`, `company_id`, `list_price`, `amount`, `weight`, `length`, `width`, `height`, `shipping_freight`, `low_avail_limit`, `timestamp`, `usergroup_ids`, `is_edp`, `edp_shipping`, `unlimited_download`, `tracking`, `free_shipping`, `feature_comparison`, `zero_price_action`, `is_pbp`, `is_op`, `is_oper`, `is_returnable`, `return_period`, `avail_since`, `out_of_stock_actions`, `localization`, `min_qty`, `max_qty`, `qty_step`, `list_qty_count`, `tax_ids`, `age_verification`, `age_limit`, `options_type`, `exceptions_type`, `details_layout`, `shipping_params`) VALUES ('1501', '0672327201', 'P', '0', 'A', '0', '44.99', '50', '0.00', '0', '0', '0', '0.00', '1', '1139039402', '0', 'N', 'N', 'N', 'B', 'N', 'N', 'R', 'Y', 'N', 'N', 'Y', '10', '0', 'N', '', '0', '0', '0', '0', '6', 'N', '0', 'P', 'F', '', '');
INSERT INTO cscart_products (`product_id`, `product_code`, `product_type`, `owner_id`, `status`, `company_id`, `list_price`, `amount`, `weight`, `length`, `width`, `height`, `shipping_freight`, `low_avail_limit`, `timestamp`, `usergroup_ids`, `is_edp`, `edp_shipping`, `unlimited_download`, `tracking`, `free_shipping`, `feature_comparison`, `zero_price_action`, `is_pbp`, `is_op`, `is_oper`, `is_returnable`, `return_period`, `avail_since`, `out_of_stock_actions`, `localization`, `min_qty`, `max_qty`, `qty_step`, `list_qty_count`, `tax_ids`, `age_verification`, `age_limit`, `options_type`, `exceptions_type`, `details_layout`, `shipping_params`) VALUES ('1503', '0201485419', 'P', '0', 'A', '0', '164.99', '50', '0.00', '0', '0', '0', '0.00', '1', '1139039402', '0', 'N', 'N', 'N', 'B', 'N', 'N', 'R', 'Y', 'N', 'N', 'Y', '10', '0', 'N', '', '0', '0', '0', '0', '6', 'N', '0', 'P', 'F', '', '');
INSERT INTO cscart_products (`product_id`, `product_code`, `product_type`, `owner_id`, `status`, `company_id`, `list_price`, `amount`, `weight`, `length`, `width`, `height`, `shipping_freight`, `low_avail_limit`, `timestamp`, `usergroup_ids`, `is_edp`, `edp_shipping`, `unlimited_download`, `tracking`, `free_shipping`, `feature_comparison`, `zero_price_action`, `is_pbp`, `is_op`, `is_oper`, `is_returnable`, `return_period`, `avail_since`, `out_of_stock_actions`, `localization`, `min_qty`, `max_qty`, `qty_step`, `list_qty_count`, `tax_ids`, `age_verification`, `age_limit`, `options_type`, `exceptions_type`, `details_layout`, `shipping_params`) VALUES ('1505', '0321294009', 'P', '0', 'A', '0', '45.00', '50', '0.00', '0', '0', '0', '0.00', '1', '1139039402', '0', 'N', 'N', 'N', 'B', 'N', 'N', 'R', 'Y', 'N', 'N', 'Y', '10', '0', 'N', '', '0', '0', '0', '0', '6', 'N', '0', 'P', 'F', '', '');
INSERT INTO cscart_products (`product_id`, `product_code`, `product_type`, `owner_id`, `status`, `company_id`, `list_price`, `amount`, `weight`, `length`, `width`, `height`, `shipping_freight`, `low_avail_limit`, `timestamp`, `usergroup_ids`, `is_edp`, `edp_shipping`, `unlimited_download`, `tracking`, `free_shipping`, `feature_comparison`, `zero_price_action`, `is_pbp`, `is_op`, `is_oper`, `is_returnable`, `return_period`, `avail_since`, `out_of_stock_actions`, `localization`, `min_qty`, `max_qty`, `qty_step`, `list_qty_count`, `tax_ids`, `age_verification`, `age_limit`, `options_type`, `exceptions_type`, `details_layout`, `shipping_params`) VALUES ('1507', '0972967303', 'P', '0', 'A', '0', '79.95', '50', '0.00', '0', '0', '0', '0.00', '1', '1139039402', '0', 'N', 'N', 'N', 'B', 'N', 'N', 'R', 'Y', 'N', 'N', 'Y', '10', '0', 'N', '', '0', '0', '0', '0', '6', 'N', '0', 'P', 'F', '', '');
INSERT INTO cscart_products (`product_id`, `product_code`, `product_type`, `owner_id`, `status`, `company_id`, `list_price`, `amount`, `weight`, `length`, `width`, `height`, `shipping_freight`, `low_avail_limit`, `timestamp`, `usergroup_ids`, `is_edp`, `edp_shipping`, `unlimited_download`, `tracking`, `free_shipping`, `feature_comparison`, `zero_price_action`, `is_pbp`, `is_op`, `is_oper`, `is_returnable`, `return_period`, `avail_since`, `out_of_stock_actions`, `localization`, `min_qty`, `max_qty`, `qty_step`, `list_qty_count`, `tax_ids`, `age_verification`, `age_limit`, `options_type`, `exceptions_type`, `details_layout`, `shipping_params`) VALUES ('1509', '1932709045', 'P', '0', 'A', '0', '69.00', '50', '0.00', '0', '0', '0', '0.00', '1', '1139039402', '0', 'N', 'N', 'N', 'B', 'N', 'N', 'R', 'Y', 'N', 'N', 'Y', '10', '0', 'N', '', '0', '0', '0', '0', '6', 'N', '0', 'P', 'F', '', '');
INSERT INTO cscart_products (`product_id`, `product_code`, `product_type`, `owner_id`, `status`, `company_id`, `list_price`, `amount`, `weight`, `length`, `width`, `height`, `shipping_freight`, `low_avail_limit`, `timestamp`, `usergroup_ids`, `is_edp`, `edp_shipping`, `unlimited_download`, `tracking`, `free_shipping`, `feature_comparison`, `zero_price_action`, `is_pbp`, `is_op`, `is_oper`, `is_returnable`, `return_period`, `avail_since`, `out_of_stock_actions`, `localization`, `min_qty`, `max_qty`, `qty_step`, `list_qty_count`, `tax_ids`, `age_verification`, `age_limit`, `options_type`, `exceptions_type`, `details_layout`, `shipping_params`) VALUES ('1524', 'B0007IRDLO', 'P', '0', 'A', '0', '0.00', '50', '0.00', '0', '0', '0', '0.00', '1', '1139039402', '0', 'N', 'N', 'N', 'B', 'N', 'N', 'R', 'Y', 'N', 'N', 'Y', '10', '0', 'N', '', '0', '0', '0', '0', '6', 'N', '0', 'P', 'F', '', '');
INSERT INTO cscart_products (`product_id`, `product_code`, `product_type`, `owner_id`, `status`, `company_id`, `list_price`, `amount`, `weight`, `length`, `width`, `height`, `shipping_freight`, `low_avail_limit`, `timestamp`, `usergroup_ids`, `is_edp`, `edp_shipping`, `unlimited_download`, `tracking`, `free_shipping`, `feature_comparison`, `zero_price_action`, `is_pbp`, `is_op`, `is_oper`, `is_returnable`, `return_period`, `avail_since`, `out_of_stock_actions`, `localization`, `min_qty`, `max_qty`, `qty_step`, `list_qty_count`, `tax_ids`, `age_verification`, `age_limit`, `options_type`, `exceptions_type`, `details_layout`, `shipping_params`) VALUES ('1526', 'B0007YK3R4', 'P', '0', 'A', '0', '0.00', '50', '0.00', '0', '0', '0', '0.00', '1', '1139039402', '0', 'N', 'N', 'N', 'B', 'N', 'N', 'R', 'Y', 'N', 'N', 'Y', '10', '0', 'N', '', '0', '0', '0', '0', '6', 'N', '0', 'P', 'F', '', '');
INSERT INTO cscart_products (`product_id`, `product_code`, `product_type`, `owner_id`, `status`, `company_id`, `list_price`, `amount`, `weight`, `length`, `width`, `height`, `shipping_freight`, `low_avail_limit`, `timestamp`, `usergroup_ids`, `is_edp`, `edp_shipping`, `unlimited_download`, `tracking`, `free_shipping`, `feature_comparison`, `zero_price_action`, `is_pbp`, `is_op`, `is_oper`, `is_returnable`, `return_period`, `avail_since`, `out_of_stock_actions`, `localization`, `min_qty`, `max_qty`, `qty_step`, `list_qty_count`, `tax_ids`, `age_verification`, `age_limit`, `options_type`, `exceptions_type`, `details_layout`, `shipping_params`) VALUES ('1527', 'B0000A49AE', 'P', '0', 'A', '0', '0.00', '50', '0.00', '0', '0', '0', '0.00', '1', '1139039402', '0', 'N', 'N', 'N', 'B', 'N', 'N', 'R', 'Y', 'N', 'N', 'Y', '10', '0', 'N', '', '0', '0', '0', '0', '6', 'N', '0', 'P', 'F', '', '');
INSERT INTO cscart_products (`product_id`, `product_code`, `product_type`, `owner_id`, `status`, `company_id`, `list_price`, `amount`, `weight`, `length`, `width`, `height`, `shipping_freight`, `low_avail_limit`, `timestamp`, `usergroup_ids`, `is_edp`, `edp_shipping`, `unlimited_download`, `tracking`, `free_shipping`, `feature_comparison`, `zero_price_action`, `is_pbp`, `is_op`, `is_oper`, `is_returnable`, `return_period`, `avail_since`, `out_of_stock_actions`, `localization`, `min_qty`, `max_qty`, `qty_step`, `list_qty_count`, `tax_ids`, `age_verification`, `age_limit`, `options_type`, `exceptions_type`, `details_layout`, `shipping_params`) VALUES ('1529', 'B0002F3OTW', 'P', '0', 'A', '0', '0.00', '50', '0.00', '0', '0', '0', '0.00', '1', '1139039402', '0', 'N', 'N', 'N', 'B', 'N', 'N', 'R', 'Y', 'N', 'N', 'Y', '10', '0', 'N', '', '0', '0', '0', '0', '6', 'N', '0', 'P', 'F', '', '');
INSERT INTO cscart_products (`product_id`, `product_code`, `product_type`, `owner_id`, `status`, `company_id`, `list_price`, `amount`, `weight`, `length`, `width`, `height`, `shipping_freight`, `low_avail_limit`, `timestamp`, `usergroup_ids`, `is_edp`, `edp_shipping`, `unlimited_download`, `tracking`, `free_shipping`, `feature_comparison`, `zero_price_action`, `is_pbp`, `is_op`, `is_oper`, `is_returnable`, `return_period`, `avail_since`, `out_of_stock_actions`, `localization`, `min_qty`, `max_qty`, `qty_step`, `list_qty_count`, `tax_ids`, `age_verification`, `age_limit`, `options_type`, `exceptions_type`, `details_layout`, `shipping_params`) VALUES ('1530', 'B00080LZTW', 'P', '0', 'A', '0', '14.99', '50', '0.00', '0', '0', '0', '0.00', '1', '1139039402', '0', 'N', 'N', 'N', 'B', 'N', 'N', 'R', 'Y', 'N', 'N', 'Y', '10', '0', 'N', '', '0', '0', '0', '0', '6', 'N', '0', 'P', 'F', '', '');
INSERT INTO cscart_products (`product_id`, `product_code`, `product_type`, `owner_id`, `status`, `company_id`, `list_price`, `amount`, `weight`, `length`, `width`, `height`, `shipping_freight`, `low_avail_limit`, `timestamp`, `usergroup_ids`, `is_edp`, `edp_shipping`, `unlimited_download`, `tracking`, `free_shipping`, `feature_comparison`, `zero_price_action`, `is_pbp`, `is_op`, `is_oper`, `is_returnable`, `return_period`, `avail_since`, `out_of_stock_actions`, `localization`, `min_qty`, `max_qty`, `qty_step`, `list_qty_count`, `tax_ids`, `age_verification`, `age_limit`, `options_type`, `exceptions_type`, `details_layout`, `shipping_params`) VALUES ('1533', 'B0002LY9E0', 'P', '0', 'A', '0', '0.00', '50', '0.00', '0', '0', '0', '0.00', '1', '1139039402', '0', 'N', 'N', 'N', 'B', 'N', 'N', 'R', 'Y', 'N', 'N', 'Y', '10', '0', 'N', '', '0', '0', '0', '0', '6', 'N', '0', 'P', 'F', '', '');
INSERT INTO cscart_products (`product_id`, `product_code`, `product_type`, `owner_id`, `status`, `company_id`, `list_price`, `amount`, `weight`, `length`, `width`, `height`, `shipping_freight`, `low_avail_limit`, `timestamp`, `usergroup_ids`, `is_edp`, `edp_shipping`, `unlimited_download`, `tracking`, `free_shipping`, `feature_comparison`, `zero_price_action`, `is_pbp`, `is_op`, `is_oper`, `is_returnable`, `return_period`, `avail_since`, `out_of_stock_actions`, `localization`, `min_qty`, `max_qty`, `qty_step`, `list_qty_count`, `tax_ids`, `age_verification`, `age_limit`, `options_type`, `exceptions_type`, `details_layout`, `shipping_params`) VALUES ('1537', 'B0009IPN4Q', 'P', '0', 'A', '0', '64.95', '50', '0.00', '0', '0', '0', '0.00', '1', '1139039402', '0', 'N', 'N', 'N', 'B', 'N', 'N', 'R', 'Y', 'N', 'N', 'Y', '10', '0', 'N', '', '0', '0', '0', '0', '6', 'N', '0', 'P', 'F', '', '');
INSERT INTO cscart_products (`product_id`, `product_code`, `product_type`, `owner_id`, `status`, `company_id`, `list_price`, `amount`, `weight`, `length`, `width`, `height`, `shipping_freight`, `low_avail_limit`, `timestamp`, `usergroup_ids`, `is_edp`, `edp_shipping`, `unlimited_download`, `tracking`, `free_shipping`, `feature_comparison`, `zero_price_action`, `is_pbp`, `is_op`, `is_oper`, `is_returnable`, `return_period`, `avail_since`, `out_of_stock_actions`, `localization`, `min_qty`, `max_qty`, `qty_step`, `list_qty_count`, `tax_ids`, `age_verification`, `age_limit`, `options_type`, `exceptions_type`, `details_layout`, `shipping_params`) VALUES ('1542', 'B0009IPMVU', 'P', '0', 'A', '0', '59.95', '50', '0.00', '0', '0', '0', '0.00', '1', '1139039402', '0', 'N', 'N', 'N', 'B', 'N', 'N', 'R', 'Y', 'N', 'N', 'Y', '10', '0', 'N', '', '0', '0', '0', '0', '6', 'N', '0', 'P', 'F', '', '');
INSERT INTO cscart_products (`product_id`, `product_code`, `product_type`, `owner_id`, `status`, `company_id`, `list_price`, `amount`, `weight`, `length`, `width`, `height`, `shipping_freight`, `low_avail_limit`, `timestamp`, `usergroup_ids`, `is_edp`, `edp_shipping`, `unlimited_download`, `tracking`, `free_shipping`, `feature_comparison`, `zero_price_action`, `is_pbp`, `is_op`, `is_oper`, `is_returnable`, `return_period`, `avail_since`, `out_of_stock_actions`, `localization`, `min_qty`, `max_qty`, `qty_step`, `list_qty_count`, `tax_ids`, `age_verification`, `age_limit`, `options_type`, `exceptions_type`, `details_layout`, `shipping_params`) VALUES ('1552', 'B0007XFFGE', 'P', '0', 'A', '0', '0.00', '50', '0.00', '0', '0', '0', '0.00', '1', '1139039402', '0', 'N', 'N', 'N', 'B', 'N', 'N', 'R', 'Y', 'N', 'N', 'Y', '10', '0', 'N', '', '0', '0', '0', '0', '6', 'N', '0', 'P', 'F', '', '');
INSERT INTO cscart_products (`product_id`, `product_code`, `product_type`, `owner_id`, `status`, `company_id`, `list_price`, `amount`, `weight`, `length`, `width`, `height`, `shipping_freight`, `low_avail_limit`, `timestamp`, `usergroup_ids`, `is_edp`, `edp_shipping`, `unlimited_download`, `tracking`, `free_shipping`, `feature_comparison`, `zero_price_action`, `is_pbp`, `is_op`, `is_oper`, `is_returnable`, `return_period`, `avail_since`, `out_of_stock_actions`, `localization`, `min_qty`, `max_qty`, `qty_step`, `list_qty_count`, `tax_ids`, `age_verification`, `age_limit`, `options_type`, `exceptions_type`, `details_layout`, `shipping_params`) VALUES ('1553', 'B0001K9MV2', 'P', '0', 'A', '0', '0.00', '50', '0.00', '0', '0', '0', '0.00', '1', '1139039402', '0', 'N', 'N', 'N', 'B', 'N', 'N', 'R', 'Y', 'N', 'N', 'Y', '10', '0', 'N', '', '0', '0', '0', '0', '6', 'N', '0', 'P', 'F', '', '');
INSERT INTO cscart_products (`product_id`, `product_code`, `product_type`, `owner_id`, `status`, `company_id`, `list_price`, `amount`, `weight`, `length`, `width`, `height`, `shipping_freight`, `low_avail_limit`, `timestamp`, `usergroup_ids`, `is_edp`, `edp_shipping`, `unlimited_download`, `tracking`, `free_shipping`, `feature_comparison`, `zero_price_action`, `is_pbp`, `is_op`, `is_oper`, `is_returnable`, `return_period`, `avail_since`, `out_of_stock_actions`, `localization`, `min_qty`, `max_qty`, `qty_step`, `list_qty_count`, `tax_ids`, `age_verification`, `age_limit`, `options_type`, `exceptions_type`, `details_layout`, `shipping_params`) VALUES ('1555', 'B0007OAZ04', 'P', '0', 'A', '0', '0.00', '50', '0.00', '0', '0', '0', '0.00', '1', '1139039402', '0', 'N', 'N', 'N', 'B', 'N', 'N', 'R', 'Y', 'N', 'N', 'Y', '10', '0', 'N', '', '0', '0', '0', '0', '6', 'N', '0', 'P', 'F', '', '');
INSERT INTO cscart_products (`product_id`, `product_code`, `product_type`, `owner_id`, `status`, `company_id`, `list_price`, `amount`, `weight`, `length`, `width`, `height`, `shipping_freight`, `low_avail_limit`, `timestamp`, `usergroup_ids`, `is_edp`, `edp_shipping`, `unlimited_download`, `tracking`, `free_shipping`, `feature_comparison`, `zero_price_action`, `is_pbp`, `is_op`, `is_oper`, `is_returnable`, `return_period`, `avail_since`, `out_of_stock_actions`, `localization`, `min_qty`, `max_qty`, `qty_step`, `list_qty_count`, `tax_ids`, `age_verification`, `age_limit`, `options_type`, `exceptions_type`, `details_layout`, `shipping_params`) VALUES ('1556', 'B0009ALVNQ', 'P', '0', 'A', '0', '0.00', '50', '0.00', '0', '0', '0', '0.00', '1', '1139039402', '0', 'N', 'N', 'N', 'B', 'N', 'N', 'R', 'Y', 'N', 'N', 'Y', '10', '0', 'N', '', '0', '0', '0', '0', '6', 'N', '0', 'P', 'F', '', '');
INSERT INTO cscart_products (`product_id`, `product_code`, `product_type`, `owner_id`, `status`, `company_id`, `list_price`, `amount`, `weight`, `length`, `width`, `height`, `shipping_freight`, `low_avail_limit`, `timestamp`, `usergroup_ids`, `is_edp`, `edp_shipping`, `unlimited_download`, `tracking`, `free_shipping`, `feature_comparison`, `zero_price_action`, `is_pbp`, `is_op`, `is_oper`, `is_returnable`, `return_period`, `avail_since`, `out_of_stock_actions`, `localization`, `min_qty`, `max_qty`, `qty_step`, `list_qty_count`, `tax_ids`, `age_verification`, `age_limit`, `options_type`, `exceptions_type`, `details_layout`, `shipping_params`) VALUES ('1557', 'B0007OAYIW', 'P', '0', 'A', '0', '0.00', '50', '0.00', '0', '0', '0', '0.00', '1', '1139039402', '0', 'N', 'N', 'N', 'B', 'N', 'N', 'R', 'Y', 'N', 'N', 'Y', '10', '0', 'N', '', '0', '0', '0', '0', '6', 'N', '0', 'P', 'F', '', '');
INSERT INTO cscart_products (`product_id`, `product_code`, `product_type`, `owner_id`, `status`, `company_id`, `list_price`, `amount`, `weight`, `length`, `width`, `height`, `shipping_freight`, `low_avail_limit`, `timestamp`, `usergroup_ids`, `is_edp`, `edp_shipping`, `unlimited_download`, `tracking`, `free_shipping`, `feature_comparison`, `zero_price_action`, `is_pbp`, `is_op`, `is_oper`, `is_returnable`, `return_period`, `avail_since`, `out_of_stock_actions`, `localization`, `min_qty`, `max_qty`, `qty_step`, `list_qty_count`, `tax_ids`, `age_verification`, `age_limit`, `options_type`, `exceptions_type`, `details_layout`, `shipping_params`) VALUES ('1560', 'B00024848Y', 'P', '0', 'A', '0', '0.00', '50', '0.00', '0', '0', '0', '0.00', '1', '1139039402', '0', 'N', 'N', 'N', 'B', 'N', 'N', 'R', 'Y', 'N', 'N', 'Y', '10', '0', 'N', '', '0', '0', '0', '0', '6', 'N', '0', 'P', 'F', '', '');
INSERT INTO cscart_products (`product_id`, `product_code`, `product_type`, `owner_id`, `status`, `company_id`, `list_price`, `amount`, `weight`, `length`, `width`, `height`, `shipping_freight`, `low_avail_limit`, `timestamp`, `usergroup_ids`, `is_edp`, `edp_shipping`, `unlimited_download`, `tracking`, `free_shipping`, `feature_comparison`, `zero_price_action`, `is_pbp`, `is_op`, `is_oper`, `is_returnable`, `return_period`, `avail_since`, `out_of_stock_actions`, `localization`, `min_qty`, `max_qty`, `qty_step`, `list_qty_count`, `tax_ids`, `age_verification`, `age_limit`, `options_type`, `exceptions_type`, `details_layout`, `shipping_params`) VALUES ('29761', 'B000F4CUYK', 'P', '0', 'A', '0', '144.99', '50', '0.00', '0', '0', '0', '0.00', '0', '1158323928', '0', 'N', 'N', 'N', 'B', 'N', 'N', 'R', 'Y', 'N', 'N', 'Y', '10', '0', 'N', '', '0', '0', '0', '0', '', 'N', '0', 'P', 'F', '', '');
INSERT INTO cscart_products (`product_id`, `product_code`, `product_type`, `owner_id`, `status`, `company_id`, `list_price`, `amount`, `weight`, `length`, `width`, `height`, `shipping_freight`, `low_avail_limit`, `timestamp`, `usergroup_ids`, `is_edp`, `edp_shipping`, `unlimited_download`, `tracking`, `free_shipping`, `feature_comparison`, `zero_price_action`, `is_pbp`, `is_op`, `is_oper`, `is_returnable`, `return_period`, `avail_since`, `out_of_stock_actions`, `localization`, `min_qty`, `max_qty`, `qty_step`, `list_qty_count`, `tax_ids`, `age_verification`, `age_limit`, `options_type`, `exceptions_type`, `details_layout`, `shipping_params`) VALUES ('29760', 'B0000630TB', 'P', '0', 'A', '0', '79.99', '50', '0.00', '0', '0', '0', '0.00', '0', '1158323630', '0', 'N', 'N', 'N', 'B', 'N', 'N', 'R', 'Y', 'N', 'N', 'Y', '10', '0', 'N', '', '0', '0', '0', '0', '', 'N', '0', 'P', 'F', '', '');
INSERT INTO cscart_products (`product_id`, `product_code`, `product_type`, `owner_id`, `status`, `company_id`, `list_price`, `amount`, `weight`, `length`, `width`, `height`, `shipping_freight`, `low_avail_limit`, `timestamp`, `usergroup_ids`, `is_edp`, `edp_shipping`, `unlimited_download`, `tracking`, `free_shipping`, `feature_comparison`, `zero_price_action`, `is_pbp`, `is_op`, `is_oper`, `is_returnable`, `return_period`, `avail_since`, `out_of_stock_actions`, `localization`, `min_qty`, `max_qty`, `qty_step`, `list_qty_count`, `tax_ids`, `age_verification`, `age_limit`, `options_type`, `exceptions_type`, `details_layout`, `shipping_params`) VALUES ('29759', 'B0002F8SOS', 'P', '0', 'A', '0', '149.99', '50', '0.00', '0', '0', '0', '0.00', '0', '1158323469', '0', 'N', 'N', 'N', 'B', 'N', 'N', 'R', 'Y', 'N', 'N', 'Y', '10', '0', 'N', '', '0', '0', '0', '0', '', 'N', '0', 'P', 'F', '', '');
INSERT INTO cscart_products (`product_id`, `product_code`, `product_type`, `owner_id`, `status`, `company_id`, `list_price`, `amount`, `weight`, `length`, `width`, `height`, `shipping_freight`, `low_avail_limit`, `timestamp`, `usergroup_ids`, `is_edp`, `edp_shipping`, `unlimited_download`, `tracking`, `free_shipping`, `feature_comparison`, `zero_price_action`, `is_pbp`, `is_op`, `is_oper`, `is_returnable`, `return_period`, `avail_since`, `out_of_stock_actions`, `localization`, `min_qty`, `max_qty`, `qty_step`, `list_qty_count`, `tax_ids`, `age_verification`, `age_limit`, `options_type`, `exceptions_type`, `details_layout`, `shipping_params`) VALUES ('29758', 'B0006ITZF2', 'P', '0', 'A', '0', '374.06', '50', '0.00', '0', '0', '0', '0.00', '0', '1158322087', '0', 'N', 'N', 'N', 'B', 'N', 'N', 'R', 'Y', 'N', 'N', 'Y', '10', '0', 'N', '', '0', '0', '0', '0', '', 'N', '0', 'P', 'F', '', '');
INSERT INTO cscart_products (`product_id`, `product_code`, `product_type`, `owner_id`, `status`, `company_id`, `list_price`, `amount`, `weight`, `length`, `width`, `height`, `shipping_freight`, `low_avail_limit`, `timestamp`, `usergroup_ids`, `is_edp`, `edp_shipping`, `unlimited_download`, `tracking`, `free_shipping`, `feature_comparison`, `zero_price_action`, `is_pbp`, `is_op`, `is_oper`, `is_returnable`, `return_period`, `avail_since`, `out_of_stock_actions`, `localization`, `min_qty`, `max_qty`, `qty_step`, `list_qty_count`, `tax_ids`, `age_verification`, `age_limit`, `options_type`, `exceptions_type`, `details_layout`, `shipping_params`) VALUES ('29757', 'B00006HVT4', 'P', '0', 'A', '0', '112.05', '50', '0.00', '0', '0', '0', '0.00', '0', '1158321926', '0', 'N', 'N', 'N', 'B', 'N', 'N', 'R', 'Y', 'N', 'N', 'Y', '10', '0', 'N', '', '0', '0', '0', '0', '', 'N', '0', 'P', 'F', '', '');
INSERT INTO cscart_products (`product_id`, `product_code`, `product_type`, `owner_id`, `status`, `company_id`, `list_price`, `amount`, `weight`, `length`, `width`, `height`, `shipping_freight`, `low_avail_limit`, `timestamp`, `usergroup_ids`, `is_edp`, `edp_shipping`, `unlimited_download`, `tracking`, `free_shipping`, `feature_comparison`, `zero_price_action`, `is_pbp`, `is_op`, `is_oper`, `is_returnable`, `return_period`, `avail_since`, `out_of_stock_actions`, `localization`, `min_qty`, `max_qty`, `qty_step`, `list_qty_count`, `tax_ids`, `age_verification`, `age_limit`, `options_type`, `exceptions_type`, `details_layout`, `shipping_params`) VALUES ('29756', 'B0006GBTI0', 'P', '0', 'A', '0', '0.00', '50', '0.00', '0', '0', '0', '0.00', '0', '1158321742', '0', 'N', 'N', 'N', 'B', 'N', 'N', 'R', 'Y', 'N', 'N', 'Y', '10', '0', 'N', '', '0', '0', '0', '0', '', 'N', '0', 'P', 'F', '', '');
INSERT INTO cscart_products (`product_id`, `product_code`, `product_type`, `owner_id`, `status`, `company_id`, `list_price`, `amount`, `weight`, `length`, `width`, `height`, `shipping_freight`, `low_avail_limit`, `timestamp`, `usergroup_ids`, `is_edp`, `edp_shipping`, `unlimited_download`, `tracking`, `free_shipping`, `feature_comparison`, `zero_price_action`, `is_pbp`, `is_op`, `is_oper`, `is_returnable`, `return_period`, `avail_since`, `out_of_stock_actions`, `localization`, `min_qty`, `max_qty`, `qty_step`, `list_qty_count`, `tax_ids`, `age_verification`, `age_limit`, `options_type`, `exceptions_type`, `details_layout`, `shipping_params`) VALUES ('29755', 'BX80552641', 'P', '0', 'A', '0', '0.00', '50', '0.00', '0', '0', '0', '0.00', '0', '1158320906', '0', 'N', 'N', 'N', 'B', 'N', 'N', 'R', 'Y', 'N', 'N', 'Y', '10', '0', 'N', '', '0', '0', '0', '0', '', 'N', '0', 'P', 'F', '', '');
INSERT INTO cscart_products (`product_id`, `product_code`, `product_type`, `owner_id`, `status`, `company_id`, `list_price`, `amount`, `weight`, `length`, `width`, `height`, `shipping_freight`, `low_avail_limit`, `timestamp`, `usergroup_ids`, `is_edp`, `edp_shipping`, `unlimited_download`, `tracking`, `free_shipping`, `feature_comparison`, `zero_price_action`, `is_pbp`, `is_op`, `is_oper`, `is_returnable`, `return_period`, `avail_since`, `out_of_stock_actions`, `localization`, `min_qty`, `max_qty`, `qty_step`, `list_qty_count`, `tax_ids`, `age_verification`, `age_limit`, `options_type`, `exceptions_type`, `details_layout`, `shipping_params`) VALUES ('29754', 'B000184BLU', 'P', '0', 'A', '0', '227.99', '50', '0.00', '0', '0', '0', '0.00', '0', '1158320465', '0', 'N', 'N', 'N', 'B', 'N', 'N', 'R', 'Y', 'N', 'N', 'Y', '10', '0', 'N', '', '0', '0', '0', '0', '', 'N', '0', 'P', 'F', '', '');
INSERT INTO cscart_products (`product_id`, `product_code`, `product_type`, `owner_id`, `status`, `company_id`, `list_price`, `amount`, `weight`, `length`, `width`, `height`, `shipping_freight`, `low_avail_limit`, `timestamp`, `usergroup_ids`, `is_edp`, `edp_shipping`, `unlimited_download`, `tracking`, `free_shipping`, `feature_comparison`, `zero_price_action`, `is_pbp`, `is_op`, `is_oper`, `is_returnable`, `return_period`, `avail_since`, `out_of_stock_actions`, `localization`, `min_qty`, `max_qty`, `qty_step`, `list_qty_count`, `tax_ids`, `age_verification`, `age_limit`, `options_type`, `exceptions_type`, `details_layout`, `shipping_params`) VALUES ('29753', 'B0009B0KOQ', 'P', '0', 'A', '0', '0.00', '50', '0.00', '0', '0', '0', '0.00', '0', '1158320313', '0', 'N', 'N', 'N', 'B', 'N', 'N', 'R', 'Y', 'N', 'N', 'Y', '10', '0', 'N', '', '0', '0', '0', '0', '', 'N', '0', 'P', 'F', '', '');
INSERT INTO cscart_products (`product_id`, `product_code`, `product_type`, `owner_id`, `status`, `company_id`, `list_price`, `amount`, `weight`, `length`, `width`, `height`, `shipping_freight`, `low_avail_limit`, `timestamp`, `usergroup_ids`, `is_edp`, `edp_shipping`, `unlimited_download`, `tracking`, `free_shipping`, `feature_comparison`, `zero_price_action`, `is_pbp`, `is_op`, `is_oper`, `is_returnable`, `return_period`, `avail_since`, `out_of_stock_actions`, `localization`, `min_qty`, `max_qty`, `qty_step`, `list_qty_count`, `tax_ids`, `age_verification`, `age_limit`, `options_type`, `exceptions_type`, `details_layout`, `shipping_params`) VALUES ('29752', 'B0009XJH8E', 'P', '0', 'A', '0', '146.25', '50', '0.00', '0', '0', '0', '0.00', '0', '1158320109', '0', 'N', 'N', 'N', 'B', 'N', 'N', 'R', 'Y', 'N', 'N', 'Y', '10', '0', 'N', '', '0', '0', '0', '0', '', 'N', '0', 'P', 'F', '', '');
INSERT INTO cscart_products (`product_id`, `product_code`, `product_type`, `owner_id`, `status`, `company_id`, `list_price`, `amount`, `weight`, `length`, `width`, `height`, `shipping_freight`, `low_avail_limit`, `timestamp`, `usergroup_ids`, `is_edp`, `edp_shipping`, `unlimited_download`, `tracking`, `free_shipping`, `feature_comparison`, `zero_price_action`, `is_pbp`, `is_op`, `is_oper`, `is_returnable`, `return_period`, `avail_since`, `out_of_stock_actions`, `localization`, `min_qty`, `max_qty`, `qty_step`, `list_qty_count`, `tax_ids`, `age_verification`, `age_limit`, `options_type`, `exceptions_type`, `details_layout`, `shipping_params`) VALUES ('29751', 'B0009RKLRG', 'P', '0', 'A', '0', '194.99', '50', '0.00', '0', '0', '0', '0.00', '0', '1158319816', '0', 'N', 'N', 'N', 'B', 'N', 'N', 'R', 'Y', 'N', 'N', 'Y', '10', '0', 'N', '', '0', '0', '0', '0', '', 'N', '0', 'P', 'F', '', '');
INSERT INTO cscart_products (`product_id`, `product_code`, `product_type`, `owner_id`, `status`, `company_id`, `list_price`, `amount`, `weight`, `length`, `width`, `height`, `shipping_freight`, `low_avail_limit`, `timestamp`, `usergroup_ids`, `is_edp`, `edp_shipping`, `unlimited_download`, `tracking`, `free_shipping`, `feature_comparison`, `zero_price_action`, `is_pbp`, `is_op`, `is_oper`, `is_returnable`, `return_period`, `avail_since`, `out_of_stock_actions`, `localization`, `min_qty`, `max_qty`, `qty_step`, `list_qty_count`, `tax_ids`, `age_verification`, `age_limit`, `options_type`, `exceptions_type`, `details_layout`, `shipping_params`) VALUES ('29750', 'B0007COBH4', 'P', '0', 'A', '0', '0.00', '50', '0.00', '0', '0', '0', '0.00', '0', '1158319283', '0', 'N', 'N', 'N', 'B', 'N', 'N', 'R', 'Y', 'N', 'N', 'Y', '10', '0', 'N', '', '0', '0', '0', '0', '', 'N', '0', 'P', 'F', '', '');
INSERT INTO cscart_products (`product_id`, `product_code`, `product_type`, `owner_id`, `status`, `company_id`, `list_price`, `amount`, `weight`, `length`, `width`, `height`, `shipping_freight`, `low_avail_limit`, `timestamp`, `usergroup_ids`, `is_edp`, `edp_shipping`, `unlimited_download`, `tracking`, `free_shipping`, `feature_comparison`, `zero_price_action`, `is_pbp`, `is_op`, `is_oper`, `is_returnable`, `return_period`, `avail_since`, `out_of_stock_actions`, `localization`, `min_qty`, `max_qty`, `qty_step`, `list_qty_count`, `tax_ids`, `age_verification`, `age_limit`, `options_type`, `exceptions_type`, `details_layout`, `shipping_params`) VALUES ('29749', 'B000A7921G', 'P', '0', 'A', '0', '0.00', '50', '0.00', '0', '0', '0', '0.00', '0', '1158320652', '0', 'N', 'N', 'N', 'B', 'N', 'N', 'R', 'Y', 'N', 'N', 'Y', '10', '0', 'N', '', '0', '0', '0', '0', '', 'N', '0', 'P', 'F', '', '');
INSERT INTO cscart_products (`product_id`, `product_code`, `product_type`, `owner_id`, `status`, `company_id`, `list_price`, `amount`, `weight`, `length`, `width`, `height`, `shipping_freight`, `low_avail_limit`, `timestamp`, `usergroup_ids`, `is_edp`, `edp_shipping`, `unlimited_download`, `tracking`, `free_shipping`, `feature_comparison`, `zero_price_action`, `is_pbp`, `is_op`, `is_oper`, `is_returnable`, `return_period`, `avail_since`, `out_of_stock_actions`, `localization`, `min_qty`, `max_qty`, `qty_step`, `list_qty_count`, `tax_ids`, `age_verification`, `age_limit`, `options_type`, `exceptions_type`, `details_layout`, `shipping_params`) VALUES ('29748', 'B000GT7P9Y', 'P', '0', 'A', '0', '0.00', '50', '0.00', '0', '0', '0', '0.00', '0', '1158319283', '0', 'N', 'N', 'N', 'B', 'N', 'N', 'R', 'Y', 'N', 'N', 'Y', '10', '0', 'N', '', '0', '0', '0', '0', '', 'N', '0', 'P', 'F', '', '');
INSERT INTO cscart_products (`product_id`, `product_code`, `product_type`, `owner_id`, `status`, `company_id`, `list_price`, `amount`, `weight`, `length`, `width`, `height`, `shipping_freight`, `low_avail_limit`, `timestamp`, `usergroup_ids`, `is_edp`, `edp_shipping`, `unlimited_download`, `tracking`, `free_shipping`, `feature_comparison`, `zero_price_action`, `is_pbp`, `is_op`, `is_oper`, `is_returnable`, `return_period`, `avail_since`, `out_of_stock_actions`, `localization`, `min_qty`, `max_qty`, `qty_step`, `list_qty_count`, `tax_ids`, `age_verification`, `age_limit`, `options_type`, `exceptions_type`, `details_layout`, `shipping_params`) VALUES ('29747', 'B000F3O7NI', 'P', '0', 'A', '0', '0.00', '50', '0.00', '0', '0', '0', '0.00', '0', '1158319283', '0', 'N', 'N', 'N', 'B', 'N', 'N', 'R', 'Y', 'N', 'N', 'Y', '10', '0', 'N', '', '0', '0', '0', '0', '', 'N', '0', 'P', 'F', '', '');
INSERT INTO cscart_products (`product_id`, `product_code`, `product_type`, `owner_id`, `status`, `company_id`, `list_price`, `amount`, `weight`, `length`, `width`, `height`, `shipping_freight`, `low_avail_limit`, `timestamp`, `usergroup_ids`, `is_edp`, `edp_shipping`, `unlimited_download`, `tracking`, `free_shipping`, `feature_comparison`, `zero_price_action`, `is_pbp`, `is_op`, `is_oper`, `is_returnable`, `return_period`, `avail_since`, `out_of_stock_actions`, `localization`, `min_qty`, `max_qty`, `qty_step`, `list_qty_count`, `tax_ids`, `age_verification`, `age_limit`, `options_type`, `exceptions_type`, `details_layout`, `shipping_params`) VALUES ('29746', 'B000F5LVB2', 'P', '0', 'A', '0', '274.61', '50', '0.00', '0', '0', '0', '0.00', '0', '1158319283', '0', 'N', 'N', 'N', 'B', 'N', 'N', 'R', 'Y', 'N', 'N', 'Y', '10', '0', 'N', '', '0', '0', '0', '0', '', 'N', '0', 'P', 'F', '', '');
INSERT INTO cscart_products (`product_id`, `product_code`, `product_type`, `owner_id`, `status`, `company_id`, `list_price`, `amount`, `weight`, `length`, `width`, `height`, `shipping_freight`, `low_avail_limit`, `timestamp`, `usergroup_ids`, `is_edp`, `edp_shipping`, `unlimited_download`, `tracking`, `free_shipping`, `feature_comparison`, `zero_price_action`, `is_pbp`, `is_op`, `is_oper`, `is_returnable`, `return_period`, `avail_since`, `out_of_stock_actions`, `localization`, `min_qty`, `max_qty`, `qty_step`, `list_qty_count`, `tax_ids`, `age_verification`, `age_limit`, `options_type`, `exceptions_type`, `details_layout`, `shipping_params`) VALUES ('29745', 'B0000DFZ5X', 'P', '0', 'A', '0', '0.00', '50', '0.00', '0', '0', '0', '0.00', '0', '1158319344', '0', 'N', 'N', 'N', 'B', 'N', 'N', 'R', 'Y', 'N', 'N', 'Y', '10', '0', 'N', '', '0', '0', '0', '0', '', 'N', '0', 'P', 'F', '', '');
INSERT INTO cscart_products (`product_id`, `product_code`, `product_type`, `owner_id`, `status`, `company_id`, `list_price`, `amount`, `weight`, `length`, `width`, `height`, `shipping_freight`, `low_avail_limit`, `timestamp`, `usergroup_ids`, `is_edp`, `edp_shipping`, `unlimited_download`, `tracking`, `free_shipping`, `feature_comparison`, `zero_price_action`, `is_pbp`, `is_op`, `is_oper`, `is_returnable`, `return_period`, `avail_since`, `out_of_stock_actions`, `localization`, `min_qty`, `max_qty`, `qty_step`, `list_qty_count`, `tax_ids`, `age_verification`, `age_limit`, `options_type`, `exceptions_type`, `details_layout`, `shipping_params`) VALUES ('29744', 'B0009O140C', 'P', '0', 'A', '0', '174.60', '50', '0.00', '0', '0', '0', '0.00', '0', '1158319344', '0', 'N', 'N', 'N', 'B', 'N', 'N', 'R', 'Y', 'N', 'N', 'Y', '10', '0', 'N', '', '0', '0', '0', '0', '', 'N', '0', 'P', 'F', '', '');
INSERT INTO cscart_products (`product_id`, `product_code`, `product_type`, `owner_id`, `status`, `company_id`, `list_price`, `amount`, `weight`, `length`, `width`, `height`, `shipping_freight`, `low_avail_limit`, `timestamp`, `usergroup_ids`, `is_edp`, `edp_shipping`, `unlimited_download`, `tracking`, `free_shipping`, `feature_comparison`, `zero_price_action`, `is_pbp`, `is_op`, `is_oper`, `is_returnable`, `return_period`, `avail_since`, `out_of_stock_actions`, `localization`, `min_qty`, `max_qty`, `qty_step`, `list_qty_count`, `tax_ids`, `age_verification`, `age_limit`, `options_type`, `exceptions_type`, `details_layout`, `shipping_params`) VALUES ('29743', 'B0009VGAI6', 'P', '0', 'A', '0', '0.00', '50', '0.00', '0', '0', '0', '0.00', '0', '1158319344', '0', 'N', 'N', 'N', 'B', 'N', 'N', 'R', 'Y', 'N', 'N', 'Y', '10', '0', 'N', '', '0', '0', '0', '0', '', 'N', '0', 'P', 'F', '', '');
INSERT INTO cscart_products (`product_id`, `product_code`, `product_type`, `owner_id`, `status`, `company_id`, `list_price`, `amount`, `weight`, `length`, `width`, `height`, `shipping_freight`, `low_avail_limit`, `timestamp`, `usergroup_ids`, `is_edp`, `edp_shipping`, `unlimited_download`, `tracking`, `free_shipping`, `feature_comparison`, `zero_price_action`, `is_pbp`, `is_op`, `is_oper`, `is_returnable`, `return_period`, `avail_since`, `out_of_stock_actions`, `localization`, `min_qty`, `max_qty`, `qty_step`, `list_qty_count`, `tax_ids`, `age_verification`, `age_limit`, `options_type`, `exceptions_type`, `details_layout`, `shipping_params`) VALUES ('29768', 'B00005UK8Q', 'P', '0', 'A', '0', '0.00', '50', '0.00', '0', '0', '0', '0.00', '0', '1161072672', '0', 'N', 'N', 'N', 'B', 'N', 'N', 'R', 'Y', 'N', 'N', 'Y', '10', '0', 'N', '', '0', '0', '0', '0', '', 'N', '0', 'P', 'F', '', '');
INSERT INTO cscart_products (`product_id`, `product_code`, `product_type`, `owner_id`, `status`, `company_id`, `list_price`, `amount`, `weight`, `length`, `width`, `height`, `shipping_freight`, `low_avail_limit`, `timestamp`, `usergroup_ids`, `is_edp`, `edp_shipping`, `unlimited_download`, `tracking`, `free_shipping`, `feature_comparison`, `zero_price_action`, `is_pbp`, `is_op`, `is_oper`, `is_returnable`, `return_period`, `avail_since`, `out_of_stock_actions`, `localization`, `min_qty`, `max_qty`, `qty_step`, `list_qty_count`, `tax_ids`, `age_verification`, `age_limit`, `options_type`, `exceptions_type`, `details_layout`, `shipping_params`) VALUES ('29769', 'B000062SU2', 'P', '0', 'A', '0', '119.99', '50', '0.00', '0', '0', '0', '0.00', '0', '1161072672', '0', 'N', 'N', 'N', 'B', 'N', 'N', 'R', 'Y', 'N', 'N', 'Y', '10', '0', 'N', '', '0', '0', '0', '0', '', 'N', '0', 'P', 'F', '', '');
INSERT INTO cscart_products (`product_id`, `product_code`, `product_type`, `owner_id`, `status`, `company_id`, `list_price`, `amount`, `weight`, `length`, `width`, `height`, `shipping_freight`, `low_avail_limit`, `timestamp`, `usergroup_ids`, `is_edp`, `edp_shipping`, `unlimited_download`, `tracking`, `free_shipping`, `feature_comparison`, `zero_price_action`, `is_pbp`, `is_op`, `is_oper`, `is_returnable`, `return_period`, `avail_since`, `out_of_stock_actions`, `localization`, `min_qty`, `max_qty`, `qty_step`, `list_qty_count`, `tax_ids`, `age_verification`, `age_limit`, `options_type`, `exceptions_type`, `details_layout`, `shipping_params`) VALUES ('29776', 'B0009EM13G', 'P', '0', 'A', '0', '217.00', '50', '0.00', '0', '0', '0', '0.00', '0', '1161072672', '0', 'N', 'N', 'N', 'B', 'N', 'N', 'R', 'Y', 'N', 'N', 'Y', '10', '0', 'N', '', '0', '0', '0', '0', '', 'N', '0', 'P', 'F', '', '');
INSERT INTO cscart_products (`product_id`, `product_code`, `product_type`, `owner_id`, `status`, `company_id`, `list_price`, `amount`, `weight`, `length`, `width`, `height`, `shipping_freight`, `low_avail_limit`, `timestamp`, `usergroup_ids`, `is_edp`, `edp_shipping`, `unlimited_download`, `tracking`, `free_shipping`, `feature_comparison`, `zero_price_action`, `is_pbp`, `is_op`, `is_oper`, `is_returnable`, `return_period`, `avail_since`, `out_of_stock_actions`, `localization`, `min_qty`, `max_qty`, `qty_step`, `list_qty_count`, `tax_ids`, `age_verification`, `age_limit`, `options_type`, `exceptions_type`, `details_layout`, `shipping_params`) VALUES ('29777', 'B0009EK5NE', 'P', '0', 'A', '0', '242.00', '50', '0.00', '0', '0', '0', '0.00', '0', '1161072672', '0', 'N', 'N', 'N', 'B', 'N', 'N', 'R', 'Y', 'N', 'N', 'Y', '10', '0', 'N', '', '0', '0', '0', '0', '', 'N', '0', 'P', 'F', '', '');
INSERT INTO cscart_products_categories (`product_id`, `category_id`, `link_type`, `position`) VALUES ('829', '86', 'M', '0');
INSERT INTO cscart_products_categories (`product_id`, `category_id`, `link_type`, `position`) VALUES ('836', '86', 'M', '0');
INSERT INTO cscart_products_categories (`product_id`, `category_id`, `link_type`, `position`) VALUES ('887', '97', 'M', '0');
INSERT INTO cscart_products_categories (`product_id`, `category_id`, `link_type`, `position`) VALUES ('890', '97', 'M', '0');
INSERT INTO cscart_products_categories (`product_id`, `category_id`, `link_type`, `position`) VALUES ('892', '97', 'M', '0');
INSERT INTO cscart_products_categories (`product_id`, `category_id`, `link_type`, `position`) VALUES ('903', '99', 'M', '0');
INSERT INTO cscart_products_categories (`product_id`, `category_id`, `link_type`, `position`) VALUES ('877', '96', 'M', '0');
INSERT INTO cscart_products_categories (`product_id`, `category_id`, `link_type`, `position`) VALUES ('878', '96', 'M', '0');
INSERT INTO cscart_products_categories (`product_id`, `category_id`, `link_type`, `position`) VALUES ('879', '96', 'M', '0');
INSERT INTO cscart_products_categories (`product_id`, `category_id`, `link_type`, `position`) VALUES ('885', '97', 'M', '0');
INSERT INTO cscart_products_categories (`product_id`, `category_id`, `link_type`, `position`) VALUES ('886', '97', 'M', '0');
INSERT INTO cscart_products_categories (`product_id`, `category_id`, `link_type`, `position`) VALUES ('867', '96', 'M', '0');
INSERT INTO cscart_products_categories (`product_id`, `category_id`, `link_type`, `position`) VALUES ('869', '96', 'M', '0');
INSERT INTO cscart_products_categories (`product_id`, `category_id`, `link_type`, `position`) VALUES ('863', '96', 'M', '0');
INSERT INTO cscart_products_categories (`product_id`, `category_id`, `link_type`, `position`) VALUES ('1054', '114', 'M', '0');
INSERT INTO cscart_products_categories (`product_id`, `category_id`, `link_type`, `position`) VALUES ('1052', '114', 'M', '0');
INSERT INTO cscart_products_categories (`product_id`, `category_id`, `link_type`, `position`) VALUES ('1050', '114', 'M', '0');
INSERT INTO cscart_products_categories (`product_id`, `category_id`, `link_type`, `position`) VALUES ('909', '99', 'M', '0');
INSERT INTO cscart_products_categories (`product_id`, `category_id`, `link_type`, `position`) VALUES ('778', '89', 'M', '0');
INSERT INTO cscart_products_categories (`product_id`, `category_id`, `link_type`, `position`) VALUES ('744', '86', 'M', '0');
INSERT INTO cscart_products_categories (`product_id`, `category_id`, `link_type`, `position`) VALUES ('743', '86', 'M', '0');
INSERT INTO cscart_products_categories (`product_id`, `category_id`, `link_type`, `position`) VALUES ('742', '86', 'M', '0');
INSERT INTO cscart_products_categories (`product_id`, `category_id`, `link_type`, `position`) VALUES ('764', '89', 'M', '0');
INSERT INTO cscart_products_categories (`product_id`, `category_id`, `link_type`, `position`) VALUES ('826', '92', 'M', '0');
INSERT INTO cscart_products_categories (`product_id`, `category_id`, `link_type`, `position`) VALUES ('823', '92', 'M', '0');
INSERT INTO cscart_products_categories (`product_id`, `category_id`, `link_type`, `position`) VALUES ('821', '92', 'M', '0');
INSERT INTO cscart_products_categories (`product_id`, `category_id`, `link_type`, `position`) VALUES ('817', '92', 'M', '0');
INSERT INTO cscart_products_categories (`product_id`, `category_id`, `link_type`, `position`) VALUES ('800', '90', 'M', '0');
INSERT INTO cscart_products_categories (`product_id`, `category_id`, `link_type`, `position`) VALUES ('803', '90', 'M', '0');
INSERT INTO cscart_products_categories (`product_id`, `category_id`, `link_type`, `position`) VALUES ('804', '90', 'M', '0');
INSERT INTO cscart_products_categories (`product_id`, `category_id`, `link_type`, `position`) VALUES ('809', '92', 'M', '0');
INSERT INTO cscart_products_categories (`product_id`, `category_id`, `link_type`, `position`) VALUES ('812', '92', 'M', '0');
INSERT INTO cscart_products_categories (`product_id`, `category_id`, `link_type`, `position`) VALUES ('749', '86', 'M', '0');
INSERT INTO cscart_products_categories (`product_id`, `category_id`, `link_type`, `position`) VALUES ('745', '86', 'M', '0');
INSERT INTO cscart_products_categories (`product_id`, `category_id`, `link_type`, `position`) VALUES ('899', '99', 'M', '0');
INSERT INTO cscart_products_categories (`product_id`, `category_id`, `link_type`, `position`) VALUES ('761', '89', 'M', '0');
INSERT INTO cscart_products_categories (`product_id`, `category_id`, `link_type`, `position`) VALUES ('776', '89', 'M', '0');
INSERT INTO cscart_products_categories (`product_id`, `category_id`, `link_type`, `position`) VALUES ('1028', '111', 'M', '0');
INSERT INTO cscart_products_categories (`product_id`, `category_id`, `link_type`, `position`) VALUES ('1060', '115', 'M', '0');
INSERT INTO cscart_products_categories (`product_id`, `category_id`, `link_type`, `position`) VALUES ('1061', '115', 'M', '0');
INSERT INTO cscart_products_categories (`product_id`, `category_id`, `link_type`, `position`) VALUES ('1062', '115', 'M', '0');
INSERT INTO cscart_products_categories (`product_id`, `category_id`, `link_type`, `position`) VALUES ('1064', '116', 'M', '0');
INSERT INTO cscart_products_categories (`product_id`, `category_id`, `link_type`, `position`) VALUES ('1065', '116', 'M', '0');
INSERT INTO cscart_products_categories (`product_id`, `category_id`, `link_type`, `position`) VALUES ('1066', '116', 'M', '0');
INSERT INTO cscart_products_categories (`product_id`, `category_id`, `link_type`, `position`) VALUES ('1067', '116', 'M', '0');
INSERT INTO cscart_products_categories (`product_id`, `category_id`, `link_type`, `position`) VALUES ('1069', '116', 'M', '0');
INSERT INTO cscart_products_categories (`product_id`, `category_id`, `link_type`, `position`) VALUES ('1091', '120', 'M', '0');
INSERT INTO cscart_products_categories (`product_id`, `category_id`, `link_type`, `position`) VALUES ('1094', '120', 'M', '0');
INSERT INTO cscart_products_categories (`product_id`, `category_id`, `link_type`, `position`) VALUES ('1096', '120', 'M', '0');
INSERT INTO cscart_products_categories (`product_id`, `category_id`, `link_type`, `position`) VALUES ('1104', '121', 'M', '0');
INSERT INTO cscart_products_categories (`product_id`, `category_id`, `link_type`, `position`) VALUES ('1106', '121', 'M', '0');
INSERT INTO cscart_products_categories (`product_id`, `category_id`, `link_type`, `position`) VALUES ('1108', '122', 'M', '0');
INSERT INTO cscart_products_categories (`product_id`, `category_id`, `link_type`, `position`) VALUES ('1110', '122', 'M', '0');
INSERT INTO cscart_products_categories (`product_id`, `category_id`, `link_type`, `position`) VALUES ('1115', '122', 'M', '0');
INSERT INTO cscart_products_categories (`product_id`, `category_id`, `link_type`, `position`) VALUES ('1120', '122', 'M', '0');
INSERT INTO cscart_products_categories (`product_id`, `category_id`, `link_type`, `position`) VALUES ('1123', '122', 'M', '0');
INSERT INTO cscart_products_categories (`product_id`, `category_id`, `link_type`, `position`) VALUES ('1139', '99', 'M', '0');
INSERT INTO cscart_products_categories (`product_id`, `category_id`, `link_type`, `position`) VALUES ('1142', '99', 'M', '0');
INSERT INTO cscart_products_categories (`product_id`, `category_id`, `link_type`, `position`) VALUES ('1153', '99', 'M', '0');
INSERT INTO cscart_products_categories (`product_id`, `category_id`, `link_type`, `position`) VALUES ('1163', '122', 'M', '0');
INSERT INTO cscart_products_categories (`product_id`, `category_id`, `link_type`, `position`) VALUES ('1165', '122', 'M', '0');
INSERT INTO cscart_products_categories (`product_id`, `category_id`, `link_type`, `position`) VALUES ('1172', '124', 'M', '0');
INSERT INTO cscart_products_categories (`product_id`, `category_id`, `link_type`, `position`) VALUES ('1188', '124', 'M', '0');
INSERT INTO cscart_products_categories (`product_id`, `category_id`, `link_type`, `position`) VALUES ('1285', '136', 'M', '0');
INSERT INTO cscart_products_categories (`product_id`, `category_id`, `link_type`, `position`) VALUES ('1287', '136', 'M', '0');
INSERT INTO cscart_products_categories (`product_id`, `category_id`, `link_type`, `position`) VALUES ('1291', '136', 'M', '0');
INSERT INTO cscart_products_categories (`product_id`, `category_id`, `link_type`, `position`) VALUES ('1360', '141', 'M', '0');
INSERT INTO cscart_products_categories (`product_id`, `category_id`, `link_type`, `position`) VALUES ('1480', '152', 'M', '0');
INSERT INTO cscart_products_categories (`product_id`, `category_id`, `link_type`, `position`) VALUES ('1481', '152', 'M', '0');
INSERT INTO cscart_products_categories (`product_id`, `category_id`, `link_type`, `position`) VALUES ('1485', '152', 'M', '0');
INSERT INTO cscart_products_categories (`product_id`, `category_id`, `link_type`, `position`) VALUES ('1488', '152', 'M', '0');
INSERT INTO cscart_products_categories (`product_id`, `category_id`, `link_type`, `position`) VALUES ('1490', '152', 'M', '0');
INSERT INTO cscart_products_categories (`product_id`, `category_id`, `link_type`, `position`) VALUES ('1492', '152', 'M', '0');
INSERT INTO cscart_products_categories (`product_id`, `category_id`, `link_type`, `position`) VALUES ('1493', '152', 'M', '0');
INSERT INTO cscart_products_categories (`product_id`, `category_id`, `link_type`, `position`) VALUES ('1496', '153', 'M', '0');
INSERT INTO cscart_products_categories (`product_id`, `category_id`, `link_type`, `position`) VALUES ('1498', '153', 'M', '0');
INSERT INTO cscart_products_categories (`product_id`, `category_id`, `link_type`, `position`) VALUES ('1501', '153', 'M', '0');
INSERT INTO cscart_products_categories (`product_id`, `category_id`, `link_type`, `position`) VALUES ('1503', '153', 'M', '0');
INSERT INTO cscart_products_categories (`product_id`, `category_id`, `link_type`, `position`) VALUES ('1505', '153', 'M', '0');
INSERT INTO cscart_products_categories (`product_id`, `category_id`, `link_type`, `position`) VALUES ('1507', '153', 'M', '0');
INSERT INTO cscart_products_categories (`product_id`, `category_id`, `link_type`, `position`) VALUES ('1509', '153', 'M', '0');
INSERT INTO cscart_products_categories (`product_id`, `category_id`, `link_type`, `position`) VALUES ('1524', '155', 'M', '0');
INSERT INTO cscart_products_categories (`product_id`, `category_id`, `link_type`, `position`) VALUES ('1526', '155', 'M', '0');
INSERT INTO cscart_products_categories (`product_id`, `category_id`, `link_type`, `position`) VALUES ('1527', '155', 'M', '0');
INSERT INTO cscart_products_categories (`product_id`, `category_id`, `link_type`, `position`) VALUES ('1529', '155', 'M', '0');
INSERT INTO cscart_products_categories (`product_id`, `category_id`, `link_type`, `position`) VALUES ('1530', '155', 'M', '0');
INSERT INTO cscart_products_categories (`product_id`, `category_id`, `link_type`, `position`) VALUES ('1533', '89', 'M', '0');
INSERT INTO cscart_products_categories (`product_id`, `category_id`, `link_type`, `position`) VALUES ('1537', '89', 'M', '0');
INSERT INTO cscart_products_categories (`product_id`, `category_id`, `link_type`, `position`) VALUES ('1542', '89', 'M', '0');
INSERT INTO cscart_products_categories (`product_id`, `category_id`, `link_type`, `position`) VALUES ('1552', '139', 'M', '0');
INSERT INTO cscart_products_categories (`product_id`, `category_id`, `link_type`, `position`) VALUES ('1553', '139', 'M', '0');
INSERT INTO cscart_products_categories (`product_id`, `category_id`, `link_type`, `position`) VALUES ('1555', '139', 'M', '0');
INSERT INTO cscart_products_categories (`product_id`, `category_id`, `link_type`, `position`) VALUES ('1556', '139', 'M', '0');
INSERT INTO cscart_products_categories (`product_id`, `category_id`, `link_type`, `position`) VALUES ('1557', '139', 'M', '0');
INSERT INTO cscart_products_categories (`product_id`, `category_id`, `link_type`, `position`) VALUES ('1560', '139', 'M', '0');
INSERT INTO cscart_products_categories (`product_id`, `category_id`, `link_type`, `position`) VALUES ('29761', '161', 'M', '0');
INSERT INTO cscart_products_categories (`product_id`, `category_id`, `link_type`, `position`) VALUES ('29760', '161', 'M', '0');
INSERT INTO cscart_products_categories (`product_id`, `category_id`, `link_type`, `position`) VALUES ('29759', '161', 'M', '0');
INSERT INTO cscart_products_categories (`product_id`, `category_id`, `link_type`, `position`) VALUES ('29758', '159', 'M', '0');
INSERT INTO cscart_products_categories (`product_id`, `category_id`, `link_type`, `position`) VALUES ('29757', '159', 'M', '0');
INSERT INTO cscart_products_categories (`product_id`, `category_id`, `link_type`, `position`) VALUES ('29756', '159', 'M', '0');
INSERT INTO cscart_products_categories (`product_id`, `category_id`, `link_type`, `position`) VALUES ('29755', '158', 'M', '0');
INSERT INTO cscart_products_categories (`product_id`, `category_id`, `link_type`, `position`) VALUES ('29754', '93', 'M', '0');
INSERT INTO cscart_products_categories (`product_id`, `category_id`, `link_type`, `position`) VALUES ('29753', '158', 'M', '0');
INSERT INTO cscart_products_categories (`product_id`, `category_id`, `link_type`, `position`) VALUES ('29752', '158', 'M', '0');
INSERT INTO cscart_products_categories (`product_id`, `category_id`, `link_type`, `position`) VALUES ('29751', '158', 'M', '0');
INSERT INTO cscart_products_categories (`product_id`, `category_id`, `link_type`, `position`) VALUES ('29750', '157', 'M', '0');
INSERT INTO cscart_products_categories (`product_id`, `category_id`, `link_type`, `position`) VALUES ('29749', '157', 'M', '0');
INSERT INTO cscart_products_categories (`product_id`, `category_id`, `link_type`, `position`) VALUES ('29748', '157', 'M', '0');
INSERT INTO cscart_products_categories (`product_id`, `category_id`, `link_type`, `position`) VALUES ('29747', '157', 'M', '0');
INSERT INTO cscart_products_categories (`product_id`, `category_id`, `link_type`, `position`) VALUES ('29746', '157', 'M', '0');
INSERT INTO cscart_products_categories (`product_id`, `category_id`, `link_type`, `position`) VALUES ('29745', '156', 'M', '0');
INSERT INTO cscart_products_categories (`product_id`, `category_id`, `link_type`, `position`) VALUES ('29744', '156', 'M', '0');
INSERT INTO cscart_products_categories (`product_id`, `category_id`, `link_type`, `position`) VALUES ('29743', '156', 'M', '0');
INSERT INTO cscart_products_categories (`product_id`, `category_id`, `link_type`, `position`) VALUES ('29777', '162', 'M', '0');
INSERT INTO cscart_products_categories (`product_id`, `category_id`, `link_type`, `position`) VALUES ('29776', '162', 'M', '0');
INSERT INTO cscart_products_categories (`product_id`, `category_id`, `link_type`, `position`) VALUES ('29768', '164', 'M', '0');
INSERT INTO cscart_products_categories (`product_id`, `category_id`, `link_type`, `position`) VALUES ('29769', '164', 'M', '0');
INSERT INTO cscart_products_categories (`product_id`, `category_id`, `link_type`, `position`) VALUES ('1045', '111', 'M', '10');
INSERT INTO cscart_products_categories (`product_id`, `category_id`, `link_type`, `position`) VALUES ('1030', '111', 'M', '30');
INSERT INTO cscart_products_categories (`product_id`, `category_id`, `link_type`, `position`) VALUES ('1034', '111', 'M', '40');
INSERT INTO cscart_products_categories (`product_id`, `category_id`, `link_type`, `position`) VALUES ('1035', '111', 'M', '50');
INSERT INTO cscart_promotion_descriptions (`promotion_id`, `name`, `short_description`, `detailed_description`, `lang_code`) VALUES ('14', 'DVD 5% off', '', '', 'EN');
INSERT INTO cscart_promotion_descriptions (`promotion_id`, `name`, `short_description`, `detailed_description`, `lang_code`) VALUES ('15', 'Free shipping coupon', '', 'Buy $100+ products and receive free shipping!', 'EN');
INSERT INTO cscart_promotions (`promotion_id`, `company_id`, `conditions`, `bonuses`, `to_date`, `from_date`, `priority`, `stop`, `zone`, `conditions_hash`, `status`, `number_of_usages`, `users_conditions_hash`) VALUES ('14', '0', 'a:3:{s:3:\"set\";s:3:\"all\";s:9:\"set_value\";s:1:\"1\";s:10:\"conditions\";a:1:{i:1;a:3:{s:8:\"operator\";s:2:\"in\";s:9:\"condition\";s:10:\"categories\";s:5:\"value\";s:3:\"111\";}}}', 'a:1:{i:1;a:3:{s:5:\"bonus\";s:16:\"product_discount\";s:14:\"discount_bonus\";s:13:\"to_percentage\";s:14:\"discount_value\";s:2:\"95\";}}', '1250712000', '1219176000', '1', 'N', 'catalog', 'categories=111', 'A', '0', '');
INSERT INTO cscart_promotions (`promotion_id`, `company_id`, `conditions`, `bonuses`, `to_date`, `from_date`, `priority`, `stop`, `zone`, `conditions_hash`, `status`, `number_of_usages`, `users_conditions_hash`) VALUES ('15', '0', 'a:3:{s:3:\"set\";s:3:\"all\";s:9:\"set_value\";s:1:\"1\";s:10:\"conditions\";a:2:{i:1;a:3:{s:8:\"operator\";s:3:\"gte\";s:9:\"condition\";s:8:\"subtotal\";s:5:\"value\";s:3:\"100\";}i:2;a:3:{s:8:\"operator\";s:2:\"eq\";s:9:\"condition\";s:11:\"coupon_code\";s:5:\"value\";s:3:\"123\";}}}', 'a:1:{i:1;a:2:{s:5:\"bonus\";s:13:\"free_shipping\";s:5:\"value\";s:1:\"Y\";}}', '1229716800', '1219176000', '2', 'N', 'cart', 'subtotal=100;coupon_code=123', 'A', '0', '');
INSERT INTO cscart_tag_links (`tag_id`, `object_type`, `object_id`, `user_id`) VALUES ('6', 'P', '1050', '3');
INSERT INTO cscart_tag_links (`tag_id`, `object_type`, `object_id`, `user_id`) VALUES ('7', 'P', '1050', '3');
INSERT INTO cscart_tag_links (`tag_id`, `object_type`, `object_id`, `user_id`) VALUES ('6', 'P', '1052', '3');
INSERT INTO cscart_tag_links (`tag_id`, `object_type`, `object_id`, `user_id`) VALUES ('7', 'P', '1052', '3');
INSERT INTO cscart_tag_links (`tag_id`, `object_type`, `object_id`, `user_id`) VALUES ('6', 'P', '1054', '3');
INSERT INTO cscart_tag_links (`tag_id`, `object_type`, `object_id`, `user_id`) VALUES ('7', 'P', '1054', '3');
INSERT INTO cscart_tag_links (`tag_id`, `object_type`, `object_id`, `user_id`) VALUES ('6', 'P', '1064', '3');
INSERT INTO cscart_tag_links (`tag_id`, `object_type`, `object_id`, `user_id`) VALUES ('8', 'P', '1064', '3');
INSERT INTO cscart_tag_links (`tag_id`, `object_type`, `object_id`, `user_id`) VALUES ('6', 'P', '1065', '3');
INSERT INTO cscart_tag_links (`tag_id`, `object_type`, `object_id`, `user_id`) VALUES ('8', 'P', '1065', '3');
INSERT INTO cscart_tag_links (`tag_id`, `object_type`, `object_id`, `user_id`) VALUES ('6', 'P', '1066', '3');
INSERT INTO cscart_tag_links (`tag_id`, `object_type`, `object_id`, `user_id`) VALUES ('8', 'P', '1066', '3');
INSERT INTO cscart_tag_links (`tag_id`, `object_type`, `object_id`, `user_id`) VALUES ('6', 'P', '1067', '3');
INSERT INTO cscart_tag_links (`tag_id`, `object_type`, `object_id`, `user_id`) VALUES ('8', 'P', '1067', '3');
INSERT INTO cscart_tag_links (`tag_id`, `object_type`, `object_id`, `user_id`) VALUES ('6', 'P', '1069', '3');
INSERT INTO cscart_tag_links (`tag_id`, `object_type`, `object_id`, `user_id`) VALUES ('8', 'P', '1069', '3');
INSERT INTO cscart_tag_links (`tag_id`, `object_type`, `object_id`, `user_id`) VALUES ('10', 'P', '1480', '3');
INSERT INTO cscart_tag_links (`tag_id`, `object_type`, `object_id`, `user_id`) VALUES ('10', 'P', '1481', '3');
INSERT INTO cscart_tag_links (`tag_id`, `object_type`, `object_id`, `user_id`) VALUES ('10', 'P', '1485', '3');
INSERT INTO cscart_tag_links (`tag_id`, `object_type`, `object_id`, `user_id`) VALUES ('10', 'P', '1488', '3');
INSERT INTO cscart_tag_links (`tag_id`, `object_type`, `object_id`, `user_id`) VALUES ('10', 'P', '1490', '3');
INSERT INTO cscart_tag_links (`tag_id`, `object_type`, `object_id`, `user_id`) VALUES ('10', 'P', '1492', '3');
INSERT INTO cscart_tag_links (`tag_id`, `object_type`, `object_id`, `user_id`) VALUES ('10', 'P', '1493', '3');
INSERT INTO cscart_tags (`tag_id`, `tag`, `timestamp`, `status`) VALUES ('8', 'Hard Rock', '1237452422', 'A');
INSERT INTO cscart_tags (`tag_id`, `tag`, `timestamp`, `status`) VALUES ('7', 'Blues', '1237452362', 'A');
INSERT INTO cscart_tags (`tag_id`, `tag`, `timestamp`, `status`) VALUES ('6', 'Music', '1237452362', 'A');
INSERT INTO cscart_tags (`tag_id`, `tag`, `timestamp`, `status`) VALUES ('10', 'Books', '1237452535', 'A');
